npm warn Unknown env config "http-proxy". This will stop working in the next major version of npm.
[2m[WebServer] [22m(node:462) Warning: The 'NO_COLOR' env is ignored due to the 'FORCE_COLOR' env being set.
[2m[WebServer] [22m(Use `node --trace-warnings ...` to show where the warning was created)
[2m[WebServer] [22mnpm warn Unknown env config "http-proxy". This will stop working in the next major version of npm.
[2m[WebServer] [22m(node:475) Warning: The 'NO_COLOR' env is ignored due to the 'FORCE_COLOR' env being set.
[2m[WebServer] [22m(Use `node --trace-warnings ...` to show where the warning was created)

Running 1698 tests using 4 workers

(node:509) Warning: The 'NO_COLOR' env is ignored due to the 'FORCE_COLOR' env being set.
(Use `node --trace-warnings ...` to show where the warning was created)
(node:510) Warning: The 'NO_COLOR' env is ignored due to the 'FORCE_COLOR' env being set.
(Use `node --trace-warnings ...` to show where the warning was created)
(node:517) Warning: The 'NO_COLOR' env is ignored due to the 'FORCE_COLOR' env being set.
(Use `node --trace-warnings ...` to show where the warning was created)
(node:511) Warning: The 'NO_COLOR' env is ignored due to the 'FORCE_COLOR' env being set.
(Use `node --trace-warnings ...` to show where the warning was created)
(node:510) Warning: The 'NO_COLOR' env is ignored due to the 'FORCE_COLOR' env being set.
(Use `node --trace-warnings ...` to show where the warning was created)
(node:511) Warning: The 'NO_COLOR' env is ignored due to the 'FORCE_COLOR' env being set.
(Use `node --trace-warnings ...` to show where the warning was created)
(node:517) Warning: The 'NO_COLOR' env is ignored due to the 'FORCE_COLOR' env being set.
(Use `node --trace-warnings ...` to show where the warning was created)
(node:509) Warning: The 'NO_COLOR' env is ignored due to the 'FORCE_COLOR' env being set.
(Use `node --trace-warnings ...` to show where the warning was created)
  ✓     3 [chromium] › e2e/a11y.spec.ts:34:30 › modules · dark › /agents (2.7s)
  ✓     2 [chromium] › e2e/a11y.spec.ts:34:30 › modules · dark › /code (2.7s)
  ✓     1 [chromium] › e2e/a11y.spec.ts:34:30 › modules · dark › / (3.2s)
  ✓     4 [chromium] › e2e/a11y.spec.ts:34:30 › modules · dark › /specifications (3.0s)
  ✓     6 [chromium] › e2e/a11y.spec.ts:34:30 › modules · dark › /workflow (2.5s)
  ✓     5 [chromium] › e2e/a11y.spec.ts:34:30 › modules · dark › /resources (2.6s)
  ✓     8 [chromium] › e2e/a11y.spec.ts:34:30 › modules · dark › /governance (2.8s)
  ✓     7 [chromium] › e2e/a11y.spec.ts:34:30 › modules · dark › /execution (3.5s)
  ✓     9 [chromium] › e2e/a11y.spec.ts:34:30 › modules · dark › /memory (2.7s)
  ✓    10 [chromium] › e2e/a11y.spec.ts:34:30 › modules · dark › /gateway (2.7s)
  ✓    11 [chromium] › e2e/a11y.spec.ts:34:30 › modules · dark › /collaboration (2.9s)
  ✓    12 [chromium] › e2e/a11y.spec.ts:34:30 › modules · dark › /configuration (2.7s)
  ✓    13 [chromium] › e2e/a11y.spec.ts:34:30 › modules · dark › /identity (2.8s)
  ✓    14 [chromium] › e2e/a11y.spec.ts:34:30 › modules · dark › /tenancy (2.9s)
  ✓    16 [chromium] › e2e/a11y.spec.ts:34:30 › modules · dark › /desktop (2.4s)
  ✓    15 [chromium] › e2e/a11y.spec.ts:34:30 › modules · dark › /saas (2.6s)
  ✓    17 [chromium] › e2e/a11y.spec.ts:34:30 › modules · dark › /observer (2.0s)
  ✓    18 [chromium] › e2e/a11y.spec.ts:34:30 › modules · dark › /connection (2.0s)
  ✓    20 [chromium] › e2e/a11y.spec.ts:34:30 › modules · dark › /definitions/agent (2.1s)
  ✓    19 [chromium] › e2e/a11y.spec.ts:34:30 › modules · dark › /definitions (2.6s)
  ✓    22 [chromium] › e2e/a11y.spec.ts:34:30 › modules · dark › /no-such-view (1.9s)
  ✓    21 [chromium] › e2e/a11y.spec.ts:34:30 › modules · dark › /resources/drafts/mcp-resource (3.0s)
  ✓    23 [chromium] › e2e/a11y.spec.ts:34:30 › modules · light › / (2.4s)
  ✓    24 [chromium] › e2e/a11y.spec.ts:34:30 › modules · light › /specifications (2.4s)
  ✓    25 [chromium] › e2e/a11y.spec.ts:34:30 › modules · light › /code (2.3s)
  ✓    26 [chromium] › e2e/a11y.spec.ts:34:30 › modules · light › /agents (2.2s)
  ✓    27 [chromium] › e2e/a11y.spec.ts:34:30 › modules · light › /resources (2.4s)
  ✓    28 [chromium] › e2e/a11y.spec.ts:34:30 › modules · light › /workflow (2.5s)
  ✓    29 [chromium] › e2e/a11y.spec.ts:34:30 › modules · light › /execution (3.2s)
  ✓    30 [chromium] › e2e/a11y.spec.ts:34:30 › modules · light › /governance (2.9s)
  ✓    31 [chromium] › e2e/a11y.spec.ts:34:30 › modules · light › /memory (2.3s)
  ✓    32 [chromium] › e2e/a11y.spec.ts:34:30 › modules · light › /gateway (2.5s)
  ✓    33 [chromium] › e2e/a11y.spec.ts:34:30 › modules · light › /collaboration (2.5s)
  ✓    34 [chromium] › e2e/a11y.spec.ts:34:30 › modules · light › /configuration (2.3s)
  ✓    35 [chromium] › e2e/a11y.spec.ts:34:30 › modules · light › /identity (2.6s)
  ✓    36 [chromium] › e2e/a11y.spec.ts:34:30 › modules · light › /tenancy (2.3s)
  ✓    37 [chromium] › e2e/a11y.spec.ts:34:30 › modules · light › /saas (2.5s)
  ✓    38 [chromium] › e2e/a11y.spec.ts:34:30 › modules · light › /desktop (2.4s)
  ✓    39 [chromium] › e2e/a11y.spec.ts:34:30 › modules · light › /observer (2.1s)
  ✓    40 [chromium] › e2e/a11y.spec.ts:34:30 › modules · light › /connection (2.2s)
  ✓    41 [chromium] › e2e/a11y.spec.ts:34:30 › modules · light › /definitions (2.5s)
  ✓    42 [chromium] › e2e/a11y.spec.ts:34:30 › modules · light › /definitions/agent (2.4s)
  ✓    43 [chromium] › e2e/a11y.spec.ts:34:30 › modules · light › /resources/drafts/mcp-resource (2.5s)
  ✓    44 [chromium] › e2e/a11y.spec.ts:34:30 › modules · light › /no-such-view (2.0s)
  ✓    45 [chromium] › e2e/a11y.spec.ts:40:26 › all planned views · dark › /sign-in (1.7s)
  ✓    46 [chromium] › e2e/a11y.spec.ts:40:26 › all planned views · dark › /sign-in/help (1.7s)
  ✓    47 [chromium] › e2e/a11y.spec.ts:40:26 › all planned views · dark › /invitations (2.0s)
  ✓    48 [chromium] › e2e/a11y.spec.ts:40:26 › all planned views · dark › /tenancy/onboarding (2.5s)
  ✓    49 [chromium] › e2e/a11y.spec.ts:40:26 › all planned views · dark › /tenancy/projects (2.5s)
  ✓    50 [chromium] › e2e/a11y.spec.ts:40:26 › all planned views · dark › /tenancy/project-new (3.1s)
  ✓    51 [chromium] › e2e/a11y.spec.ts:40:26 › all planned views · dark › /tenancy/setup-complete (2.9s)
  ✓    52 [chromium] › e2e/a11y.spec.ts:40:26 › all planned views · dark › /identity/members (2.9s)
  ✓    53 [chromium] › e2e/a11y.spec.ts:40:26 › all planned views · dark › /identity/invitations (2.8s)
  ✓    55 [chromium] › e2e/a11y.spec.ts:40:26 › all planned views · dark › /identity/role-editor (2.5s)
  ✓    54 [chromium] › e2e/a11y.spec.ts:40:26 › all planned views · dark › /identity/roles (3.2s)
  ✓    56 [chromium] › e2e/a11y.spec.ts:40:26 › all planned views · dark › /identity/access (2.2s)
  ✓    57 [chromium] › e2e/a11y.spec.ts:40:26 › all planned views · dark › /gateway/gateway (2.5s)
  ✓    60 [chromium] › e2e/a11y.spec.ts:40:26 › all planned views · dark › /resources/hub (2.6s)
  ✓    59 [chromium] › e2e/a11y.spec.ts:40:26 › all planned views · dark › /gateway/budgets (2.8s)
  ✓    58 [chromium] › e2e/a11y.spec.ts:40:26 › all planned views · dark › /gateway/routing (3.1s)
  ✓    61 [chromium] › e2e/a11y.spec.ts:40:26 › all planned views · dark › /resources/skills (2.8s)
  ✓    62 [chromium] › e2e/a11y.spec.ts:40:26 › all planned views · dark › /resources/rules (3.0s)
  ✓    64 [chromium] › e2e/a11y.spec.ts:40:26 › all planned views · dark › /resources/hooks (2.9s)
  ✓    63 [chromium] › e2e/a11y.spec.ts:40:26 › all planned views · dark › /resources/plugins (3.2s)
  ✓    65 [chromium] › e2e/a11y.spec.ts:40:26 › all planned views · dark › /resources/sidecars (3.0s)
  ✓    66 [chromium] › e2e/a11y.spec.ts:40:26 › all planned views · dark › /memory/memory (2.5s)
  ✓    67 [chromium] › e2e/a11y.spec.ts:40:26 › all planned views · dark › /memory/memory-settings (2.6s)
  ✓    68 [chromium] › e2e/a11y.spec.ts:40:26 › all planned views · dark › /memory/memory-import (3.0s)
  ✓    69 [chromium] › e2e/a11y.spec.ts:40:26 › all planned views · dark › /memory/curation (2.4s)
  ✓    70 [chromium] › e2e/a11y.spec.ts:40:26 › all planned views · dark › /configuration/settings (2.5s)
  ✓    71 [chromium] › e2e/a11y.spec.ts:40:26 › all planned views · dark › /configuration/runtime-settings (2.5s)
  ✓    72 [chromium] › e2e/a11y.spec.ts:40:26 › all planned views · dark › /configuration/risk-policy (2.9s)
  ✓    73 [chromium] › e2e/a11y.spec.ts:40:26 › all planned views · dark › /code/integrations (2.4s)
  ✓    74 [chromium] › e2e/a11y.spec.ts:40:26 › all planned views · dark › /agents/default-agent (2.4s)
  ✓    75 [chromium] › e2e/a11y.spec.ts:40:26 › all planned views · dark › /resources/sandbox-templates (2.9s)
  ✓    76 [chromium] › e2e/a11y.spec.ts:40:26 › all planned views · dark › /specifications/specs (2.4s)
  ✓    77 [chromium] › e2e/a11y.spec.ts:40:26 › all planned views · dark › /specifications/editor (2.5s)
  ✓    78 [chromium] › e2e/a11y.spec.ts:40:26 › all planned views · dark › /specifications/locked (2.3s)
  ✓    79 [chromium] › e2e/a11y.spec.ts:40:26 › all planned views · dark › /specifications/history (2.3s)
  ✓    80 [chromium] › e2e/a11y.spec.ts:40:26 › all planned views · dark › /specifications/spec-diff (2.3s)
  ✓    81 [chromium] › e2e/a11y.spec.ts:40:26 › all planned views · dark › /specifications/merge (2.4s)
  ✓    82 [chromium] › e2e/a11y.spec.ts:40:26 › all planned views · dark › /code/code (2.3s)
  ✓    83 [chromium] › e2e/a11y.spec.ts:40:26 › all planned views · dark › /code/search-code (2.5s)
  ✓    84 [chromium] › e2e/a11y.spec.ts:40:26 › all planned views · dark › /code/evidence (2.3s)
  ✓    85 [chromium] › e2e/a11y.spec.ts:40:26 › all planned views · dark › /code/scan (2.4s)
  ✓    86 [chromium] › e2e/a11y.spec.ts:40:26 › all planned views · dark › /code/drift (2.2s)
  ✓    87 [chromium] › e2e/a11y.spec.ts:40:26 › all planned views · dark › /memory/memory-prep (2.2s)
  ✓    88 [chromium] › e2e/a11y.spec.ts:40:26 › all planned views · dark › /workflow/plans (2.1s)
  ✓    89 [chromium] › e2e/a11y.spec.ts:40:26 › all planned views · dark › /workflow/plan-detail (2.1s)
  ✓    90 [chromium] › e2e/a11y.spec.ts:40:26 › all planned views · dark › /workflow/workflow (2.7s)
  ✓    91 [chromium] › e2e/a11y.spec.ts:40:26 › all planned views · dark › /agents/agent-compose (2.9s)
  ✓    92 [chromium] › e2e/a11y.spec.ts:40:26 › all planned views · dark › /workflow/meta-agent (2.8s)
  ✓    93 [chromium] › e2e/a11y.spec.ts:40:26 › all planned views · dark › /workflow/contracts (2.9s)
  ✓    94 [chromium] › e2e/a11y.spec.ts:40:26 › all planned views · dark › /execution/runs (2.0s)
  ✓    96 [chromium] › e2e/a11y.spec.ts:40:26 › all planned views · dark › /execution/terminal (2.0s)
  ✓    95 [chromium] › e2e/a11y.spec.ts:40:26 › all planned views · dark › /execution/run-detail (2.4s)
  ✓    97 [chromium] › e2e/a11y.spec.ts:40:26 › all planned views · dark › /execution/activity-tree (2.4s)
  ✓    98 [chromium] › e2e/a11y.spec.ts:40:26 › all planned views · dark › /execution/artifacts (2.0s)
  ✓    99 [chromium] › e2e/a11y.spec.ts:40:26 › all planned views · dark › /execution/snapshot (2.4s)
  ✓   100 [chromium] › e2e/a11y.spec.ts:40:26 › all planned views · dark › /execution/sandboxes (2.2s)
  ✓   101 [chromium] › e2e/a11y.spec.ts:40:26 › all planned views · dark › /execution/locks (2.3s)
  ✓   102 [chromium] › e2e/a11y.spec.ts:40:26 › all planned views · dark › /governance/gates (2.3s)
  ✓   103 [chromium] › e2e/a11y.spec.ts:40:26 › all planned views · dark › /governance/gate-detail (2.2s)
  ✓   104 [chromium] › e2e/a11y.spec.ts:40:26 › all planned views · dark › /governance/gate-medium (2.3s)
  ✓   105 [chromium] › e2e/a11y.spec.ts:40:26 › all planned views · dark › /governance/diff-review (2.4s)
  ✓   106 [chromium] › e2e/a11y.spec.ts:40:26 › all planned views · dark › /governance/security (2.5s)
  ✓   107 [chromium] › e2e/a11y.spec.ts:40:26 › all planned views · dark › /governance/pull-request (2.6s)
  ✓   108 [chromium] › e2e/a11y.spec.ts:40:26 › all planned views · dark › /governance/ci-failed (2.7s)
  ✓   109 [chromium] › e2e/a11y.spec.ts:40:26 › all planned views · dark › /governance/pr-conflict (2.3s)
  ✓   110 [chromium] › e2e/a11y.spec.ts:40:26 › all planned views · dark › /governance/post-merge (2.3s)
  ✓   111 [chromium] › e2e/a11y.spec.ts:40:26 › all planned views · dark › /governance/audit (2.8s)
  ✓   112 [chromium] › e2e/a11y.spec.ts:40:26 › all planned views · dark › /collaboration/notifications (3.2s)
  ✓   113 [chromium] › e2e/a11y.spec.ts:40:26 › all planned views · dark › /code/exceptions (2.9s)
  ✓   114 [chromium] › e2e/a11y.spec.ts:40:26 › all planned views · dark › /code/components (3.1s)
  ✓   117 [chromium] › e2e/a11y.spec.ts:40:26 › all planned views · dark › /identity/invite-identity (2.1s)
  ✓   115 [chromium] › e2e/a11y.spec.ts:40:26 › all planned views · dark › /code/index (3.4s)
  ✓   116 [chromium] › e2e/a11y.spec.ts:40:26 › all planned views · dark › /home/setup-readiness (2.8s)
  ✓   118 [chromium] › e2e/a11y.spec.ts:40:26 › all planned views · dark › /identity/access-revoked (2.5s)
  ✓   119 [chromium] › e2e/a11y.spec.ts:40:26 › all planned views · dark › /tenancy/repo-reconcile (2.2s)
  ✓   120 [chromium] › e2e/a11y.spec.ts:40:26 › all planned views · dark › /gateway/budget-ledger (2.3s)
  ✓   121 [chromium] › e2e/a11y.spec.ts:40:26 › all planned views · dark › /resources/registry-impact (2.2s)
  ✓   122 [chromium] › e2e/a11y.spec.ts:40:26 › all planned views · dark › /memory/memory-lineage (2.3s)
  ✓   123 [chromium] › e2e/a11y.spec.ts:40:26 › all planned views · dark › /workflow/workflow-proposal (3.1s)
  ✓   125 [chromium] › e2e/a11y.spec.ts:40:26 › all planned views · dark › /specifications/stale-merge (3.4s)
  ✓   126 [chromium] › e2e/a11y.spec.ts:40:26 › all planned views · dark › /workflow/input-lineage (3.5s)
  ✓   124 [chromium] › e2e/a11y.spec.ts:40:26 › all planned views · dark › /specifications/draft-recovery (4.1s)
  ✓   127 [chromium] › e2e/a11y.spec.ts:40:26 › all planned views · dark › /code/greenfield (3.4s)
  ✓   128 [chromium] › e2e/a11y.spec.ts:40:26 › all planned views · dark › /workflow/generation-job (3.4s)
  ✓   129 [chromium] › e2e/a11y.spec.ts:40:26 › all planned views · dark › /execution/admission (3.2s)
  ✓   130 [chromium] › e2e/a11y.spec.ts:40:26 › all planned views · dark › /execution/artifact-handoff (3.2s)
  ✓   131 [chromium] › e2e/a11y.spec.ts:40:26 › all planned views · dark › /connection/recovery (2.6s)
  ✓   132 [chromium] › e2e/a11y.spec.ts:40:26 › all planned views · dark › /governance/secret-triage (2.9s)
  ✓   133 [chromium] › e2e/a11y.spec.ts:40:26 › all planned views · dark › /governance/reviewer-eligibility (2.7s)
  ✓   134 [chromium] › e2e/a11y.spec.ts:40:26 › all planned views · dark › /governance/signature-history (2.6s)
  ✓   135 [chromium] › e2e/a11y.spec.ts:40:26 › all planned views · dark › /connection/pr-reconcile (2.6s)
  ✓   137 [chromium] › e2e/a11y.spec.ts:40:26 › all planned views · dark › /execution/cleanup (3.0s)
  ✓   138 [chromium] › e2e/a11y.spec.ts:40:26 › all planned views · dark › /tenancy/offboarding (2.9s)
  ✓   136 [chromium] › e2e/a11y.spec.ts:40:26 › all planned views · dark › /governance/acceptance (3.1s)
  ✓   139 [chromium] › e2e/a11y.spec.ts:40:26 › all planned views · dark › /configuration/policy-impact (3.7s)
  ✓   142 [chromium] › e2e/a11y.spec.ts:40:26 › all planned views · dark › /code/design-journeys (4.6s)
  ✓   140 [chromium] › e2e/a11y.spec.ts:40:26 › all planned views · dark › /observer/incident-recovery (4.7s)
  ✓   141 [chromium] › e2e/a11y.spec.ts:40:26 › all planned views · dark › /code/business-states (5.1s)
  ✓   143 [chromium] › e2e/a11y.spec.ts:40:26 › all planned views · dark › /code/code-symbols (4.0s)
  ✓   144 [chromium] › e2e/a11y.spec.ts:40:26 › all planned views · dark › /memory/ai-context (3.7s)
  ✓   145 [chromium] › e2e/a11y.spec.ts:40:26 › all planned views · dark › /code/ide-states (5.1s)
  ✓   147 [chromium] › e2e/a11y.spec.ts:40:26 › all planned views · dark › /tenancy/workspaces (4.0s)
  ✓   148 [chromium] › e2e/a11y.spec.ts:40:26 › all planned views · dark › /tenancy/workspace-settings (2.7s)
  ✓   146 [chromium] › e2e/a11y.spec.ts:40:26 › all planned views · dark › /tenancy/organizations (6.1s)
  ✓   149 [chromium] › e2e/a11y.spec.ts:40:26 › all planned views · dark › /workflow/workflow-templates (2.7s)
  ✓   150 [chromium] › e2e/a11y.spec.ts:40:26 › all planned views · dark › /specifications/conflicts (2.6s)
  ✓   151 [chromium] › e2e/a11y.spec.ts:40:26 › all planned views · dark › /memory/memory-layers (2.4s)
  ✓   152 [chromium] › e2e/a11y.spec.ts:40:26 › all planned views · dark › /governance/risk-review (2.4s)
  ✓   153 [chromium] › e2e/a11y.spec.ts:40:26 › all planned views · dark › /workflow/wf-review (2.4s)
  ✓   154 [chromium] › e2e/a11y.spec.ts:40:26 › all planned views · dark › /specifications/ide-journeys (2.4s)
  ✓   155 [chromium] › e2e/a11y.spec.ts:40:26 › all planned views · dark › /tenancy/scope-workspaces (2.3s)
  ✓   156 [chromium] › e2e/a11y.spec.ts:40:26 › all planned views · dark › /execution/execution (2.5s)
  ✓   158 [chromium] › e2e/a11y.spec.ts:40:26 › all planned views · dark › /observer/sign-in (1.5s)
  ✓   157 [chromium] › e2e/a11y.spec.ts:40:26 › all planned views · dark › /execution/execution-states (2.4s)
  ✓   159 [chromium] › e2e/a11y.spec.ts:40:26 › all planned views · dark › /observer/obs-overview (2.0s)
  ✓   160 [chromium] › e2e/a11y.spec.ts:40:26 › all planned views · dark › /observer/traces (1.8s)
  ✓   161 [chromium] › e2e/a11y.spec.ts:40:26 › all planned views · dark › /observer/trace-detail (2.0s)
  ✓   162 [chromium] › e2e/a11y.spec.ts:40:26 › all planned views · dark › /observer/metrics (1.9s)
  ✓   163 [chromium] › e2e/a11y.spec.ts:40:26 › all planned views · dark › /observer/profiler (2.2s)
  ✓   164 [chromium] › e2e/a11y.spec.ts:40:26 › all planned views · dark › /observer/telemetry (2.4s)
  ✓   165 [chromium] › e2e/a11y.spec.ts:40:26 › all planned views · dark › /observer/infra (2.5s)
  ✓   166 [chromium] › e2e/a11y.spec.ts:40:26 › all planned views · dark › /observer/saturation (2.2s)
  ✓   167 [chromium] › e2e/a11y.spec.ts:40:26 › all planned views · dark › /observer/obs-audit (2.4s)
  ✓   168 [chromium] › e2e/a11y.spec.ts:40:26 › all planned views · dark › /observer/exports (2.5s)
  ✓   170 [chromium] › e2e/a11y.spec.ts:40:26 › all planned views · dark › /observer/data-quality (2.7s)
  ✓   169 [chromium] › e2e/a11y.spec.ts:40:26 › all planned views · dark › /observer/index (3.2s)
  ✓   171 [chromium] › e2e/a11y.spec.ts:40:26 › all planned views · dark › /observer/export-job (2.8s)
  ✓   172 [chromium] › e2e/a11y.spec.ts:40:26 › all planned views · dark › /observer/profile-compatibility (2.3s)
  ✓   174 [chromium] › e2e/a11y.spec.ts:40:26 › all planned views · dark › /identity/state-wrong-account (2.4s)
  ✓   173 [chromium] › e2e/a11y.spec.ts:40:26 › all planned views · dark › /observer/diagnostic-handoff (3.3s)
  ✓   175 [chromium] › e2e/a11y.spec.ts:40:26 › all planned views · dark › /identity/state-expired-invitation (2.7s)
  ✓   176 [chromium] › e2e/a11y.spec.ts:40:26 › all planned views · dark › /home/state-access-changed (3.6s)
  ✓   178 [chromium] › e2e/a11y.spec.ts:40:26 › all planned views · dark › /gateway/state-budget-blocked (2.6s)
  ✓   177 [chromium] › e2e/a11y.spec.ts:40:26 › all planned views · dark › /code/state-repo-disconnected (3.5s)
  ✓   179 [chromium] › e2e/a11y.spec.ts:40:26 › all planned views · dark › /agents/state-resource-revoked (2.9s)
  ✓   180 [chromium] › e2e/a11y.spec.ts:40:26 › all planned views · dark › /memory/state-memory-deprecated (3.1s)
  ✓   181 [chromium] › e2e/a11y.spec.ts:40:26 › all planned views · dark › /specifications/state-offline-draft (2.4s)
  ✓   182 [chromium] › e2e/a11y.spec.ts:40:26 › all planned views · dark › /governance/state-merge-stale (2.5s)
  ✓   183 [chromium] › e2e/a11y.spec.ts:40:26 › all planned views · dark › /home/state-input-superseded (2.4s)
  ✓   184 [chromium] › e2e/a11y.spec.ts:40:26 › all planned views · dark › /code/state-empty-repository (2.3s)
  ✓   185 [chromium] › e2e/a11y.spec.ts:40:26 › all planned views · dark › /home/state-generation-failed (2.1s)
  ✓   187 [chromium] › e2e/a11y.spec.ts:40:26 › all planned views · dark › /home/state-artifact-not-durable (2.2s)
  ✓   186 [chromium] › e2e/a11y.spec.ts:40:26 › all planned views · dark › /home/state-checkpoint-required (2.5s)
  ✓   188 [chromium] › e2e/a11y.spec.ts:40:26 › all planned views · dark › /execution/state-snapshot-unavailable (2.5s)
  ✓   189 [chromium] › e2e/a11y.spec.ts:40:26 › all planned views · dark › /code/state-scanner-unavailable (2.5s)
  ✓   190 [chromium] › e2e/a11y.spec.ts:40:26 › all planned views · dark › /governance/state-secret-confirmed (2.7s)
  ✓   191 [chromium] › e2e/a11y.spec.ts:40:26 › all planned views · dark › /identity/state-reviewer-missing (3.7s)
  ✓   192 [chromium] › e2e/a11y.spec.ts:40:26 › all planned views · dark › /home/state-old-head-ci (2.4s)
  ✓   193 [chromium] › e2e/a11y.spec.ts:40:26 › all planned views · dark › /home/state-pr-unknown (2.9s)
  ✓   194 [chromium] › e2e/a11y.spec.ts:40:26 › all planned views · dark › /governance/state-partial-merge (2.6s)
  ✓   195 [chromium] › e2e/a11y.spec.ts:40:26 › all planned views · dark › /governance/state-acceptance-failed (2.2s)
  ✓   196 [chromium] › e2e/a11y.spec.ts:40:26 › all planned views · dark › /governance/state-verification-unknown (2.3s)
  ✓   197 [chromium] › e2e/a11y.spec.ts:40:26 › all planned views · dark › /execution/state-cleanup-held (2.1s)
  ✓   198 [chromium] › e2e/a11y.spec.ts:40:26 › all planned views · dark › /home/state-project-archived (2.3s)
  ✓   199 [chromium] › e2e/a11y.spec.ts:40:26 › all planned views · dark › /home/state-restore-reconcile (2.6s)
  ✓   200 [chromium] › e2e/a11y.spec.ts:40:26 › all planned views · dark › /specifications/ide-state-source-loading (2.6s)
  ✓   201 [chromium] › e2e/a11y.spec.ts:40:26 › all planned views · dark › /specifications/ide-state-source-failed (2.7s)
  ✓   202 [chromium] › e2e/a11y.spec.ts:40:26 › all planned views · dark › /specifications/ide-state-source-denied (2.9s)
  ✓   204 [chromium] › e2e/a11y.spec.ts:40:26 › all planned views · dark › /specifications/ide-state-binary-file (4.5s)
  ✓   205 [chromium] › e2e/a11y.spec.ts:40:26 › all planned views · dark › /specifications/ide-state-large-file (4.4s)
  ✓   203 [chromium] › e2e/a11y.spec.ts:40:26 › all planned views · dark › /specifications/ide-state-source-empty (5.8s)
  ✓   206 [chromium] › e2e/a11y.spec.ts:40:26 › all planned views · dark › /code/ide-state-stale-index (4.3s)
  ✓   207 [chromium] › e2e/a11y.spec.ts:40:26 › all planned views · dark › /code/ide-state-partial-index (3.1s)
  ✓   208 [chromium] › e2e/a11y.spec.ts:40:26 › all planned views · dark › /specifications/ide-state-offline-draft (3.5s)
  ✓   209 [chromium] › e2e/a11y.spec.ts:40:26 › all planned views · dark › /specifications/ide-state-dirty-tab (3.1s)
  ✓   210 [chromium] › e2e/a11y.spec.ts:40:26 › all planned views · dark › /specifications/ide-state-frozen-draft (4.1s)
  ✓   211 [chromium] › e2e/a11y.spec.ts:40:26 › all planned views · dark › /memory/ide-state-stale-context (3.0s)
  ✓   212 [chromium] › e2e/a11y.spec.ts:40:26 › all planned views · dark › /governance/v6-state-spec-acceptance (3.6s)
  ✓   213 [chromium] › e2e/a11y.spec.ts:40:26 › all planned views · dark › /code/v6-state-code-linked-spec (3.6s)
  ✓   214 [chromium] › e2e/a11y.spec.ts:40:26 › all planned views · dark › /memory/v6-state-greenfield-context (3.7s)
  ✓   215 [chromium] › e2e/a11y.spec.ts:40:26 › all planned views · dark › /memory/v6-state-context-confirm (3.8s)
  ✓   216 [chromium] › e2e/a11y.spec.ts:40:26 › all planned views · dark › /workflow/v6-state-multi-spec-plan (3.0s)
  ✓   217 [chromium] › e2e/a11y.spec.ts:40:26 › all planned views · dark › /memory/v6-state-context-review (3.0s)
  ✓   219 [chromium] › e2e/a11y.spec.ts:40:26 › all planned views · dark › /memory/v6-state-scope-confirm (2.8s)
  ✓   218 [chromium] › e2e/a11y.spec.ts:40:26 › all planned views · dark › /memory/v6-state-context-revoked (3.7s)
  ✓   220 [chromium] › e2e/a11y.spec.ts:40:26 › all planned views · dark › /execution/execution-state-empty (2.8s)
  ✓   221 [chromium] › e2e/a11y.spec.ts:40:26 › all planned views · dark › /execution/execution-state-parallel (3.4s)
  ✓   222 [chromium] › e2e/a11y.spec.ts:40:26 › all planned views · dark › /execution/execution-state-checkpoint (2.4s)
  ✓   223 [chromium] › e2e/a11y.spec.ts:40:26 › all planned views · dark › /execution/execution-state-failed (2.6s)
  ✓   224 [chromium] › e2e/a11y.spec.ts:40:26 › all planned views · dark › /gateway/execution-state-budget (2.7s)
  ✓   225 [chromium] › e2e/a11y.spec.ts:40:26 › all planned views · dark › /execution/execution-state-paused (2.4s)
  ✓   226 [chromium] › e2e/a11y.spec.ts:40:26 › all planned views · dark › /execution/execution-state-cleanup-error (2.8s)
  ✓   227 [chromium] › e2e/a11y.spec.ts:40:26 › all planned views · dark › /execution/execution-state-completed (2.9s)
  ✓   228 [chromium] › e2e/a11y.spec.ts:40:26 › all planned views · dark › /execution/execution-detail-terminal (2.6s)
  ✓   229 [chromium] › e2e/a11y.spec.ts:40:26 › all planned views · dark › /execution/execution-detail-artifacts (2.5s)
  ✓   230 [chromium] › e2e/a11y.spec.ts:40:26 › all planned views · dark › /memory/execution-detail-memory (2.4s)
  ✓   231 [chromium] › e2e/a11y.spec.ts:40:26 › all planned views · dark › /execution/execution-command-requested (2.4s)
  ✓   232 [chromium] › e2e/a11y.spec.ts:40:26 › all planned views · dark › /execution/execution-command-accepted (2.3s)
  ✓   233 [chromium] › e2e/a11y.spec.ts:40:26 › all planned views · dark › /connection/execution-command-outcome-unknown (2.3s)
  ✓   234 [chromium] › e2e/a11y.spec.ts:40:26 › all planned views · dark › /execution/execution-dialog-checkpoint (2.6s)
  ✓   235 [chromium] › e2e/a11y.spec.ts:40:26 › all planned views · dark › /execution/execution-dialog-cancel (3.0s)
  ✓   236 [chromium] › e2e/a11y.spec.ts:40:26 › all planned views · dark › /execution/execution-dialog-resume (3.1s)
  ✓   237 [chromium] › e2e/a11y.spec.ts:40:26 › all planned views · dark › /execution/execution-dialog-retry (3.0s)
  ✓   238 [chromium] › e2e/a11y.spec.ts:40:26 › all planned views · dark › /execution/execution-agent-t-01 (2.6s)
  ✓   239 [chromium] › e2e/a11y.spec.ts:40:26 › all planned views · dark › /execution/execution-agent-t-03 (2.8s)
  ✓   240 [chromium] › e2e/a11y.spec.ts:40:26 › all planned views · dark › /execution/execution-agent-t-04 (2.8s)
  ✓   241 [chromium] › e2e/a11y.spec.ts:40:26 › all planned views · dark › /execution/execution-agent-t-05 (2.5s)
  ✓   242 [chromium] › e2e/a11y.spec.ts:40:26 › all planned views · dark › /execution/execution-agent-t-06 (2.6s)
  ✓   243 [chromium] › e2e/a11y.spec.ts:40:26 › all planned views · dark › /execution/execution-agent-t-07 (2.6s)
  ✓   244 [chromium] › e2e/a11y.spec.ts:40:26 › all planned views · dark › /workflow/execution-inspector-context (3.0s)
  ✓   245 [chromium] › e2e/a11y.spec.ts:40:26 › all planned views · dark › /workflow/execution-inspector-access (3.1s)
  ✓   246 [chromium] › e2e/a11y.spec.ts:40:26 › all planned views · dark › /execution/execution-dialog-snapshot (3.2s)
  ✓   247 [chromium] › e2e/a11y.spec.ts:40:26 › all planned views · dark › /workflow/execution-dialog-lineage (3.0s)
  ✓   249 [chromium] › e2e/a11y.spec.ts:40:26 › all planned views · dark › /identity/execution-permission-viewer (2.6s)
  ✓   248 [chromium] › e2e/a11y.spec.ts:40:26 › all planned views · dark › /workflow/execution-dialog-manifest (3.4s)
  ✓   250 [chromium] › e2e/a11y.spec.ts:40:26 › all planned views · dark › /execution/execution-command-approve-gate-requested (3.6s)
  ✓   251 [chromium] › e2e/a11y.spec.ts:40:26 › all planned views · dark › /execution/execution-command-cancel-requested (4.0s)
  ✓   252 [chromium] › e2e/a11y.spec.ts:40:26 › all planned views · dark › /execution/execution-command-resume-requested (5.1s)
  ✓   254 [chromium] › e2e/a11y.spec.ts:40:26 › all planned views · light › /sign-in (3.6s)
  ✓   253 [chromium] › e2e/a11y.spec.ts:40:26 › all planned views · dark › /execution/execution-command-retry-requested (5.6s)
  ✓   255 [chromium] › e2e/a11y.spec.ts:40:26 › all planned views · light › /sign-in/help (2.8s)
  ✓   256 [chromium] › e2e/a11y.spec.ts:40:26 › all planned views · light › /invitations (4.1s)
  ✓   259 [chromium] › e2e/a11y.spec.ts:40:26 › all planned views · light › /tenancy/project-new (3.7s)
  ✓   258 [chromium] › e2e/a11y.spec.ts:40:26 › all planned views · light › /tenancy/projects (5.1s)
  ✓   257 [chromium] › e2e/a11y.spec.ts:40:26 › all planned views · light › /tenancy/onboarding (5.8s)
  ✓   260 [chromium] › e2e/a11y.spec.ts:40:26 › all planned views · light › /tenancy/setup-complete (6.0s)
  ✓   262 [chromium] › e2e/a11y.spec.ts:40:26 › all planned views · light › /identity/invitations (4.3s)
  ✓   261 [chromium] › e2e/a11y.spec.ts:40:26 › all planned views · light › /identity/members (5.9s)
  ✓   263 [chromium] › e2e/a11y.spec.ts:40:26 › all planned views · light › /identity/roles (5.4s)
  ✓   265 [chromium] › e2e/a11y.spec.ts:40:26 › all planned views · light › /identity/access (3.0s)
  ✓   264 [chromium] › e2e/a11y.spec.ts:40:26 › all planned views · light › /identity/role-editor (3.6s)
  ✓   266 [chromium] › e2e/a11y.spec.ts:40:26 › all planned views · light › /gateway/gateway (3.1s)
  ✓   267 [chromium] › e2e/a11y.spec.ts:40:26 › all planned views · light › /gateway/routing (3.8s)
  ✓   270 [chromium] › e2e/a11y.spec.ts:40:26 › all planned views · light › /resources/skills (3.2s)
  ✓   268 [chromium] › e2e/a11y.spec.ts:40:26 › all planned views · light › /gateway/budgets (3.6s)
  ✓   269 [chromium] › e2e/a11y.spec.ts:40:26 › all planned views · light › /resources/hub (3.5s)
  ✓   271 [chromium] › e2e/a11y.spec.ts:40:26 › all planned views · light › /resources/rules (3.2s)
  ✓   272 [chromium] › e2e/a11y.spec.ts:40:26 › all planned views · light › /resources/plugins (3.4s)
  ✓   273 [chromium] › e2e/a11y.spec.ts:40:26 › all planned views · light › /resources/hooks (3.4s)
  ✓   274 [chromium] › e2e/a11y.spec.ts:40:26 › all planned views · light › /resources/sidecars (3.6s)
  ✓   275 [chromium] › e2e/a11y.spec.ts:40:26 › all planned views · light › /memory/memory (3.2s)
  ✓   276 [chromium] › e2e/a11y.spec.ts:40:26 › all planned views · light › /memory/memory-settings (3.1s)
  ✓   277 [chromium] › e2e/a11y.spec.ts:40:26 › all planned views · light › /memory/memory-import (3.3s)
  ✓   278 [chromium] › e2e/a11y.spec.ts:40:26 › all planned views · light › /memory/curation (3.1s)
  ✓   279 [chromium] › e2e/a11y.spec.ts:40:26 › all planned views · light › /configuration/settings (2.9s)
  ✓   280 [chromium] › e2e/a11y.spec.ts:40:26 › all planned views · light › /configuration/runtime-settings (3.6s)
  ✓   282 [chromium] › e2e/a11y.spec.ts:40:26 › all planned views · light › /code/integrations (3.1s)
  ✓   281 [chromium] › e2e/a11y.spec.ts:40:26 › all planned views · light › /configuration/risk-policy (3.9s)
  ✓   283 [chromium] › e2e/a11y.spec.ts:40:26 › all planned views · light › /agents/default-agent (3.3s)
  ✓   284 [chromium] › e2e/a11y.spec.ts:40:26 › all planned views · light › /resources/sandbox-templates (3.0s)
  ✓   285 [chromium] › e2e/a11y.spec.ts:40:26 › all planned views · light › /specifications/specs (3.3s)
  ✓   286 [chromium] › e2e/a11y.spec.ts:40:26 › all planned views · light › /specifications/editor (3.2s)
  ✓   287 [chromium] › e2e/a11y.spec.ts:40:26 › all planned views · light › /specifications/locked (3.1s)
  ✓   288 [chromium] › e2e/a11y.spec.ts:40:26 › all planned views · light › /specifications/history (2.4s)
  ✓   289 [chromium] › e2e/a11y.spec.ts:40:26 › all planned views · light › /specifications/spec-diff (2.7s)
  ✓   290 [chromium] › e2e/a11y.spec.ts:40:26 › all planned views · light › /specifications/merge (2.5s)
  ✓   291 [chromium] › e2e/a11y.spec.ts:40:26 › all planned views · light › /code/code (2.5s)
  ✓   292 [chromium] › e2e/a11y.spec.ts:40:26 › all planned views · light › /code/search-code (2.5s)
  ✓   293 [chromium] › e2e/a11y.spec.ts:40:26 › all planned views · light › /code/evidence (2.5s)
  ✓   294 [chromium] › e2e/a11y.spec.ts:40:26 › all planned views · light › /code/scan (2.8s)
  ✓   295 [chromium] › e2e/a11y.spec.ts:40:26 › all planned views · light › /code/drift (2.7s)
  ✓   296 [chromium] › e2e/a11y.spec.ts:40:26 › all planned views · light › /memory/memory-prep (2.5s)
  ✓   297 [chromium] › e2e/a11y.spec.ts:40:26 › all planned views · light › /workflow/plans (2.2s)
  ✓   298 [chromium] › e2e/a11y.spec.ts:40:26 › all planned views · light › /workflow/plan-detail (2.2s)
  ✓   299 [chromium] › e2e/a11y.spec.ts:40:26 › all planned views · light › /workflow/workflow (2.6s)
  ✓   300 [chromium] › e2e/a11y.spec.ts:40:26 › all planned views · light › /agents/agent-compose (3.2s)
  ✓   301 [chromium] › e2e/a11y.spec.ts:40:26 › all planned views · light › /workflow/meta-agent (3.2s)
  ✓   303 [chromium] › e2e/a11y.spec.ts:40:26 › all planned views · light › /execution/runs (2.3s)
  ✓   302 [chromium] › e2e/a11y.spec.ts:40:26 › all planned views · light › /workflow/contracts (3.0s)
  ✓   304 [chromium] › e2e/a11y.spec.ts:40:26 › all planned views · light › /execution/run-detail (2.5s)
  ✓   305 [chromium] › e2e/a11y.spec.ts:40:26 › all planned views · light › /execution/terminal (2.2s)
  ✓   306 [chromium] › e2e/a11y.spec.ts:40:26 › all planned views · light › /execution/artifacts (2.3s)
  ✓   307 [chromium] › e2e/a11y.spec.ts:40:26 › all planned views · light › /execution/activity-tree (2.5s)
  ✓   308 [chromium] › e2e/a11y.spec.ts:40:26 › all planned views · light › /execution/snapshot (2.3s)
  ✓   309 [chromium] › e2e/a11y.spec.ts:40:26 › all planned views · light › /execution/sandboxes (2.6s)
  ✓   311 [chromium] › e2e/a11y.spec.ts:40:26 › all planned views · light › /governance/gates (2.3s)
  ✓   310 [chromium] › e2e/a11y.spec.ts:40:26 › all planned views · light › /execution/locks (2.6s)
  ✓   312 [chromium] › e2e/a11y.spec.ts:40:26 › all planned views · light › /governance/gate-detail (2.5s)
  ✓   313 [chromium] › e2e/a11y.spec.ts:40:26 › all planned views · light › /governance/gate-medium (2.4s)
  ✓   314 [chromium] › e2e/a11y.spec.ts:40:26 › all planned views · light › /governance/diff-review (2.3s)
  ✓   315 [chromium] › e2e/a11y.spec.ts:40:26 › all planned views · light › /governance/security (2.2s)
  ✓   316 [chromium] › e2e/a11y.spec.ts:40:26 › all planned views · light › /governance/pull-request (2.3s)
  ✓   317 [chromium] › e2e/a11y.spec.ts:40:26 › all planned views · light › /governance/ci-failed (2.2s)
  ✓   318 [chromium] › e2e/a11y.spec.ts:40:26 › all planned views · light › /governance/pr-conflict (2.4s)
  ✓   319 [chromium] › e2e/a11y.spec.ts:40:26 › all planned views · light › /governance/post-merge (2.7s)
  ✓   320 [chromium] › e2e/a11y.spec.ts:40:26 › all planned views · light › /governance/audit (2.6s)
  ✓   321 [chromium] › e2e/a11y.spec.ts:40:26 › all planned views · light › /collaboration/notifications (2.4s)
  ✓   322 [chromium] › e2e/a11y.spec.ts:40:26 › all planned views · light › /code/exceptions (2.4s)
  ✓   323 [chromium] › e2e/a11y.spec.ts:40:26 › all planned views · light › /code/components (2.4s)
  ✓   326 [chromium] › e2e/a11y.spec.ts:40:26 › all planned views · light › /identity/invite-identity (1.8s)
  ✓   325 [chromium] › e2e/a11y.spec.ts:40:26 › all planned views · light › /home/setup-readiness (2.4s)
  ✓   324 [chromium] › e2e/a11y.spec.ts:40:26 › all planned views · light › /code/index (2.6s)
  ✓   327 [chromium] › e2e/a11y.spec.ts:40:26 › all planned views · light › /identity/access-revoked (2.4s)
  ✓   329 [chromium] › e2e/a11y.spec.ts:40:26 › all planned views · light › /gateway/budget-ledger (2.2s)
  ✓   330 [chromium] › e2e/a11y.spec.ts:40:26 › all planned views · light › /resources/registry-impact (2.2s)
  ✓   328 [chromium] › e2e/a11y.spec.ts:40:26 › all planned views · light › /tenancy/repo-reconcile (2.5s)
  ✓   331 [chromium] › e2e/a11y.spec.ts:40:26 › all planned views · light › /memory/memory-lineage (3.1s)
  ✓   332 [chromium] › e2e/a11y.spec.ts:40:26 › all planned views · light › /workflow/workflow-proposal (3.5s)
  ✓   334 [chromium] › e2e/a11y.spec.ts:40:26 › all planned views · light › /specifications/stale-merge (3.3s)
  ✓   333 [chromium] › e2e/a11y.spec.ts:40:26 › all planned views · light › /specifications/draft-recovery (3.7s)
  ✓   335 [chromium] › e2e/a11y.spec.ts:40:26 › all planned views · light › /workflow/input-lineage (3.1s)
  ✓   337 [chromium] › e2e/a11y.spec.ts:40:26 › all planned views · light › /workflow/generation-job (2.3s)
  ✓   336 [chromium] › e2e/a11y.spec.ts:40:26 › all planned views · light › /code/greenfield (2.6s)
  ✓   338 [chromium] › e2e/a11y.spec.ts:40:26 › all planned views · light › /execution/admission (2.9s)
  ✓   339 [chromium] › e2e/a11y.spec.ts:40:26 › all planned views · light › /execution/artifact-handoff (2.4s)
  ✓   340 [chromium] › e2e/a11y.spec.ts:40:26 › all planned views · light › /connection/recovery (2.5s)
  ✓   341 [chromium] › e2e/a11y.spec.ts:40:26 › all planned views · light › /governance/secret-triage (2.5s)
  ✓   342 [chromium] › e2e/a11y.spec.ts:40:26 › all planned views · light › /governance/reviewer-eligibility (2.5s)
  ✓   343 [chromium] › e2e/a11y.spec.ts:40:26 › all planned views · light › /governance/signature-history (2.2s)
  ✓   344 [chromium] › e2e/a11y.spec.ts:40:26 › all planned views · light › /connection/pr-reconcile (2.1s)
  ✓   345 [chromium] › e2e/a11y.spec.ts:40:26 › all planned views · light › /governance/acceptance (2.3s)
  ✓   346 [chromium] › e2e/a11y.spec.ts:40:26 › all planned views · light › /execution/cleanup (2.3s)
  ✓   347 [chromium] › e2e/a11y.spec.ts:40:26 › all planned views · light › /tenancy/offboarding (2.4s)
  ✓   348 [chromium] › e2e/a11y.spec.ts:40:26 › all planned views · light › /configuration/policy-impact (2.4s)
  ✓   349 [chromium] › e2e/a11y.spec.ts:40:26 › all planned views · light › /observer/incident-recovery (2.1s)
  ✓   350 [chromium] › e2e/a11y.spec.ts:40:26 › all planned views · light › /code/business-states (2.5s)
  ✓   351 [chromium] › e2e/a11y.spec.ts:40:26 › all planned views · light › /code/design-journeys (2.4s)
  ✓   353 [chromium] › e2e/a11y.spec.ts:40:26 › all planned views · light › /memory/ai-context (2.6s)
  ✓   352 [chromium] › e2e/a11y.spec.ts:40:26 › all planned views · light › /code/code-symbols (2.8s)
  ✓   355 [chromium] › e2e/a11y.spec.ts:40:26 › all planned views · light › /tenancy/organizations (3.2s)
  ✓   354 [chromium] › e2e/a11y.spec.ts:40:26 › all planned views · light › /code/ide-states (4.1s)
  ✓   356 [chromium] › e2e/a11y.spec.ts:40:26 › all planned views · light › /tenancy/workspaces (4.1s)
  ✓   357 [chromium] › e2e/a11y.spec.ts:40:26 › all planned views · light › /tenancy/workspace-settings (4.4s)
  ✓   358 [chromium] › e2e/a11y.spec.ts:40:26 › all planned views · light › /workflow/workflow-templates (4.6s)
  ✓   359 [chromium] › e2e/a11y.spec.ts:40:26 › all planned views · light › /specifications/conflicts (4.5s)
  ✓   360 [chromium] › e2e/a11y.spec.ts:40:26 › all planned views · light › /memory/memory-layers (3.9s)
  ✓   361 [chromium] › e2e/a11y.spec.ts:40:26 › all planned views · light › /governance/risk-review (4.0s)
  ✓   362 [chromium] › e2e/a11y.spec.ts:40:26 › all planned views · light › /workflow/wf-review (2.9s)
  ✓   363 [chromium] › e2e/a11y.spec.ts:40:26 › all planned views · light › /specifications/ide-journeys (2.9s)
  ✓   364 [chromium] › e2e/a11y.spec.ts:40:26 › all planned views · light › /tenancy/scope-workspaces (2.5s)
  ✓   365 [chromium] › e2e/a11y.spec.ts:40:26 › all planned views · light › /execution/execution (3.0s)
  ✓   367 [chromium] › e2e/a11y.spec.ts:40:26 › all planned views · light › /observer/sign-in (1.8s)
  ✓   366 [chromium] › e2e/a11y.spec.ts:40:26 › all planned views · light › /execution/execution-states (2.6s)
  ✓   368 [chromium] › e2e/a11y.spec.ts:40:26 › all planned views · light › /observer/obs-overview (2.4s)
  ✓   369 [chromium] › e2e/a11y.spec.ts:40:26 › all planned views · light › /observer/traces (2.0s)
  ✓   370 [chromium] › e2e/a11y.spec.ts:40:26 › all planned views · light › /observer/trace-detail (1.8s)
  ✓   371 [chromium] › e2e/a11y.spec.ts:40:26 › all planned views · light › /observer/metrics (1.7s)
  ✓   372 [chromium] › e2e/a11y.spec.ts:40:26 › all planned views · light › /observer/profiler (1.9s)
  ✓   373 [chromium] › e2e/a11y.spec.ts:40:26 › all planned views · light › /observer/telemetry (1.8s)
  ✓   375 [chromium] › e2e/a11y.spec.ts:40:26 › all planned views · light › /observer/saturation (1.9s)
  ✓   374 [chromium] › e2e/a11y.spec.ts:40:26 › all planned views · light › /observer/infra (2.1s)
  ✓   376 [chromium] › e2e/a11y.spec.ts:40:26 › all planned views · light › /observer/obs-audit (1.8s)
  ✓   377 [chromium] › e2e/a11y.spec.ts:40:26 › all planned views · light › /observer/exports (1.9s)
  ✓   378 [chromium] › e2e/a11y.spec.ts:40:26 › all planned views · light › /observer/index (1.8s)
  ✓   379 [chromium] › e2e/a11y.spec.ts:40:26 › all planned views · light › /observer/data-quality (1.9s)
  ✓   380 [chromium] › e2e/a11y.spec.ts:40:26 › all planned views · light › /observer/export-job (1.8s)
  ✓   381 [chromium] › e2e/a11y.spec.ts:40:26 › all planned views · light › /observer/profile-compatibility (1.9s)
  ✓   382 [chromium] › e2e/a11y.spec.ts:40:26 › all planned views · light › /observer/diagnostic-handoff (1.7s)
  ✓   383 [chromium] › e2e/a11y.spec.ts:40:26 › all planned views · light › /identity/state-wrong-account (1.7s)
  ✓   384 [chromium] › e2e/a11y.spec.ts:40:26 › all planned views · light › /identity/state-expired-invitation (1.7s)
  ✓   385 [chromium] › e2e/a11y.spec.ts:40:26 › all planned views · light › /home/state-access-changed (2.1s)
  ✓   386 [chromium] › e2e/a11y.spec.ts:40:26 › all planned views · light › /code/state-repo-disconnected (2.2s)
  ✓   387 [chromium] › e2e/a11y.spec.ts:40:26 › all planned views · light › /gateway/state-budget-blocked (2.2s)
  ✓   388 [chromium] › e2e/a11y.spec.ts:40:26 › all planned views · light › /agents/state-resource-revoked (2.2s)
  ✓   389 [chromium] › e2e/a11y.spec.ts:40:26 › all planned views · light › /memory/state-memory-deprecated (2.0s)
  ✓   390 [chromium] › e2e/a11y.spec.ts:40:26 › all planned views · light › /specifications/state-offline-draft (2.1s)
  ✓   391 [chromium] › e2e/a11y.spec.ts:40:26 › all planned views · light › /governance/state-merge-stale (2.4s)
  ✓   392 [chromium] › e2e/a11y.spec.ts:40:26 › all planned views · light › /home/state-input-superseded (2.1s)
  ✓   393 [chromium] › e2e/a11y.spec.ts:40:26 › all planned views · light › /code/state-empty-repository (2.3s)
  ✓   394 [chromium] › e2e/a11y.spec.ts:40:26 › all planned views · light › /home/state-generation-failed (2.3s)
  ✓   395 [chromium] › e2e/a11y.spec.ts:40:26 › all planned views · light › /home/state-checkpoint-required (2.4s)
  ✓   396 [chromium] › e2e/a11y.spec.ts:40:26 › all planned views · light › /home/state-artifact-not-durable (2.4s)
  ✓   397 [chromium] › e2e/a11y.spec.ts:40:26 › all planned views · light › /execution/state-snapshot-unavailable (2.3s)
  ✓   398 [chromium] › e2e/a11y.spec.ts:40:26 › all planned views · light › /code/state-scanner-unavailable (2.3s)
  ✓   399 [chromium] › e2e/a11y.spec.ts:40:26 › all planned views · light › /governance/state-secret-confirmed (2.2s)
  ✓   400 [chromium] › e2e/a11y.spec.ts:40:26 › all planned views · light › /identity/state-reviewer-missing (2.1s)
  ✓   402 [chromium] › e2e/a11y.spec.ts:40:26 › all planned views · light › /home/state-pr-unknown (1.9s)
  ✓   401 [chromium] › e2e/a11y.spec.ts:40:26 › all planned views · light › /home/state-old-head-ci (2.1s)
  ✓   403 [chromium] › e2e/a11y.spec.ts:40:26 › all planned views · light › /governance/state-partial-merge (2.2s)
  ✓   404 [chromium] › e2e/a11y.spec.ts:40:26 › all planned views · light › /governance/state-acceptance-failed (2.2s)
  ✓   405 [chromium] › e2e/a11y.spec.ts:40:26 › all planned views · light › /governance/state-verification-unknown (2.2s)
  ✓   406 [chromium] › e2e/a11y.spec.ts:40:26 › all planned views · light › /execution/state-cleanup-held (2.2s)
  ✓   407 [chromium] › e2e/a11y.spec.ts:40:26 › all planned views · light › /home/state-project-archived (2.3s)
  ✓   408 [chromium] › e2e/a11y.spec.ts:40:26 › all planned views · light › /home/state-restore-reconcile (2.2s)
  ✓   409 [chromium] › e2e/a11y.spec.ts:40:26 › all planned views · light › /specifications/ide-state-source-loading (2.4s)
  ✓   410 [chromium] › e2e/a11y.spec.ts:40:26 › all planned views · light › /specifications/ide-state-source-failed (2.9s)
  ✓   411 [chromium] › e2e/a11y.spec.ts:40:26 › all planned views · light › /specifications/ide-state-source-denied (2.8s)
  ✓   412 [chromium] › e2e/a11y.spec.ts:40:26 › all planned views · light › /specifications/ide-state-source-empty (2.8s)
  ✓   413 [chromium] › e2e/a11y.spec.ts:40:26 › all planned views · light › /specifications/ide-state-binary-file (2.5s)
  ✓   414 [chromium] › e2e/a11y.spec.ts:40:26 › all planned views · light › /specifications/ide-state-large-file (2.4s)
  ✓   415 [chromium] › e2e/a11y.spec.ts:40:26 › all planned views · light › /code/ide-state-stale-index (3.0s)
  ✓   416 [chromium] › e2e/a11y.spec.ts:40:26 › all planned views · light › /code/ide-state-partial-index (3.8s)
  ✓   418 [chromium] › e2e/a11y.spec.ts:40:26 › all planned views · light › /specifications/ide-state-dirty-tab (3.4s)
  ✓   417 [chromium] › e2e/a11y.spec.ts:40:26 › all planned views · light › /specifications/ide-state-offline-draft (4.8s)
  ✓   419 [chromium] › e2e/a11y.spec.ts:40:26 › all planned views · light › /specifications/ide-state-frozen-draft (5.1s)
  ✓   421 [chromium] › e2e/a11y.spec.ts:40:26 › all planned views · light › /governance/v6-state-spec-acceptance (3.5s)
  ✓   420 [chromium] › e2e/a11y.spec.ts:40:26 › all planned views · light › /memory/ide-state-stale-context (5.5s)
  ✓   423 [chromium] › e2e/a11y.spec.ts:40:26 › all planned views · light › /memory/v6-state-greenfield-context (3.2s)
  ✓   424 [chromium] › e2e/a11y.spec.ts:40:26 › all planned views · light › /memory/v6-state-context-confirm (3.2s)
  ✓   422 [chromium] › e2e/a11y.spec.ts:40:26 › all planned views · light › /code/v6-state-code-linked-spec (5.7s)
  ✓   425 [chromium] › e2e/a11y.spec.ts:40:26 › all planned views · light › /workflow/v6-state-multi-spec-plan (3.1s)
  ✓   426 [chromium] › e2e/a11y.spec.ts:40:26 › all planned views · light › /memory/v6-state-context-review (3.1s)
  ✓   428 [chromium] › e2e/a11y.spec.ts:40:26 › all planned views · light › /memory/v6-state-scope-confirm (2.9s)
  ✓   427 [chromium] › e2e/a11y.spec.ts:40:26 › all planned views · light › /memory/v6-state-context-revoked (3.7s)
  ✓   429 [chromium] › e2e/a11y.spec.ts:40:26 › all planned views · light › /execution/execution-state-empty (2.7s)
  ✓   431 [chromium] › e2e/a11y.spec.ts:40:26 › all planned views · light › /execution/execution-state-checkpoint (2.9s)
  ✓   433 [chromium] › e2e/a11y.spec.ts:40:26 › all planned views · light › /gateway/execution-state-budget (2.7s)
  ✓   432 [chromium] › e2e/a11y.spec.ts:40:26 › all planned views · light › /execution/execution-state-failed (2.9s)
  ✓   430 [chromium] › e2e/a11y.spec.ts:40:26 › all planned views · light › /execution/execution-state-parallel (4.2s)
  ✓   434 [chromium] › e2e/a11y.spec.ts:40:26 › all planned views · light › /execution/execution-state-paused (2.5s)
  ✓   436 [chromium] › e2e/a11y.spec.ts:40:26 › all planned views · light › /execution/execution-state-completed (2.4s)
  ✓   435 [chromium] › e2e/a11y.spec.ts:40:26 › all planned views · light › /execution/execution-state-cleanup-error (2.5s)
  ✓   437 [chromium] › e2e/a11y.spec.ts:40:26 › all planned views · light › /execution/execution-detail-terminal (2.4s)
  ✓   438 [chromium] › e2e/a11y.spec.ts:40:26 › all planned views · light › /execution/execution-detail-artifacts (2.1s)
  ✓   440 [chromium] › e2e/a11y.spec.ts:40:26 › all planned views · light › /execution/execution-command-requested (2.2s)
  ✓   441 [chromium] › e2e/a11y.spec.ts:40:26 › all planned views · light › /execution/execution-command-accepted (2.0s)
  ✓   439 [chromium] › e2e/a11y.spec.ts:40:26 › all planned views · light › /memory/execution-detail-memory (2.4s)
  ✓   442 [chromium] › e2e/a11y.spec.ts:40:26 › all planned views · light › /connection/execution-command-outcome-unknown (2.3s)
  ✓   443 [chromium] › e2e/a11y.spec.ts:40:26 › all planned views · light › /execution/execution-dialog-checkpoint (3.3s)
  ✓   444 [chromium] › e2e/a11y.spec.ts:40:26 › all planned views · light › /execution/execution-dialog-cancel (3.4s)
  ✓   445 [chromium] › e2e/a11y.spec.ts:40:26 › all planned views · light › /execution/execution-dialog-resume (3.9s)
  ✓   446 [chromium] › e2e/a11y.spec.ts:40:26 › all planned views · light › /execution/execution-dialog-retry (4.2s)
  ✓   447 [chromium] › e2e/a11y.spec.ts:40:26 › all planned views · light › /execution/execution-agent-t-01 (3.5s)
  ✓   448 [chromium] › e2e/a11y.spec.ts:40:26 › all planned views · light › /execution/execution-agent-t-03 (3.7s)
  ✓   449 [chromium] › e2e/a11y.spec.ts:40:26 › all planned views · light › /execution/execution-agent-t-04 (3.3s)
  ✓   450 [chromium] › e2e/a11y.spec.ts:40:26 › all planned views · light › /execution/execution-agent-t-05 (2.6s)
  ✓   451 [chromium] › e2e/a11y.spec.ts:40:26 › all planned views · light › /execution/execution-agent-t-06 (2.5s)
  ✓   452 [chromium] › e2e/a11y.spec.ts:40:26 › all planned views · light › /execution/execution-agent-t-07 (2.5s)
  ✓   453 [chromium] › e2e/a11y.spec.ts:40:26 › all planned views · light › /workflow/execution-inspector-context (2.6s)
  ✓   454 [chromium] › e2e/a11y.spec.ts:40:26 › all planned views · light › /workflow/execution-inspector-access (2.9s)
  ✓   455 [chromium] › e2e/a11y.spec.ts:40:26 › all planned views · light › /execution/execution-dialog-snapshot (2.8s)
  ✓   456 [chromium] › e2e/a11y.spec.ts:40:26 › all planned views · light › /workflow/execution-dialog-lineage (2.8s)
  ✓   457 [chromium] › e2e/a11y.spec.ts:40:26 › all planned views · light › /workflow/execution-dialog-manifest (2.7s)
  ✓   458 [chromium] › e2e/a11y.spec.ts:40:26 › all planned views · light › /identity/execution-permission-viewer (2.3s)
  ✓   459 [chromium] › e2e/a11y.spec.ts:40:26 › all planned views · light › /execution/execution-command-approve-gate-requested (2.1s)
  ✓   460 [chromium] › e2e/a11y.spec.ts:40:26 › all planned views · light › /execution/execution-command-cancel-requested (2.4s)
  ✓   461 [chromium] › e2e/a11y.spec.ts:40:26 › all planned views · light › /execution/execution-command-resume-requested (2.1s)
  ✓   462 [chromium] › e2e/a11y.spec.ts:40:26 › all planned views · light › /execution/execution-command-retry-requested (2.2s)
  ✓   464 [chromium] › e2e/definitions.spec.ts:43:1 › unsaved changes are guarded on navigation (1.3s)
  ✓   467 [chromium] › e2e/definitions.spec.ts:117:1 › own saves never raise a conflict; a save from another tab does (2.2s)
  ✓   463 [chromium] › e2e/definitions.spec.ts:3:1 › author, validate, save, compare and archive a definition (5.2s)
PARITY home 18/18
  ✓   468 [chromium] › e2e/figma-parity.spec.ts:57:3 › figma parity home (1.1s)
  ✓   466 [chromium] › e2e/definitions.spec.ts:81:1 › agents workbench follows the Figma frame: tabs, gated lifecycle, readiness and versions (6.0s)
PARITY specifications 27/27
  ✓   469 [chromium] › e2e/figma-parity.spec.ts:57:3 › figma parity specifications (2.5s)
PARITY code 17/17
  ✓   470 [chromium] › e2e/figma-parity.spec.ts:57:3 › figma parity code (2.9s)
PARITY collaboration 29/29
  ✓   471 [chromium] › e2e/figma-parity.spec.ts:57:3 › figma parity collaboration (1.2s)
PARITY agents 21/21
  ✓   472 [chromium] › e2e/figma-parity.spec.ts:57:3 › figma parity agents (1.5s)
PARITY resources 18/19 missing: Endpoint / artifact reference
  ✓   473 [chromium] › e2e/figma-parity.spec.ts:57:3 › figma parity resources (1.5s)
PARITY workflow 17/17
  ✓   474 [chromium] › e2e/figma-parity.spec.ts:57:3 › figma parity workflow (1.6s)
PARITY memory 20/22 missing: Source revision / snapshot | Source digest
  ✓   475 [chromium] › e2e/figma-parity.spec.ts:57:3 › figma parity memory (1.5s)
PARITY execution 35/35
  ✓   476 [chromium] › e2e/figma-parity.spec.ts:57:3 › figma parity execution (1.3s)
PARITY governance 35/35
  ✓   477 [chromium] › e2e/figma-parity.spec.ts:57:3 › figma parity governance (1.3s)
PARITY gateway 31/31
  ✓   478 [chromium] › e2e/figma-parity.spec.ts:57:3 › figma parity gateway (1.5s)
PARITY configuration 18/21 missing: Proposed scope | Policy JSON | Rollback proposal
  ✓   479 [chromium] › e2e/figma-parity.spec.ts:57:3 › figma parity configuration (2.1s)
PARITY identity 28/28
  ✓   480 [chromium] › e2e/figma-parity.spec.ts:57:3 › figma parity identity (2.0s)
PARITY tenancy 27/27
  ✓   481 [chromium] › e2e/figma-parity.spec.ts:57:3 › figma parity tenancy (1.9s)
PARITY saas 30/30
  ✓   482 [chromium] › e2e/figma-parity.spec.ts:57:3 › figma parity saas (1.6s)
PARITY desktop 31/31
  ✓   483 [chromium] › e2e/figma-parity.spec.ts:57:3 › figma parity desktop (1.6s)
PARITY observer 30/30
  ✓   484 [chromium] › e2e/figma-parity.spec.ts:57:3 › figma parity observer (1.1s)
PARITY connection 19/19
  ✓   485 [chromium] › e2e/figma-parity.spec.ts:57:3 › figma parity connection (960ms)
  ✓   487 [chromium] › e2e/ides.spec.ts:63:1 › specifications: preview never runs scripts from Markdown (4.4s)
  ✓   488 [chromium] › e2e/ides.spec.ts:84:1 › code intelligence: import folder, search, outline symbols (7.8s)
  ✓   486 [chromium] › e2e/ides.spec.ts:4:1 › specifications: create, edit, save, outline, preview, history (9.3s)
  ✓   490 [chromium] › e2e/native-states.spec.ts:5:3 › native state SP-Catalog · dark (2.9s)
  ✓   491 [chromium] › e2e/native-states.spec.ts:5:3 › native state SP-Conflict · dark (2.6s)
  ✓   489 [chromium] › e2e/ides.spec.ts:119:1 › workflow: tasks, pinned agent, cycle detection, save (9.1s)
  ✓   492 [chromium] › e2e/native-states.spec.ts:5:3 › native state SP-Freeze · dark (3.8s)
  ✓   493 [chromium] › e2e/native-states.spec.ts:5:3 › native state CI-Coverage · dark (4.4s)
  ✓   494 [chromium] › e2e/native-states.spec.ts:5:3 › native state AG-Readiness · dark (6.4s)
  ✓   495 [chromium] › e2e/native-states.spec.ts:5:3 › native state AG-Guardrails · dark (5.5s)
  ✓   496 [chromium] › e2e/native-states.spec.ts:5:3 › native state RS-MCP · dark (5.2s)
  ✓   498 [chromium] › e2e/native-states.spec.ts:5:3 › native state WF-Task · dark (3.7s)
  ✓   499 [chromium] › e2e/native-states.spec.ts:5:3 › native state EX-TaskAttempt · dark (5.1s)
  ✓   497 [chromium] › e2e/native-states.spec.ts:5:3 › native state MM-Context · dark (7.5s)
  ✓   500 [chromium] › e2e/native-states.spec.ts:5:3 › native state CMD-Unknown · dark (3.2s)
  ✓   465 [chromium] › e2e/definitions.spec.ts:65:1 › every definition type can be created with defaults (FND-004) (42.2s)
  ✓   501 [chromium] › e2e/native-states.spec.ts:5:3 › native state EX-Cleanup · dark (3.1s)
  ✓   502 [chromium] › e2e/native-states.spec.ts:5:3 › native state RV-Acceptance · dark (2.9s)
  ✓   504 [chromium] › e2e/native-states.spec.ts:5:3 › native state CFG-Policy · dark (3.5s)
  ✓   503 [chromium] › e2e/native-states.spec.ts:5:3 › native state IAM-Scope · dark (4.2s)
  ✓   505 [chromium] › e2e/native-states.spec.ts:5:3 › native state SAAS-Budget · dark (3.3s)
  ✓   507 [chromium] › e2e/native-states.spec.ts:5:3 › native state OB-Stale · dark (2.4s)
  ✓   506 [chromium] › e2e/native-states.spec.ts:5:3 › native state DT-Unavailable · dark (3.2s)
  ✓   508 [chromium] › e2e/native-states.spec.ts:5:3 › native state SP-Catalog · light (3.0s)
  ✓   509 [chromium] › e2e/native-states.spec.ts:5:3 › native state SP-Conflict · light (3.4s)
  ✓   511 [chromium] › e2e/native-states.spec.ts:5:3 › native state CI-Coverage · light (3.1s)
  ✓   510 [chromium] › e2e/native-states.spec.ts:5:3 › native state SP-Freeze · light (3.6s)
  ✓   512 [chromium] › e2e/native-states.spec.ts:5:3 › native state AG-Readiness · light (3.2s)
  ✓   513 [chromium] › e2e/native-states.spec.ts:5:3 › native state AG-Guardrails · light (2.8s)
  ✓   515 [chromium] › e2e/native-states.spec.ts:5:3 › native state MM-Context · light (2.8s)
  ✓   514 [chromium] › e2e/native-states.spec.ts:5:3 › native state RS-MCP · light (3.5s)
  ✓   516 [chromium] › e2e/native-states.spec.ts:5:3 › native state WF-Task · light (3.2s)
  ✓   517 [chromium] › e2e/native-states.spec.ts:5:3 › native state EX-TaskAttempt · light (2.8s)
  ✓   518 [chromium] › e2e/native-states.spec.ts:5:3 › native state CMD-Unknown · light (2.9s)
  ✓   519 [chromium] › e2e/native-states.spec.ts:5:3 › native state EX-Cleanup · light (3.0s)
  ✓   520 [chromium] › e2e/native-states.spec.ts:5:3 › native state RV-Acceptance · light (3.6s)
  ✓   521 [chromium] › e2e/native-states.spec.ts:5:3 › native state IAM-Scope · light (3.7s)
  ✓   522 [chromium] › e2e/native-states.spec.ts:5:3 › native state CFG-Policy · light (3.1s)
  ✓   523 [chromium] › e2e/native-states.spec.ts:5:3 › native state SAAS-Budget · light (3.3s)
  ✓   524 [chromium] › e2e/native-states.spec.ts:5:3 › native state DT-Unavailable · light (3.0s)
REALTIME {"presenceObservedMs":193,"environment":"local protocol peer"}
  ✓   525 [chromium] › e2e/native-states.spec.ts:5:3 › native state OB-Stale · light (3.0s)
  ✓   526 [chromium] › e2e/realtime.spec.ts:137:1 › presence arrives through its scoped endpoint and expires from resolved policy (3.2s)
  ✓   530 [chromium] › e2e/realtime.spec.ts:439:1 › resolved policy overrides drive risk and three budget classifications (1.8s)
  -   531 [chromium] › e2e/release.spec.ts:7:1 › every file matches the release manifest byte-for-byte
  -   532 [chromium] › e2e/release.spec.ts:24:1 › security headers and caching
  -   533 [chromium] › e2e/release.spec.ts:37:1 › client routes serve the app; missing files are 404
  ✓   529 [chromium] › e2e/realtime.spec.ts:392:1 › Observer does not restore workspace authority and has independent grants (2.8s)
REALTIME {"crdtPeerObservedMs":28,"environment":"local protocol peer"}
  ✓   534 [chromium] › e2e/scene.spec.ts:8:3 › dedicated ide template without service (2.5s)
  ✓   535 [chromium] › e2e/scene.spec.ts:8:3 › dedicated review template without service (2.3s)
  ✓   527 [chromium] › e2e/realtime.spec.ts:208:1 › scoped DAG, terminal and structured thoughts reject gaps without replaying commands (8.0s)
  ✓   536 [chromium] › e2e/scene.spec.ts:8:3 › dedicated table template without service (2.2s)
  ✓   537 [chromium] › e2e/scene.spec.ts:8:3 › dedicated statepattern template without service (2.3s)
  ✓   528 [chromium] › e2e/realtime.spec.ts:303:1 › Yjs synchronizes two Monaco editors and closes editing on disconnect (9.3s)
  ✓   538 [chromium] › e2e/scene.spec.ts:8:3 › dedicated run template without service (2.8s)
  ✓   539 [chromium] › e2e/scene.spec.ts:8:3 › dedicated observer template without service (2.8s)
  ✓   540 [chromium] › e2e/scene.spec.ts:8:3 › dedicated trace template without service (2.6s)
  ✓   541 [chromium] › e2e/scene.spec.ts:8:3 › dedicated terminal template without service (2.4s)
  ✓   542 [chromium] › e2e/scene.spec.ts:8:3 › dedicated diff template without service (2.8s)
  ✓   543 [chromium] › e2e/scene.spec.ts:8:3 › dedicated merge template without service (2.2s)
  ✓   544 [chromium] › e2e/scene.spec.ts:8:3 › dedicated plan template without service (3.1s)
  ✓   545 [chromium] › e2e/scene.spec.ts:8:3 › dedicated tasklist template without service (2.9s)
  ✓   546 [chromium] › e2e/scene.spec.ts:8:3 › dedicated workflow template without service (2.2s)
  ✓   547 [chromium] › e2e/scene.spec.ts:8:3 › dedicated palette template without service (2.2s)
  ✓   551 [chromium] › e2e/service.spec.ts:117:1 › rejects credentials in the service URL (1.1s)
  ✓   549 [chromium] › e2e/scope-presence.spec.ts:6:49 › scope switch Effective preserves command identity and checks readback (3.2s)
  ✓   550 [chromium] › e2e/scope-presence.spec.ts:6:49 › scope switch Unknown preserves command identity and checks readback (3.2s)
  ✓   548 [chromium] › e2e/scene.spec.ts:29:1 › mobile IDE reveals imported source and switches panels without document overflow (5.0s)
  ✓   554 [chromium] › e2e/service.spec.ts:190:1 › session is restored after a reload from the service cookie session (2.2s)
  ✓   553 [chromium] › e2e/service.spec.ts:165:1 › server error after send is Unknown and never resent (2.6s)
  ✓   555 [chromium] › e2e/service.spec.ts:200:1 › 401 ends the session with a single reconnect notice (FND-005) (1.6s)
  ✓   556 [chromium] › e2e/shell.spec.ts:3:1 › skip link, route focus, title and breadcrumb (1.5s)
  ✓   559 [chromium] › e2e/shell.spec.ts:61:1 › theme preference persists across reloads (1.3s)
  ✓   552 [chromium] › e2e/service.spec.ts:129:1 › connect, inspect a record and send one command per activation (6.8s)
  ✓   560 [chromium] › e2e/shell.spec.ts:74:1 › unknown route shows a not-found page inside the shell (692ms)
  ✓   557 [chromium] › e2e/shell.spec.ts:29:1 › command palette searches views and navigates (3.4s)
  ✓   558 [chromium] › e2e/shell.spec.ts:44:1 › help dialog opens with ? and returns focus (3.6s)
  ✓   561 [chromium] › e2e/shell.spec.ts:89:3 › mobile › navigation drawer (2.7s)
  ✓   562 [chromium] › e2e/shell.spec.ts:113:3 › no horizontal overflow at 320px (5.6s)
  ✓   563 [chromium] › e2e/shell.spec.ts:113:3 › no horizontal overflow at 768px (5.8s)
  ✓   564 [chromium] › e2e/shell.spec.ts:113:3 › no horizontal overflow at 1024px (5.6s)
(node:19971) Warning: The 'NO_COLOR' env is ignored due to the 'FORCE_COLOR' env being set.
(Use `node --trace-warnings ...` to show where the warning was created)
(node:19979) Warning: The 'NO_COLOR' env is ignored due to the 'FORCE_COLOR' env being set.
(Use `node --trace-warnings ...` to show where the warning was created)
  ✓   565 [chromium] › e2e/shell.spec.ts:113:3 › no horizontal overflow at 1280px (5.4s)
(node:19971) Warning: The 'NO_COLOR' env is ignored due to the 'FORCE_COLOR' env being set.
(Use `node --trace-warnings ...` to show where the warning was created)
(node:20002) Warning: The 'NO_COLOR' env is ignored due to the 'FORCE_COLOR' env being set.
(Use `node --trace-warnings ...` to show where the warning was created)
(node:19979) Warning: The 'NO_COLOR' env is ignored due to the 'FORCE_COLOR' env being set.
(Use `node --trace-warnings ...` to show where the warning was created)
(node:20002) Warning: The 'NO_COLOR' env is ignored due to the 'FORCE_COLOR' env being set.
(Use `node --trace-warnings ...` to show where the warning was created)
  ✓   566 [chromium] › e2e/shell.spec.ts:113:3 › no horizontal overflow at 1920px (6.1s)
(node:20516) Warning: The 'NO_COLOR' env is ignored due to the 'FORCE_COLOR' env being set.
(Use `node --trace-warnings ...` to show where the warning was created)
(node:20516) Warning: The 'NO_COLOR' env is ignored due to the 'FORCE_COLOR' env being set.
(Use `node --trace-warnings ...` to show where the warning was created)
  ✓   567 [firefox] › e2e/a11y.spec.ts:34:30 › modules · dark › / (5.3s)
  ✓   568 [firefox] › e2e/a11y.spec.ts:34:30 › modules · dark › /specifications (5.9s)
  ✓   569 [firefox] › e2e/a11y.spec.ts:34:30 › modules · dark › /code (5.7s)
  ✓   570 [firefox] › e2e/a11y.spec.ts:34:30 › modules · dark › /resources (4.1s)
  ✓   572 [firefox] › e2e/a11y.spec.ts:34:30 › modules · dark › /workflow (3.9s)
  ✓   573 [firefox] › e2e/a11y.spec.ts:34:30 › modules · dark › /execution (5.8s)
  ✓   574 [firefox] › e2e/a11y.spec.ts:34:30 › modules · dark › /governance (5.5s)
  ✓   571 [firefox] › e2e/a11y.spec.ts:34:30 › modules · dark › /agents (7.9s)
  ✓   575 [firefox] › e2e/a11y.spec.ts:34:30 › modules · dark › /memory (5.4s)
  ✓   578 [firefox] › e2e/a11y.spec.ts:34:30 › modules · dark › /configuration (4.6s)
  ✓   576 [firefox] › e2e/a11y.spec.ts:34:30 › modules · dark › /gateway (6.9s)
  ✓   577 [firefox] › e2e/a11y.spec.ts:34:30 › modules · dark › /collaboration (5.5s)
  ✓   579 [firefox] › e2e/a11y.spec.ts:34:30 › modules · dark › /identity (6.2s)
  ✓   580 [firefox] › e2e/a11y.spec.ts:34:30 › modules · dark › /tenancy (4.3s)
  ✓   581 [firefox] › e2e/a11y.spec.ts:34:30 › modules · dark › /saas (4.2s)
  ✓   582 [firefox] › e2e/a11y.spec.ts:34:30 › modules · dark › /desktop (4.2s)
  ✓   583 [firefox] › e2e/a11y.spec.ts:34:30 › modules · dark › /observer (3.7s)
  ✓   584 [firefox] › e2e/a11y.spec.ts:34:30 › modules · dark › /connection (4.3s)
  ✓   586 [firefox] › e2e/a11y.spec.ts:34:30 › modules · dark › /definitions/agent (4.4s)
  ✓   585 [firefox] › e2e/a11y.spec.ts:34:30 › modules · dark › /definitions (4.9s)
  ✓   587 [firefox] › e2e/a11y.spec.ts:34:30 › modules · dark › /resources/drafts/mcp-resource (4.7s)
  ✓   588 [firefox] › e2e/a11y.spec.ts:34:30 › modules · dark › /no-such-view (3.2s)
  ✓   590 [firefox] › e2e/a11y.spec.ts:34:30 › modules · light › /specifications (4.3s)
  ✓   589 [firefox] › e2e/a11y.spec.ts:34:30 › modules · light › / (4.6s)
  ✓   591 [firefox] › e2e/a11y.spec.ts:34:30 › modules · light › /code (4.7s)
  ✓   592 [firefox] › e2e/a11y.spec.ts:34:30 › modules · light › /agents (4.4s)
  ✓   594 [firefox] › e2e/a11y.spec.ts:34:30 › modules · light › /workflow (3.6s)
  ✓   593 [firefox] › e2e/a11y.spec.ts:34:30 › modules · light › /resources (4.3s)
  ✓   595 [firefox] › e2e/a11y.spec.ts:34:30 › modules · light › /execution (5.9s)
  ✓   596 [firefox] › e2e/a11y.spec.ts:34:30 › modules · light › /governance (5.8s)
  ✓   597 [firefox] › e2e/a11y.spec.ts:34:30 › modules · light › /memory (4.8s)
  ✓   598 [firefox] › e2e/a11y.spec.ts:34:30 › modules · light › /gateway (5.5s)
  ✓   599 [firefox] › e2e/a11y.spec.ts:34:30 › modules · light › /collaboration (3.9s)
  ✓   600 [firefox] › e2e/a11y.spec.ts:34:30 › modules · light › /configuration (3.7s)
  ✓   601 [firefox] › e2e/a11y.spec.ts:34:30 › modules · light › /identity (3.7s)
  ✓   602 [firefox] › e2e/a11y.spec.ts:34:30 › modules · light › /tenancy (3.6s)
  ✓   605 [firefox] › e2e/a11y.spec.ts:34:30 › modules · light › /observer (3.1s)
  ✓   603 [firefox] › e2e/a11y.spec.ts:34:30 › modules · light › /saas (3.5s)
  ✓   604 [firefox] › e2e/a11y.spec.ts:34:30 › modules · light › /desktop (3.7s)
  ✓   606 [firefox] › e2e/a11y.spec.ts:34:30 › modules · light › /connection (4.0s)
  ✓   608 [firefox] › e2e/a11y.spec.ts:34:30 › modules · light › /definitions/agent (3.5s)
  ✓   607 [firefox] › e2e/a11y.spec.ts:34:30 › modules · light › /definitions (4.2s)
  ✓   609 [firefox] › e2e/a11y.spec.ts:34:30 › modules · light › /resources/drafts/mcp-resource (3.9s)
  ✓   610 [firefox] › e2e/a11y.spec.ts:34:30 › modules · light › /no-such-view (3.8s)
  ✓   611 [firefox] › e2e/a11y.spec.ts:40:26 › all planned views · dark › /sign-in (3.3s)
  ✓   612 [firefox] › e2e/a11y.spec.ts:40:26 › all planned views · dark › /sign-in/help (2.9s)
  ✓   613 [firefox] › e2e/a11y.spec.ts:40:26 › all planned views · dark › /invitations (3.2s)
  ✓   614 [firefox] › e2e/a11y.spec.ts:40:26 › all planned views · dark › /tenancy/onboarding (3.9s)
  ✓   615 [firefox] › e2e/a11y.spec.ts:40:26 › all planned views · dark › /tenancy/projects (3.5s)
  ✓   616 [firefox] › e2e/a11y.spec.ts:40:26 › all planned views · dark › /tenancy/project-new (3.7s)
  ✓   617 [firefox] › e2e/a11y.spec.ts:40:26 › all planned views · dark › /tenancy/setup-complete (3.4s)
  ✓   618 [firefox] › e2e/a11y.spec.ts:40:26 › all planned views · dark › /identity/members (3.8s)
  ✓   620 [firefox] › e2e/a11y.spec.ts:40:26 › all planned views · dark › /identity/roles (3.7s)
  ✓   621 [firefox] › e2e/a11y.spec.ts:40:26 › all planned views · dark › /identity/role-editor (4.2s)
  ✓   619 [firefox] › e2e/a11y.spec.ts:40:26 › all planned views · dark › /identity/invitations (4.9s)
  ✓   622 [firefox] › e2e/a11y.spec.ts:40:26 › all planned views · dark › /identity/access (6.1s)
  ✓   623 [firefox] › e2e/a11y.spec.ts:40:26 › all planned views · dark › /gateway/gateway (8.6s)
  ✓   625 [firefox] › e2e/a11y.spec.ts:40:26 › all planned views · dark › /gateway/budgets (8.2s)
  ✓   624 [firefox] › e2e/a11y.spec.ts:40:26 › all planned views · dark › /gateway/routing (9.5s)
  ✓   626 [firefox] › e2e/a11y.spec.ts:40:26 › all planned views · dark › /resources/hub (8.7s)
  ✓   627 [firefox] › e2e/a11y.spec.ts:40:26 › all planned views · dark › /resources/skills (5.7s)
  ✓   629 [firefox] › e2e/a11y.spec.ts:40:26 › all planned views · dark › /resources/plugins (5.0s)
  ✓   628 [firefox] › e2e/a11y.spec.ts:40:26 › all planned views · dark › /resources/rules (6.3s)
  ✓   631 [firefox] › e2e/a11y.spec.ts:40:26 › all planned views · dark › /resources/sidecars (3.7s)
  ✓   630 [firefox] › e2e/a11y.spec.ts:40:26 › all planned views · dark › /resources/hooks (4.0s)
  ✓   632 [firefox] › e2e/a11y.spec.ts:40:26 › all planned views · dark › /memory/memory (3.6s)
  ✓   633 [firefox] › e2e/a11y.spec.ts:40:26 › all planned views · dark › /memory/memory-settings (3.9s)
  ✓   635 [firefox] › e2e/a11y.spec.ts:40:26 › all planned views · dark › /memory/curation (3.5s)
  ✓   634 [firefox] › e2e/a11y.spec.ts:40:26 › all planned views · dark › /memory/memory-import (4.2s)
  ✓   636 [firefox] › e2e/a11y.spec.ts:40:26 › all planned views · dark › /configuration/settings (3.4s)
  ✓   637 [firefox] › e2e/a11y.spec.ts:40:26 › all planned views · dark › /configuration/runtime-settings (3.9s)
  ✓   640 [firefox] › e2e/a11y.spec.ts:40:26 › all planned views · dark › /agents/default-agent (4.8s)
  ✓   639 [firefox] › e2e/a11y.spec.ts:40:26 › all planned views · dark › /code/integrations (5.7s)
  ✓   638 [firefox] › e2e/a11y.spec.ts:40:26 › all planned views · dark › /configuration/risk-policy (6.4s)
  ✓   641 [firefox] › e2e/a11y.spec.ts:40:26 › all planned views · dark › /resources/sandbox-templates (5.3s)
  ✓   643 [firefox] › e2e/a11y.spec.ts:40:26 › all planned views · dark › /specifications/editor (3.3s)
  ✓   642 [firefox] › e2e/a11y.spec.ts:40:26 › all planned views · dark › /specifications/specs (4.3s)
  ✓   644 [firefox] › e2e/a11y.spec.ts:40:26 › all planned views · dark › /specifications/locked (3.6s)
  ✓   645 [firefox] › e2e/a11y.spec.ts:40:26 › all planned views · dark › /specifications/history (3.5s)
  ✓   647 [firefox] › e2e/a11y.spec.ts:40:26 › all planned views · dark › /specifications/merge (3.5s)
  ✓   646 [firefox] › e2e/a11y.spec.ts:40:26 › all planned views · dark › /specifications/spec-diff (3.9s)
  ✓   649 [firefox] › e2e/a11y.spec.ts:40:26 › all planned views · dark › /code/search-code (3.8s)
  ✓   648 [firefox] › e2e/a11y.spec.ts:40:26 › all planned views · dark › /code/code (4.4s)
  ✓   650 [firefox] › e2e/a11y.spec.ts:40:26 › all planned views · dark › /code/evidence (3.6s)
  ✓   651 [firefox] › e2e/a11y.spec.ts:40:26 › all planned views · dark › /code/scan (3.8s)
  ✓   653 [firefox] › e2e/a11y.spec.ts:40:26 › all planned views · dark › /memory/memory-prep (3.3s)
  ✓   652 [firefox] › e2e/a11y.spec.ts:40:26 › all planned views · dark › /code/drift (3.6s)
  ✓   654 [firefox] › e2e/a11y.spec.ts:40:26 › all planned views · dark › /workflow/plans (3.6s)
  ✓   655 [firefox] › e2e/a11y.spec.ts:40:26 › all planned views · dark › /workflow/plan-detail (3.6s)
  ✓   656 [firefox] › e2e/a11y.spec.ts:40:26 › all planned views · dark › /workflow/workflow (4.4s)
  ✓   657 [firefox] › e2e/a11y.spec.ts:40:26 › all planned views · dark › /agents/agent-compose (5.0s)
  ✓   658 [firefox] › e2e/a11y.spec.ts:40:26 › all planned views · dark › /workflow/meta-agent (4.1s)
  ✓   659 [firefox] › e2e/a11y.spec.ts:40:26 › all planned views · dark › /workflow/contracts (5.1s)
  ✓   660 [firefox] › e2e/a11y.spec.ts:40:26 › all planned views · dark › /execution/runs (4.0s)
  ✓   661 [firefox] › e2e/a11y.spec.ts:40:26 › all planned views · dark › /execution/run-detail (3.5s)
  ✓   662 [firefox] › e2e/a11y.spec.ts:40:26 › all planned views · dark › /execution/terminal (3.6s)
  ✓   664 [firefox] › e2e/a11y.spec.ts:40:26 › all planned views · dark › /execution/artifacts (3.1s)
  ✓   663 [firefox] › e2e/a11y.spec.ts:40:26 › all planned views · dark › /execution/activity-tree (3.5s)
  ✓   665 [firefox] › e2e/a11y.spec.ts:40:26 › all planned views · dark › /execution/snapshot (3.5s)
  ✓   666 [firefox] › e2e/a11y.spec.ts:40:26 › all planned views · dark › /execution/sandboxes (3.8s)
  ✓   667 [firefox] › e2e/a11y.spec.ts:40:26 › all planned views · dark › /execution/locks (4.0s)
  ✓   668 [firefox] › e2e/a11y.spec.ts:40:26 › all planned views · dark › /governance/gates (3.8s)
  ✓   669 [firefox] › e2e/a11y.spec.ts:40:26 › all planned views · dark › /governance/gate-detail (4.3s)
  ✓   670 [firefox] › e2e/a11y.spec.ts:40:26 › all planned views · dark › /governance/gate-medium (3.8s)
  ✓   672 [firefox] › e2e/a11y.spec.ts:40:26 › all planned views · dark › /governance/security (4.4s)
  ✓   671 [firefox] › e2e/a11y.spec.ts:40:26 › all planned views · dark › /governance/diff-review (4.9s)
  ✓   673 [firefox] › e2e/a11y.spec.ts:40:26 › all planned views · dark › /governance/pull-request (4.6s)
  ✓   674 [firefox] › e2e/a11y.spec.ts:40:26 › all planned views · dark › /governance/ci-failed (4.7s)
  ✓   675 [firefox] › e2e/a11y.spec.ts:40:26 › all planned views · dark › /governance/pr-conflict (4.1s)
  ✓   676 [firefox] › e2e/a11y.spec.ts:40:26 › all planned views · dark › /governance/post-merge (4.1s)
  ✓   677 [firefox] › e2e/a11y.spec.ts:40:26 › all planned views · dark › /governance/audit (4.1s)
  ✓   678 [firefox] › e2e/a11y.spec.ts:40:26 › all planned views · dark › /collaboration/notifications (4.0s)
  ✓   679 [firefox] › e2e/a11y.spec.ts:40:26 › all planned views · dark › /code/exceptions (3.9s)
  ✓   680 [firefox] › e2e/a11y.spec.ts:40:26 › all planned views · dark › /code/components (3.5s)
  ✓   681 [firefox] › e2e/a11y.spec.ts:40:26 › all planned views · dark › /code/index (3.8s)
  ✓   682 [firefox] › e2e/a11y.spec.ts:40:26 › all planned views · dark › /home/setup-readiness (3.1s)
  ✓   683 [firefox] › e2e/a11y.spec.ts:40:26 › all planned views · dark › /identity/invite-identity (2.8s)
  ✓   684 [firefox] › e2e/a11y.spec.ts:40:26 › all planned views · dark › /identity/access-revoked (3.5s)
  ✓   685 [firefox] › e2e/a11y.spec.ts:40:26 › all planned views · dark › /tenancy/repo-reconcile (3.7s)
  ✓   686 [firefox] › e2e/a11y.spec.ts:40:26 › all planned views · dark › /gateway/budget-ledger (3.2s)
  ✓   687 [firefox] › e2e/a11y.spec.ts:40:26 › all planned views · dark › /resources/registry-impact (3.7s)
  ✓   688 [firefox] › e2e/a11y.spec.ts:40:26 › all planned views · dark › /memory/memory-lineage (3.5s)
  ✓   689 [firefox] › e2e/a11y.spec.ts:40:26 › all planned views · dark › /workflow/workflow-proposal (3.5s)
  ✓   690 [firefox] › e2e/a11y.spec.ts:40:26 › all planned views · dark › /specifications/draft-recovery (4.1s)
  ✓   691 [firefox] › e2e/a11y.spec.ts:40:26 › all planned views · dark › /specifications/stale-merge (4.2s)
  ✓   692 [firefox] › e2e/a11y.spec.ts:40:26 › all planned views · dark › /workflow/input-lineage (4.8s)
  ✓   693 [firefox] › e2e/a11y.spec.ts:40:26 › all planned views · dark › /code/greenfield (5.1s)
  ✓   694 [firefox] › e2e/a11y.spec.ts:40:26 › all planned views · dark › /workflow/generation-job (4.2s)
  ✓   695 [firefox] › e2e/a11y.spec.ts:40:26 › all planned views · dark › /execution/admission (4.6s)
  ✓   696 [firefox] › e2e/a11y.spec.ts:40:26 › all planned views · dark › /execution/artifact-handoff (4.5s)
  ✓   697 [firefox] › e2e/a11y.spec.ts:40:26 › all planned views · dark › /connection/recovery (4.0s)
  ✓   698 [firefox] › e2e/a11y.spec.ts:40:26 › all planned views · dark › /governance/secret-triage (4.1s)
  ✓   699 [firefox] › e2e/a11y.spec.ts:40:26 › all planned views · dark › /governance/reviewer-eligibility (4.3s)
  ✓   700 [firefox] › e2e/a11y.spec.ts:40:26 › all planned views · dark › /governance/signature-history (3.8s)
  ✓   701 [firefox] › e2e/a11y.spec.ts:40:26 › all planned views · dark › /connection/pr-reconcile (4.2s)
  ✓   702 [firefox] › e2e/a11y.spec.ts:40:26 › all planned views · dark › /governance/acceptance (4.0s)
  ✓   703 [firefox] › e2e/a11y.spec.ts:40:26 › all planned views · dark › /execution/cleanup (4.8s)
  ✓   704 [firefox] › e2e/a11y.spec.ts:40:26 › all planned views · dark › /tenancy/offboarding (4.5s)
  ✓   706 [firefox] › e2e/a11y.spec.ts:40:26 › all planned views · dark › /observer/incident-recovery (3.8s)
  ✓   705 [firefox] › e2e/a11y.spec.ts:40:26 › all planned views · dark › /configuration/policy-impact (4.4s)
  ✓   707 [firefox] › e2e/a11y.spec.ts:40:26 › all planned views · dark › /code/business-states (4.4s)
  ✓   709 [firefox] › e2e/a11y.spec.ts:40:26 › all planned views · dark › /code/code-symbols (3.6s)
  ✓   708 [firefox] › e2e/a11y.spec.ts:40:26 › all planned views · dark › /code/design-journeys (4.5s)
  ✓   710 [firefox] › e2e/a11y.spec.ts:40:26 › all planned views · dark › /memory/ai-context (4.1s)
  ✓   713 [firefox] › e2e/a11y.spec.ts:40:26 › all planned views · dark › /tenancy/workspaces (3.8s)
  ✓   711 [firefox] › e2e/a11y.spec.ts:40:26 › all planned views · dark › /code/ide-states (4.6s)
  ✓   712 [firefox] › e2e/a11y.spec.ts:40:26 › all planned views · dark › /tenancy/organizations (4.3s)
  ✓   714 [firefox] › e2e/a11y.spec.ts:40:26 › all planned views · dark › /tenancy/workspace-settings (4.2s)
  ✓   715 [firefox] › e2e/a11y.spec.ts:40:26 › all planned views · dark › /workflow/workflow-templates (5.3s)
  ✓   717 [firefox] › e2e/a11y.spec.ts:40:26 › all planned views · dark › /memory/memory-layers (5.3s)
  ✓   716 [firefox] › e2e/a11y.spec.ts:40:26 › all planned views · dark › /specifications/conflicts (6.0s)
  ✓   718 [firefox] › e2e/a11y.spec.ts:40:26 › all planned views · dark › /governance/risk-review (6.0s)
  ✓   720 [firefox] › e2e/a11y.spec.ts:40:26 › all planned views · dark › /specifications/ide-journeys (6.3s)
  ✓   719 [firefox] › e2e/a11y.spec.ts:40:26 › all planned views · dark › /workflow/wf-review (7.1s)
  ✓   721 [firefox] › e2e/a11y.spec.ts:40:26 › all planned views · dark › /tenancy/scope-workspaces (7.9s)
  ✓   722 [firefox] › e2e/a11y.spec.ts:40:26 › all planned views · dark › /execution/execution (8.6s)
  ✓   724 [firefox] › e2e/a11y.spec.ts:40:26 › all planned views · dark › /observer/sign-in (5.5s)
  ✓   725 [firefox] › e2e/a11y.spec.ts:40:26 › all planned views · dark › /observer/obs-overview (4.3s)
  ✓   723 [firefox] › e2e/a11y.spec.ts:40:26 › all planned views · dark › /execution/execution-states (6.7s)
  ✓   726 [firefox] › e2e/a11y.spec.ts:40:26 › all planned views · dark › /observer/traces (8.8s)
  ✓   728 [firefox] › e2e/a11y.spec.ts:40:26 › all planned views · dark › /observer/metrics (8.1s)
  ✓   727 [firefox] › e2e/a11y.spec.ts:40:26 › all planned views · dark › /observer/trace-detail (8.9s)
  ✓   729 [firefox] › e2e/a11y.spec.ts:40:26 › all planned views · dark › /observer/profiler (8.3s)
  ✓   730 [firefox] › e2e/a11y.spec.ts:40:26 › all planned views · dark › /observer/telemetry (5.3s)
  ✓   733 [firefox] › e2e/a11y.spec.ts:40:26 › all planned views · dark › /observer/obs-audit (3.4s)
  ✓   732 [firefox] › e2e/a11y.spec.ts:40:26 › all planned views · dark › /observer/saturation (4.3s)
  ✓   731 [firefox] › e2e/a11y.spec.ts:40:26 › all planned views · dark › /observer/infra (4.8s)
  ✓   736 [firefox] › e2e/a11y.spec.ts:40:26 › all planned views · dark › /observer/data-quality (3.5s)
  ✓   735 [firefox] › e2e/a11y.spec.ts:40:26 › all planned views · dark › /observer/index (4.4s)
  ✓   737 [firefox] › e2e/a11y.spec.ts:40:26 › all planned views · dark › /observer/export-job (3.5s)
  ✓   734 [firefox] › e2e/a11y.spec.ts:40:26 › all planned views · dark › /observer/exports (4.9s)
  ✓   740 [firefox] › e2e/a11y.spec.ts:40:26 › all planned views · dark › /identity/state-wrong-account (2.7s)
  ✓   741 [firefox] › e2e/a11y.spec.ts:40:26 › all planned views · dark › /identity/state-expired-invitation (2.7s)
  ✓   738 [firefox] › e2e/a11y.spec.ts:40:26 › all planned views · dark › /observer/profile-compatibility (3.3s)
  ✓   739 [firefox] › e2e/a11y.spec.ts:40:26 › all planned views · dark › /observer/diagnostic-handoff (3.0s)
  ✓   743 [firefox] › e2e/a11y.spec.ts:40:26 › all planned views · dark › /code/state-repo-disconnected (4.1s)
  ✓   742 [firefox] › e2e/a11y.spec.ts:40:26 › all planned views · dark › /home/state-access-changed (4.2s)
  ✓   745 [firefox] › e2e/a11y.spec.ts:40:26 › all planned views · dark › /agents/state-resource-revoked (4.2s)
  ✓   744 [firefox] › e2e/a11y.spec.ts:40:26 › all planned views · dark › /gateway/state-budget-blocked (4.5s)
  ✓   746 [firefox] › e2e/a11y.spec.ts:40:26 › all planned views · dark › /memory/state-memory-deprecated (3.9s)
  ✓   747 [firefox] › e2e/a11y.spec.ts:40:26 › all planned views · dark › /specifications/state-offline-draft (5.3s)
  ✓   748 [firefox] › e2e/a11y.spec.ts:40:26 › all planned views · dark › /governance/state-merge-stale (5.1s)
  ✓   749 [firefox] › e2e/a11y.spec.ts:40:26 › all planned views · dark › /home/state-input-superseded (5.4s)
  ✓   750 [firefox] › e2e/a11y.spec.ts:40:26 › all planned views · dark › /code/state-empty-repository (4.4s)
  ✓   751 [firefox] › e2e/a11y.spec.ts:40:26 › all planned views · dark › /home/state-generation-failed (3.5s)
  ✓   752 [firefox] › e2e/a11y.spec.ts:40:26 › all planned views · dark › /home/state-checkpoint-required (4.4s)
  ✓   753 [firefox] › e2e/a11y.spec.ts:40:26 › all planned views · dark › /home/state-artifact-not-durable (4.0s)
  ✓   754 [firefox] › e2e/a11y.spec.ts:40:26 › all planned views · dark › /execution/state-snapshot-unavailable (3.1s)
  ✓   755 [firefox] › e2e/a11y.spec.ts:40:26 › all planned views · dark › /code/state-scanner-unavailable (3.6s)
  ✓   757 [firefox] › e2e/a11y.spec.ts:40:26 › all planned views · dark › /identity/state-reviewer-missing (3.2s)
  ✓   756 [firefox] › e2e/a11y.spec.ts:40:26 › all planned views · dark › /governance/state-secret-confirmed (3.6s)
  ✓   758 [firefox] › e2e/a11y.spec.ts:40:26 › all planned views · dark › /home/state-old-head-ci (4.1s)
  ✓   759 [firefox] › e2e/a11y.spec.ts:40:26 › all planned views · dark › /home/state-pr-unknown (2.9s)
  ✓   760 [firefox] › e2e/a11y.spec.ts:40:26 › all planned views · dark › /governance/state-partial-merge (3.6s)
  ✓   761 [firefox] › e2e/a11y.spec.ts:40:26 › all planned views · dark › /governance/state-acceptance-failed (3.5s)
  ✓   763 [firefox] › e2e/a11y.spec.ts:40:26 › all planned views · dark › /execution/state-cleanup-held (3.3s)
  ✓   762 [firefox] › e2e/a11y.spec.ts:40:26 › all planned views · dark › /governance/state-verification-unknown (3.7s)
  ✓   764 [firefox] › e2e/a11y.spec.ts:40:26 › all planned views · dark › /home/state-project-archived (3.0s)
  ✓   765 [firefox] › e2e/a11y.spec.ts:40:26 › all planned views · dark › /home/state-restore-reconcile (3.3s)
  ✓   767 [firefox] › e2e/a11y.spec.ts:40:26 › all planned views · dark › /specifications/ide-state-source-failed (3.3s)
  ✓   766 [firefox] › e2e/a11y.spec.ts:40:26 › all planned views · dark › /specifications/ide-state-source-loading (4.0s)
  ✓   768 [firefox] › e2e/a11y.spec.ts:40:26 › all planned views · dark › /specifications/ide-state-source-denied (4.4s)
  ✓   769 [firefox] › e2e/a11y.spec.ts:40:26 › all planned views · dark › /specifications/ide-state-source-empty (3.9s)
  ✓   770 [firefox] › e2e/a11y.spec.ts:40:26 › all planned views · dark › /specifications/ide-state-binary-file (3.5s)
  ✓   771 [firefox] › e2e/a11y.spec.ts:40:26 › all planned views · dark › /specifications/ide-state-large-file (3.4s)
  ✓   773 [firefox] › e2e/a11y.spec.ts:40:26 › all planned views · dark › /code/ide-state-partial-index (3.4s)
  ✓   772 [firefox] › e2e/a11y.spec.ts:40:26 › all planned views · dark › /code/ide-state-stale-index (3.5s)
  ✓   774 [firefox] › e2e/a11y.spec.ts:40:26 › all planned views · dark › /specifications/ide-state-offline-draft (3.5s)
  ✓   775 [firefox] › e2e/a11y.spec.ts:40:26 › all planned views · dark › /specifications/ide-state-dirty-tab (3.4s)
  ✓   777 [firefox] › e2e/a11y.spec.ts:40:26 › all planned views · dark › /memory/ide-state-stale-context (3.4s)
  ✓   776 [firefox] › e2e/a11y.spec.ts:40:26 › all planned views · dark › /specifications/ide-state-frozen-draft (3.5s)
  ✓   779 [firefox] › e2e/a11y.spec.ts:40:26 › all planned views · dark › /code/v6-state-code-linked-spec (3.4s)
  ✓   778 [firefox] › e2e/a11y.spec.ts:40:26 › all planned views · dark › /governance/v6-state-spec-acceptance (4.1s)
  ✓   781 [firefox] › e2e/a11y.spec.ts:40:26 › all planned views · dark › /memory/v6-state-context-confirm (3.3s)
  ✓   780 [firefox] › e2e/a11y.spec.ts:40:26 › all planned views · dark › /memory/v6-state-greenfield-context (3.8s)
  ✓   782 [firefox] › e2e/a11y.spec.ts:40:26 › all planned views · dark › /workflow/v6-state-multi-spec-plan (3.3s)
  ✓   783 [firefox] › e2e/a11y.spec.ts:40:26 › all planned views · dark › /memory/v6-state-context-review (3.8s)
  ✓   784 [firefox] › e2e/a11y.spec.ts:40:26 › all planned views · dark › /memory/v6-state-context-revoked (3.1s)
  ✓   785 [firefox] › e2e/a11y.spec.ts:40:26 › all planned views · dark › /memory/v6-state-scope-confirm (3.2s)
  ✓   786 [firefox] › e2e/a11y.spec.ts:40:26 › all planned views · dark › /execution/execution-state-empty (4.0s)
  ✓   787 [firefox] › e2e/a11y.spec.ts:40:26 › all planned views · dark › /execution/execution-state-parallel (4.1s)
  ✓   788 [firefox] › e2e/a11y.spec.ts:40:26 › all planned views · dark › /execution/execution-state-checkpoint (4.0s)
  ✓   789 [firefox] › e2e/a11y.spec.ts:40:26 › all planned views · dark › /execution/execution-state-failed (4.0s)
  ✓   790 [firefox] › e2e/a11y.spec.ts:40:26 › all planned views · dark › /gateway/execution-state-budget (3.3s)
  ✓   791 [firefox] › e2e/a11y.spec.ts:40:26 › all planned views · dark › /execution/execution-state-paused (3.3s)
  ✓   792 [firefox] › e2e/a11y.spec.ts:40:26 › all planned views · dark › /execution/execution-state-cleanup-error (3.4s)
  ✓   793 [firefox] › e2e/a11y.spec.ts:40:26 › all planned views · dark › /execution/execution-state-completed (3.6s)
  ✓   794 [firefox] › e2e/a11y.spec.ts:40:26 › all planned views · dark › /execution/execution-detail-terminal (3.2s)
  ✓   795 [firefox] › e2e/a11y.spec.ts:40:26 › all planned views · dark › /execution/execution-detail-artifacts (3.5s)
  ✓   796 [firefox] › e2e/a11y.spec.ts:40:26 › all planned views · dark › /memory/execution-detail-memory (3.5s)
  ✓   797 [firefox] › e2e/a11y.spec.ts:40:26 › all planned views · dark › /execution/execution-command-requested (3.3s)
  ✓   798 [firefox] › e2e/a11y.spec.ts:40:26 › all planned views · dark › /execution/execution-command-accepted (3.7s)
  ✓   799 [firefox] › e2e/a11y.spec.ts:40:26 › all planned views · dark › /connection/execution-command-outcome-unknown (3.6s)
  ✓   800 [firefox] › e2e/a11y.spec.ts:40:26 › all planned views · dark › /execution/execution-dialog-checkpoint (4.5s)
  ✓   801 [firefox] › e2e/a11y.spec.ts:40:26 › all planned views · dark › /execution/execution-dialog-cancel (6.5s)
  ✓   802 [firefox] › e2e/a11y.spec.ts:40:26 › all planned views · dark › /execution/execution-dialog-resume (7.1s)
  ✓   803 [firefox] › e2e/a11y.spec.ts:40:26 › all planned views · dark › /execution/execution-dialog-retry (7.3s)
  ✓   804 [firefox] › e2e/a11y.spec.ts:40:26 › all planned views · dark › /execution/execution-agent-t-01 (7.8s)
  ✓   805 [firefox] › e2e/a11y.spec.ts:40:26 › all planned views · dark › /execution/execution-agent-t-03 (6.8s)
  ✓   808 [firefox] › e2e/a11y.spec.ts:40:26 › all planned views · dark › /execution/execution-agent-t-06 (3.2s)
  ✓   806 [firefox] › e2e/a11y.spec.ts:40:26 › all planned views · dark › /execution/execution-agent-t-04 (8.0s)
  ✓   807 [firefox] › e2e/a11y.spec.ts:40:26 › all planned views · dark › /execution/execution-agent-t-05 (7.2s)
  ✓   809 [firefox] › e2e/a11y.spec.ts:40:26 › all planned views · dark › /execution/execution-agent-t-07 (5.0s)
  ✓   810 [firefox] › e2e/a11y.spec.ts:40:26 › all planned views · dark › /workflow/execution-inspector-context (4.2s)
  ✓   811 [firefox] › e2e/a11y.spec.ts:40:26 › all planned views · dark › /workflow/execution-inspector-access (4.4s)
  ✓   812 [firefox] › e2e/a11y.spec.ts:40:26 › all planned views · dark › /execution/execution-dialog-snapshot (4.4s)
  ✓   813 [firefox] › e2e/a11y.spec.ts:40:26 › all planned views · dark › /workflow/execution-dialog-lineage (4.0s)
  ✓   814 [firefox] › e2e/a11y.spec.ts:40:26 › all planned views · dark › /workflow/execution-dialog-manifest (4.1s)
  ✓   815 [firefox] › e2e/a11y.spec.ts:40:26 › all planned views · dark › /identity/execution-permission-viewer (3.8s)
  ✓   816 [firefox] › e2e/a11y.spec.ts:40:26 › all planned views · dark › /execution/execution-command-approve-gate-requested (3.1s)
  ✓   817 [firefox] › e2e/a11y.spec.ts:40:26 › all planned views · dark › /execution/execution-command-cancel-requested (3.8s)
  ✓   818 [firefox] › e2e/a11y.spec.ts:40:26 › all planned views · dark › /execution/execution-command-resume-requested (3.0s)
  ✓   820 [firefox] › e2e/a11y.spec.ts:40:26 › all planned views · light › /sign-in (2.7s)
  ✓   819 [firefox] › e2e/a11y.spec.ts:40:26 › all planned views · dark › /execution/execution-command-retry-requested (3.0s)
  ✓   821 [firefox] › e2e/a11y.spec.ts:40:26 › all planned views · light › /sign-in/help (2.6s)
  ✓   822 [firefox] › e2e/a11y.spec.ts:40:26 › all planned views · light › /invitations (2.9s)
  ✓   824 [firefox] › e2e/a11y.spec.ts:40:26 › all planned views · light › /tenancy/projects (3.3s)
  ✓   823 [firefox] › e2e/a11y.spec.ts:40:26 › all planned views · light › /tenancy/onboarding (3.9s)
  ✓   825 [firefox] › e2e/a11y.spec.ts:40:26 › all planned views · light › /tenancy/project-new (3.5s)
  ✓   826 [firefox] › e2e/a11y.spec.ts:40:26 › all planned views · light › /tenancy/setup-complete (3.5s)
  ✓   827 [firefox] › e2e/a11y.spec.ts:40:26 › all planned views · light › /identity/members (3.4s)
  ✓   828 [firefox] › e2e/a11y.spec.ts:40:26 › all planned views · light › /identity/invitations (3.5s)
  ✓   829 [firefox] › e2e/a11y.spec.ts:40:26 › all planned views · light › /identity/roles (3.4s)
  ✓   830 [firefox] › e2e/a11y.spec.ts:40:26 › all planned views · light › /identity/role-editor (3.8s)
  ✓   831 [firefox] › e2e/a11y.spec.ts:40:26 › all planned views · light › /identity/access (3.5s)
  ✓   832 [firefox] › e2e/a11y.spec.ts:40:26 › all planned views · light › /gateway/gateway (3.8s)
  ✓   833 [firefox] › e2e/a11y.spec.ts:40:26 › all planned views · light › /gateway/routing (3.6s)
  ✓   834 [firefox] › e2e/a11y.spec.ts:40:26 › all planned views · light › /gateway/budgets (3.8s)
  ✓   835 [firefox] › e2e/a11y.spec.ts:40:26 › all planned views · light › /resources/hub (3.5s)
  ✓   836 [firefox] › e2e/a11y.spec.ts:40:26 › all planned views · light › /resources/skills (3.7s)
  ✓   837 [firefox] › e2e/a11y.spec.ts:40:26 › all planned views · light › /resources/rules (3.9s)
  ✓   838 [firefox] › e2e/a11y.spec.ts:40:26 › all planned views · light › /resources/plugins (3.9s)
  ✓   839 [firefox] › e2e/a11y.spec.ts:40:26 › all planned views · light › /resources/hooks (3.7s)
  ✓   840 [firefox] › e2e/a11y.spec.ts:40:26 › all planned views · light › /resources/sidecars (3.8s)
  ✓   841 [firefox] › e2e/a11y.spec.ts:40:26 › all planned views · light › /memory/memory (3.5s)
  ✓   842 [firefox] › e2e/a11y.spec.ts:40:26 › all planned views · light › /memory/memory-settings (3.6s)
  ✓   844 [firefox] › e2e/a11y.spec.ts:40:26 › all planned views · light › /memory/curation (3.5s)
  ✓   843 [firefox] › e2e/a11y.spec.ts:40:26 › all planned views · light › /memory/memory-import (5.0s)
  ✓   845 [firefox] › e2e/a11y.spec.ts:40:26 › all planned views · light › /configuration/settings (3.8s)
  ✓   846 [firefox] › e2e/a11y.spec.ts:40:26 › all planned views · light › /configuration/runtime-settings (4.5s)
  ✓   849 [firefox] › e2e/a11y.spec.ts:40:26 › all planned views · light › /agents/default-agent (3.6s)
  ✓   848 [firefox] › e2e/a11y.spec.ts:40:26 › all planned views · light › /code/integrations (4.0s)
  ✓   847 [firefox] › e2e/a11y.spec.ts:40:26 › all planned views · light › /configuration/risk-policy (4.9s)
  ✓   850 [firefox] › e2e/a11y.spec.ts:40:26 › all planned views · light › /resources/sandbox-templates (4.1s)
  ✓   852 [firefox] › e2e/a11y.spec.ts:40:26 › all planned views · light › /specifications/editor (3.1s)
  ✓   851 [firefox] › e2e/a11y.spec.ts:40:26 › all planned views · light › /specifications/specs (3.9s)
  ✓   853 [firefox] › e2e/a11y.spec.ts:40:26 › all planned views · light › /specifications/locked (4.5s)
  ✓   854 [firefox] › e2e/a11y.spec.ts:40:26 › all planned views · light › /specifications/history (4.0s)
  ✓   855 [firefox] › e2e/a11y.spec.ts:40:26 › all planned views · light › /specifications/spec-diff (3.8s)
  ✓   856 [firefox] › e2e/a11y.spec.ts:40:26 › all planned views · light › /specifications/merge (3.3s)
  ✓   857 [firefox] › e2e/a11y.spec.ts:40:26 › all planned views · light › /code/code (3.8s)
  ✓   860 [firefox] › e2e/a11y.spec.ts:40:26 › all planned views · light › /code/scan (3.1s)
  ✓   859 [firefox] › e2e/a11y.spec.ts:40:26 › all planned views · light › /code/evidence (3.6s)
  ✓   858 [firefox] › e2e/a11y.spec.ts:40:26 › all planned views · light › /code/search-code (4.4s)
  ✓   861 [firefox] › e2e/a11y.spec.ts:40:26 › all planned views · light › /code/drift (3.7s)
  ✓   863 [firefox] › e2e/a11y.spec.ts:40:26 › all planned views · light › /workflow/plans (3.1s)
  ✓   862 [firefox] › e2e/a11y.spec.ts:40:26 › all planned views · light › /memory/memory-prep (3.7s)
  ✓   864 [firefox] › e2e/a11y.spec.ts:40:26 › all planned views · light › /workflow/plan-detail (3.6s)
  ✓   865 [firefox] › e2e/a11y.spec.ts:40:26 › all planned views · light › /workflow/workflow (3.7s)
  ✓   867 [firefox] › e2e/a11y.spec.ts:40:26 › all planned views · light › /workflow/meta-agent (3.8s)
  ✓   866 [firefox] › e2e/a11y.spec.ts:40:26 › all planned views · light › /agents/agent-compose (4.5s)
  ✓   868 [firefox] › e2e/a11y.spec.ts:40:26 › all planned views · light › /workflow/contracts (4.3s)
  ✓   869 [firefox] › e2e/a11y.spec.ts:40:26 › all planned views · light › /execution/runs (4.7s)
  ✓   871 [firefox] › e2e/a11y.spec.ts:40:26 › all planned views · light › /execution/terminal (5.3s)
  ✓   870 [firefox] › e2e/a11y.spec.ts:40:26 › all planned views · light › /execution/run-detail (5.7s)
  ✓   872 [firefox] › e2e/a11y.spec.ts:40:26 › all planned views · light › /execution/activity-tree (5.7s)
  ✓   873 [firefox] › e2e/a11y.spec.ts:40:26 › all planned views · light › /execution/artifacts (5.2s)
  ✓   874 [firefox] › e2e/a11y.spec.ts:40:26 › all planned views · light › /execution/snapshot (4.6s)
  ✓   875 [firefox] › e2e/a11y.spec.ts:40:26 › all planned views · light › /execution/sandboxes (4.5s)
  ✓   876 [firefox] › e2e/a11y.spec.ts:40:26 › all planned views · light › /execution/locks (4.2s)
  ✓   877 [firefox] › e2e/a11y.spec.ts:40:26 › all planned views · light › /governance/gates (3.5s)
  ✓   878 [firefox] › e2e/a11y.spec.ts:40:26 › all planned views · light › /governance/gate-detail (3.2s)
  ✓   879 [firefox] › e2e/a11y.spec.ts:40:26 › all planned views · light › /governance/gate-medium (3.2s)
  ✓   880 [firefox] › e2e/a11y.spec.ts:40:26 › all planned views · light › /governance/diff-review (3.4s)
  ✓   881 [firefox] › e2e/a11y.spec.ts:40:26 › all planned views · light › /governance/security (3.3s)
  ✓   882 [firefox] › e2e/a11y.spec.ts:40:26 › all planned views · light › /governance/pull-request (3.4s)
  ✓   883 [firefox] › e2e/a11y.spec.ts:40:26 › all planned views · light › /governance/ci-failed (3.5s)
  ✓   884 [firefox] › e2e/a11y.spec.ts:40:26 › all planned views · light › /governance/pr-conflict (3.5s)
  ✓   885 [firefox] › e2e/a11y.spec.ts:40:26 › all planned views · light › /governance/post-merge (3.8s)
  ✓   886 [firefox] › e2e/a11y.spec.ts:40:26 › all planned views · light › /governance/audit (3.7s)
  ✓   887 [firefox] › e2e/a11y.spec.ts:40:26 › all planned views · light › /collaboration/notifications (4.0s)
  ✓   888 [firefox] › e2e/a11y.spec.ts:40:26 › all planned views · light › /code/exceptions (3.7s)
  ✓   889 [firefox] › e2e/a11y.spec.ts:40:26 › all planned views · light › /code/components (3.7s)
  ✓   892 [firefox] › e2e/a11y.spec.ts:40:26 › all planned views · light › /identity/invite-identity (3.3s)
  ✓   890 [firefox] › e2e/a11y.spec.ts:40:26 › all planned views · light › /code/index (5.0s)
  ✓   891 [firefox] › e2e/a11y.spec.ts:40:26 › all planned views · light › /home/setup-readiness (6.1s)
  ✓   893 [firefox] › e2e/a11y.spec.ts:40:26 › all planned views · light › /identity/access-revoked (7.6s)
  ✓   894 [firefox] › e2e/a11y.spec.ts:40:26 › all planned views · light › /tenancy/repo-reconcile (9.7s)
  ✓   895 [firefox] › e2e/a11y.spec.ts:40:26 › all planned views · light › /gateway/budget-ledger (9.2s)
  ✓   896 [firefox] › e2e/a11y.spec.ts:40:26 › all planned views · light › /resources/registry-impact (7.9s)
  ✓   897 [firefox] › e2e/a11y.spec.ts:40:26 › all planned views · light › /memory/memory-lineage (4.9s)
  ✓   898 [firefox] › e2e/a11y.spec.ts:40:26 › all planned views · light › /workflow/workflow-proposal (4.7s)
  ✓   900 [firefox] › e2e/a11y.spec.ts:40:26 › all planned views · light › /specifications/stale-merge (4.3s)
  ✓   901 [firefox] › e2e/a11y.spec.ts:40:26 › all planned views · light › /workflow/input-lineage (4.1s)
  ✓   899 [firefox] › e2e/a11y.spec.ts:40:26 › all planned views · light › /specifications/draft-recovery (4.8s)
  ✓   903 [firefox] › e2e/a11y.spec.ts:40:26 › all planned views · light › /workflow/generation-job (3.7s)
  ✓   902 [firefox] › e2e/a11y.spec.ts:40:26 › all planned views · light › /code/greenfield (4.1s)
  ✓   904 [firefox] › e2e/a11y.spec.ts:40:26 › all planned views · light › /execution/admission (4.1s)
  ✓   905 [firefox] › e2e/a11y.spec.ts:40:26 › all planned views · light › /execution/artifact-handoff (4.7s)
  ✓   906 [firefox] › e2e/a11y.spec.ts:40:26 › all planned views · light › /connection/recovery (3.9s)
  ✓   907 [firefox] › e2e/a11y.spec.ts:40:26 › all planned views · light › /governance/secret-triage (4.1s)
  ✓   908 [firefox] › e2e/a11y.spec.ts:40:26 › all planned views · light › /governance/reviewer-eligibility (4.7s)
  ✓   909 [firefox] › e2e/a11y.spec.ts:40:26 › all planned views · light › /governance/signature-history (5.1s)
  ✓   911 [firefox] › e2e/a11y.spec.ts:40:26 › all planned views · light › /governance/acceptance (7.4s)
  ✓   912 [firefox] › e2e/a11y.spec.ts:40:26 › all planned views · light › /execution/cleanup (8.6s)
  ✓   910 [firefox] › e2e/a11y.spec.ts:40:26 › all planned views · light › /connection/pr-reconcile (11.4s)
  ✓   913 [firefox] › e2e/a11y.spec.ts:40:26 › all planned views · light › /tenancy/offboarding (9.7s)
  ✓   915 [firefox] › e2e/a11y.spec.ts:40:26 › all planned views · light › /observer/incident-recovery (3.8s)
  ✓   914 [firefox] › e2e/a11y.spec.ts:40:26 › all planned views · light › /configuration/policy-impact (6.4s)
  ✓   916 [firefox] › e2e/a11y.spec.ts:40:26 › all planned views · light › /code/business-states (4.4s)
  ✓   917 [firefox] › e2e/a11y.spec.ts:40:26 › all planned views · light › /code/design-journeys (4.5s)
  ✓   918 [firefox] › e2e/a11y.spec.ts:40:26 › all planned views · light › /code/code-symbols (3.7s)
  ✓   919 [firefox] › e2e/a11y.spec.ts:40:26 › all planned views · light › /memory/ai-context (4.3s)
  ✓   920 [firefox] › e2e/a11y.spec.ts:40:26 › all planned views · light › /code/ide-states (4.0s)
  ✓   921 [firefox] › e2e/a11y.spec.ts:40:26 › all planned views · light › /tenancy/organizations (4.0s)
  ✓   922 [firefox] › e2e/a11y.spec.ts:40:26 › all planned views · light › /tenancy/workspaces (4.9s)
  ✓   923 [firefox] › e2e/a11y.spec.ts:40:26 › all planned views · light › /tenancy/workspace-settings (4.8s)
  ✓   924 [firefox] › e2e/a11y.spec.ts:40:26 › all planned views · light › /workflow/workflow-templates (4.6s)
  ✓   925 [firefox] › e2e/a11y.spec.ts:40:26 › all planned views · light › /specifications/conflicts (4.2s)
  ✓   926 [firefox] › e2e/a11y.spec.ts:40:26 › all planned views · light › /memory/memory-layers (4.2s)
  ✓   927 [firefox] › e2e/a11y.spec.ts:40:26 › all planned views · light › /governance/risk-review (3.8s)
  ✓   928 [firefox] › e2e/a11y.spec.ts:40:26 › all planned views · light › /workflow/wf-review (3.6s)
  ✓   929 [firefox] › e2e/a11y.spec.ts:40:26 › all planned views · light › /specifications/ide-journeys (3.7s)
  ✓   930 [firefox] › e2e/a11y.spec.ts:40:26 › all planned views · light › /tenancy/scope-workspaces (3.4s)
  ✓   931 [firefox] › e2e/a11y.spec.ts:40:26 › all planned views · light › /execution/execution (3.8s)
  ✓   933 [firefox] › e2e/a11y.spec.ts:40:26 › all planned views · light › /observer/sign-in (2.5s)
  ✓   932 [firefox] › e2e/a11y.spec.ts:40:26 › all planned views · light › /execution/execution-states (3.8s)
  ✓   934 [firefox] › e2e/a11y.spec.ts:40:26 › all planned views · light › /observer/obs-overview (3.5s)
  ✓   935 [firefox] › e2e/a11y.spec.ts:40:26 › all planned views · light › /observer/traces (3.7s)
  ✓   936 [firefox] › e2e/a11y.spec.ts:40:26 › all planned views · light › /observer/trace-detail (3.6s)
  ✓   937 [firefox] › e2e/a11y.spec.ts:40:26 › all planned views · light › /observer/metrics (3.6s)
  ✓   938 [firefox] › e2e/a11y.spec.ts:40:26 › all planned views · light › /observer/profiler (3.6s)
  ✓   939 [firefox] › e2e/a11y.spec.ts:40:26 › all planned views · light › /observer/telemetry (3.4s)
  ✓   940 [firefox] › e2e/a11y.spec.ts:40:26 › all planned views · light › /observer/infra (3.6s)
  ✓   941 [firefox] › e2e/a11y.spec.ts:40:26 › all planned views · light › /observer/saturation (3.3s)
  ✓   942 [firefox] › e2e/a11y.spec.ts:40:26 › all planned views · light › /observer/obs-audit (3.3s)
  ✓   944 [firefox] › e2e/a11y.spec.ts:40:26 › all planned views · light › /observer/index (2.9s)
  ✓   943 [firefox] › e2e/a11y.spec.ts:40:26 › all planned views · light › /observer/exports (3.5s)
  ✓   945 [firefox] › e2e/a11y.spec.ts:40:26 › all planned views · light › /observer/data-quality (3.1s)
  ✓   946 [firefox] › e2e/a11y.spec.ts:40:26 › all planned views · light › /observer/export-job (3.2s)
  ✓   947 [firefox] › e2e/a11y.spec.ts:40:26 › all planned views · light › /observer/profile-compatibility (3.0s)
  ✓   948 [firefox] › e2e/a11y.spec.ts:40:26 › all planned views · light › /observer/diagnostic-handoff (3.0s)
  ✓   949 [firefox] › e2e/a11y.spec.ts:40:26 › all planned views · light › /identity/state-wrong-account (2.4s)
  ✓   950 [firefox] › e2e/a11y.spec.ts:40:26 › all planned views · light › /identity/state-expired-invitation (2.9s)
  ✓   951 [firefox] › e2e/a11y.spec.ts:40:26 › all planned views · light › /home/state-access-changed (3.4s)
  ✓   952 [firefox] › e2e/a11y.spec.ts:40:26 › all planned views · light › /code/state-repo-disconnected (3.6s)
  ✓   953 [firefox] › e2e/a11y.spec.ts:40:26 › all planned views · light › /gateway/state-budget-blocked (3.8s)
  ✓   956 [firefox] › e2e/a11y.spec.ts:40:26 › all planned views · light › /specifications/state-offline-draft (3.7s)
  ✓   955 [firefox] › e2e/a11y.spec.ts:40:26 › all planned views · light › /memory/state-memory-deprecated (4.0s)
  ✓   954 [firefox] › e2e/a11y.spec.ts:40:26 › all planned views · light › /agents/state-resource-revoked (5.5s)
  ✓   957 [firefox] › e2e/a11y.spec.ts:40:26 › all planned views · light › /governance/state-merge-stale (3.6s)
  ✓   960 [firefox] › e2e/a11y.spec.ts:40:26 › all planned views · light › /home/state-generation-failed (3.5s)
  ✓   959 [firefox] › e2e/a11y.spec.ts:40:26 › all planned views · light › /code/state-empty-repository (4.0s)
  ✓   958 [firefox] › e2e/a11y.spec.ts:40:26 › all planned views · light › /home/state-input-superseded (4.2s)
  ✓   961 [firefox] › e2e/a11y.spec.ts:40:26 › all planned views · light › /home/state-checkpoint-required (4.4s)
  ✓   962 [firefox] › e2e/a11y.spec.ts:40:26 › all planned views · light › /home/state-artifact-not-durable (4.7s)
  ✓   964 [firefox] › e2e/a11y.spec.ts:40:26 › all planned views · light › /code/state-scanner-unavailable (4.6s)
  ✓   963 [firefox] › e2e/a11y.spec.ts:40:26 › all planned views · light › /execution/state-snapshot-unavailable (5.0s)
  ✓   965 [firefox] › e2e/a11y.spec.ts:40:26 › all planned views · light › /governance/state-secret-confirmed (6.2s)
  ✓   966 [firefox] › e2e/a11y.spec.ts:40:26 › all planned views · light › /identity/state-reviewer-missing (4.7s)
  ✓   968 [firefox] › e2e/a11y.spec.ts:40:26 › all planned views · light › /home/state-pr-unknown (4.5s)
  ✓   967 [firefox] › e2e/a11y.spec.ts:40:26 › all planned views · light › /home/state-old-head-ci (4.7s)
  ✓   969 [firefox] › e2e/a11y.spec.ts:40:26 › all planned views · light › /governance/state-partial-merge (3.8s)
  ✓   970 [firefox] › e2e/a11y.spec.ts:40:26 › all planned views · light › /governance/state-acceptance-failed (4.3s)
  ✓   972 [firefox] › e2e/a11y.spec.ts:40:26 › all planned views · light › /execution/state-cleanup-held (4.5s)
  ✓   973 [firefox] › e2e/a11y.spec.ts:40:26 › all planned views · light › /home/state-project-archived (3.9s)
  ✓   971 [firefox] › e2e/a11y.spec.ts:40:26 › all planned views · light › /governance/state-verification-unknown (5.4s)
  ✓   974 [firefox] › e2e/a11y.spec.ts:40:26 › all planned views · light › /home/state-restore-reconcile (4.0s)
  ✓   975 [firefox] › e2e/a11y.spec.ts:40:26 › all planned views · light › /specifications/ide-state-source-loading (4.1s)
  ✓   976 [firefox] › e2e/a11y.spec.ts:40:26 › all planned views · light › /specifications/ide-state-source-failed (3.7s)
  ✓   977 [firefox] › e2e/a11y.spec.ts:40:26 › all planned views · light › /specifications/ide-state-source-denied (3.9s)
  ✓   978 [firefox] › e2e/a11y.spec.ts:40:26 › all planned views · light › /specifications/ide-state-source-empty (3.5s)
  ✓   979 [firefox] › e2e/a11y.spec.ts:40:26 › all planned views · light › /specifications/ide-state-binary-file (3.7s)
  ✓   980 [firefox] › e2e/a11y.spec.ts:40:26 › all planned views · light › /specifications/ide-state-large-file (3.8s)
  ✓   981 [firefox] › e2e/a11y.spec.ts:40:26 › all planned views · light › /code/ide-state-stale-index (3.7s)
  ✓   982 [firefox] › e2e/a11y.spec.ts:40:26 › all planned views · light › /code/ide-state-partial-index (4.6s)
  ✓   983 [firefox] › e2e/a11y.spec.ts:40:26 › all planned views · light › /specifications/ide-state-offline-draft (4.6s)
  ✓   984 [firefox] › e2e/a11y.spec.ts:40:26 › all planned views · light › /specifications/ide-state-dirty-tab (4.8s)
  ✓   985 [firefox] › e2e/a11y.spec.ts:40:26 › all planned views · light › /specifications/ide-state-frozen-draft (4.7s)
  ✓   986 [firefox] › e2e/a11y.spec.ts:40:26 › all planned views · light › /memory/ide-state-stale-context (4.1s)
  ✓   987 [firefox] › e2e/a11y.spec.ts:40:26 › all planned views · light › /governance/v6-state-spec-acceptance (4.2s)
  ✓   988 [firefox] › e2e/a11y.spec.ts:40:26 › all planned views · light › /code/v6-state-code-linked-spec (3.9s)
  ✓   989 [firefox] › e2e/a11y.spec.ts:40:26 › all planned views · light › /memory/v6-state-greenfield-context (4.3s)
  ✓   990 [firefox] › e2e/a11y.spec.ts:40:26 › all planned views · light › /memory/v6-state-context-confirm (5.4s)
  ✓   991 [firefox] › e2e/a11y.spec.ts:40:26 › all planned views · light › /workflow/v6-state-multi-spec-plan (5.3s)
  ✓   992 [firefox] › e2e/a11y.spec.ts:40:26 › all planned views · light › /memory/v6-state-context-review (5.5s)
  ✓   993 [firefox] › e2e/a11y.spec.ts:40:26 › all planned views · light › /memory/v6-state-context-revoked (5.9s)
  ✓   994 [firefox] › e2e/a11y.spec.ts:40:26 › all planned views · light › /memory/v6-state-scope-confirm (3.6s)
  ✓   995 [firefox] › e2e/a11y.spec.ts:40:26 › all planned views · light › /execution/execution-state-empty (3.5s)
  ✓   996 [firefox] › e2e/a11y.spec.ts:40:26 › all planned views · light › /execution/execution-state-parallel (4.0s)
  ✓   997 [firefox] › e2e/a11y.spec.ts:40:26 › all planned views · light › /execution/execution-state-checkpoint (3.7s)
  ✓   998 [firefox] › e2e/a11y.spec.ts:40:26 › all planned views · light › /execution/execution-state-failed (3.8s)
  ✓   999 [firefox] › e2e/a11y.spec.ts:40:26 › all planned views · light › /gateway/execution-state-budget (3.9s)
  ✓  1000 [firefox] › e2e/a11y.spec.ts:40:26 › all planned views · light › /execution/execution-state-paused (3.2s)
  ✓  1001 [firefox] › e2e/a11y.spec.ts:40:26 › all planned views · light › /execution/execution-state-cleanup-error (3.8s)
  ✓  1004 [firefox] › e2e/a11y.spec.ts:40:26 › all planned views · light › /execution/execution-detail-artifacts (3.8s)
  ✓  1002 [firefox] › e2e/a11y.spec.ts:40:26 › all planned views · light › /execution/execution-state-completed (5.0s)
  ✓  1003 [firefox] › e2e/a11y.spec.ts:40:26 › all planned views · light › /execution/execution-detail-terminal (4.8s)
  ✓  1005 [firefox] › e2e/a11y.spec.ts:40:26 › all planned views · light › /memory/execution-detail-memory (5.4s)
  ✓  1006 [firefox] › e2e/a11y.spec.ts:40:26 › all planned views · light › /execution/execution-command-requested (3.9s)
  ✓  1007 [firefox] › e2e/a11y.spec.ts:40:26 › all planned views · light › /execution/execution-command-accepted (3.8s)
  ✓  1008 [firefox] › e2e/a11y.spec.ts:40:26 › all planned views · light › /connection/execution-command-outcome-unknown (3.4s)
  ✓  1009 [firefox] › e2e/a11y.spec.ts:40:26 › all planned views · light › /execution/execution-dialog-checkpoint (4.3s)
  ✓  1010 [firefox] › e2e/a11y.spec.ts:40:26 › all planned views · light › /execution/execution-dialog-cancel (5.3s)
  ✓  1011 [firefox] › e2e/a11y.spec.ts:40:26 › all planned views · light › /execution/execution-dialog-resume (5.2s)
  ✓  1012 [firefox] › e2e/a11y.spec.ts:40:26 › all planned views · light › /execution/execution-dialog-retry (5.5s)
  ✓  1013 [firefox] › e2e/a11y.spec.ts:40:26 › all planned views · light › /execution/execution-agent-t-01 (4.1s)
  ✓  1015 [firefox] › e2e/a11y.spec.ts:40:26 › all planned views · light › /execution/execution-agent-t-04 (3.6s)
  ✓  1014 [firefox] › e2e/a11y.spec.ts:40:26 › all planned views · light › /execution/execution-agent-t-03 (3.9s)
  ✓  1016 [firefox] › e2e/a11y.spec.ts:40:26 › all planned views · light › /execution/execution-agent-t-05 (4.1s)
  ✓  1017 [firefox] › e2e/a11y.spec.ts:40:26 › all planned views · light › /execution/execution-agent-t-06 (3.9s)
  ✓  1018 [firefox] › e2e/a11y.spec.ts:40:26 › all planned views · light › /execution/execution-agent-t-07 (4.3s)
  ✓  1020 [firefox] › e2e/a11y.spec.ts:40:26 › all planned views · light › /workflow/execution-inspector-access (3.7s)
  ✓  1019 [firefox] › e2e/a11y.spec.ts:40:26 › all planned views · light › /workflow/execution-inspector-context (4.6s)
  ✓  1021 [firefox] › e2e/a11y.spec.ts:40:26 › all planned views · light › /execution/execution-dialog-snapshot (3.6s)
  ✓  1022 [firefox] › e2e/a11y.spec.ts:40:26 › all planned views · light › /workflow/execution-dialog-lineage (3.1s)
  ✓  1023 [firefox] › e2e/a11y.spec.ts:40:26 › all planned views · light › /workflow/execution-dialog-manifest (3.2s)
  ✓  1024 [firefox] › e2e/a11y.spec.ts:40:26 › all planned views · light › /identity/execution-permission-viewer (3.7s)
  ✓  1025 [firefox] › e2e/a11y.spec.ts:40:26 › all planned views · light › /execution/execution-command-approve-gate-requested (2.9s)
  ✓  1026 [firefox] › e2e/a11y.spec.ts:40:26 › all planned views · light › /execution/execution-command-cancel-requested (3.4s)
  ✓  1027 [firefox] › e2e/a11y.spec.ts:40:26 › all planned views · light › /execution/execution-command-resume-requested (3.0s)
  ✓  1028 [firefox] › e2e/a11y.spec.ts:40:26 › all planned views · light › /execution/execution-command-retry-requested (4.0s)
  ✓  1030 [firefox] › e2e/definitions.spec.ts:43:1 › unsaved changes are guarded on navigation (2.5s)
  ✓  1029 [firefox] › e2e/definitions.spec.ts:3:1 › author, validate, save, compare and archive a definition (8.3s)
  ✓  1033 [firefox] › e2e/definitions.spec.ts:117:1 › own saves never raise a conflict; a save from another tab does (4.1s)
PARITY home 18/18
  ✓  1034 [firefox] › e2e/figma-parity.spec.ts:57:3 › figma parity home (1.8s)
PARITY specifications 27/27
  ✓  1035 [firefox] › e2e/figma-parity.spec.ts:57:3 › figma parity specifications (4.5s)
  ✓  1032 [firefox] › e2e/definitions.spec.ts:81:1 › agents workbench follows the Figma frame: tabs, gated lifecycle, readiness and versions (10.4s)
PARITY collaboration 2/29 missing: Track shared room epochs, durable acknowledgements, comments and unresolved edits. | Refresh | Connect service | Name | State | Revision | Connect this lifecycle | Lifecycle | Continue the journey | Select a resource | Grants and a resource revision are required before acting. | Connect a service session to inspect action preconditions. | Inspect before acting | Operation receipts | No operations recorded for this session scope. | Disconnected / Joining / Syncing / Durable ACK / Offline / Epoch changed / Conflict | Document IDE | Review inbox | Join room | Reconnect | Resolve conflict | Comment | Request freeze barrier | Room | Acknowledgements | Presence | Comments
PARITY code 17/17
  ✓  1036 [firefox] › e2e/figma-parity.spec.ts:57:3 › figma parity code (6.3s)
PARITY agents 21/21
  ✓  1038 [firefox] › e2e/figma-parity.spec.ts:57:3 › figma parity agents (4.0s)
  ✘  1037 [firefox] › e2e/figma-parity.spec.ts:57:3 › figma parity collaboration (3.6s)
PARITY resources 18/19 missing: Endpoint / artifact reference
  ✓  1039 [firefox] › e2e/figma-parity.spec.ts:57:3 › figma parity resources (2.9s)
(node:52864) Warning: The 'NO_COLOR' env is ignored due to the 'FORCE_COLOR' env being set.
(Use `node --trace-warnings ...` to show where the warning was created)
(node:52864) Warning: The 'NO_COLOR' env is ignored due to the 'FORCE_COLOR' env being set.
(Use `node --trace-warnings ...` to show where the warning was created)
PARITY workflow 17/17
  ✓  1040 [firefox] › e2e/figma-parity.spec.ts:57:3 › figma parity workflow (3.1s)
PARITY execution 35/35
  ✓  1041 [firefox] › e2e/figma-parity.spec.ts:57:3 › figma parity execution (1.8s)
PARITY governance 35/35
  ✓  1043 [firefox] › e2e/figma-parity.spec.ts:57:3 › figma parity governance (1.5s)
PARITY gateway 31/31
  ✓  1044 [firefox] › e2e/figma-parity.spec.ts:57:3 › figma parity gateway (1.9s)
PARITY configuration 18/21 missing: Proposed scope | Policy JSON | Rollback proposal
  ✓  1045 [firefox] › e2e/figma-parity.spec.ts:57:3 › figma parity configuration (2.0s)
PARITY identity 28/28
  ✓  1046 [firefox] › e2e/figma-parity.spec.ts:57:3 › figma parity identity (1.9s)
PARITY memory 20/22 missing: Source revision / snapshot | Source digest
  ✓  1042 [firefox] › e2e/figma-parity.spec.ts:57:3 › figma parity memory (3.8s)
PARITY tenancy 27/27
  ✓  1047 [firefox] › e2e/figma-parity.spec.ts:57:3 › figma parity tenancy (1.8s)
PARITY saas 30/30
  ✓  1048 [firefox] › e2e/figma-parity.spec.ts:57:3 › figma parity saas (1.7s)
PARITY desktop 31/31
  ✓  1049 [firefox] › e2e/figma-parity.spec.ts:57:3 › figma parity desktop (1.9s)
PARITY observer 30/30
  ✓  1050 [firefox] › e2e/figma-parity.spec.ts:57:3 › figma parity observer (1.3s)
PARITY connection 19/19
  ✓  1051 [firefox] › e2e/figma-parity.spec.ts:57:3 › figma parity connection (1.2s)
  ✓  1053 [firefox] › e2e/ides.spec.ts:63:1 › specifications: preview never runs scripts from Markdown (6.7s)
  ✓  1054 [firefox] › e2e/ides.spec.ts:84:1 › code intelligence: import folder, search, outline symbols (8.8s)
  ✓  1052 [firefox] › e2e/ides.spec.ts:4:1 › specifications: create, edit, save, outline, preview, history (11.8s)
  ✓  1056 [firefox] › e2e/native-states.spec.ts:5:3 › native state SP-Catalog · dark (4.2s)
  ✓  1057 [firefox] › e2e/native-states.spec.ts:5:3 › native state SP-Conflict · dark (3.7s)
  ✓  1058 [firefox] › e2e/native-states.spec.ts:5:3 › native state SP-Freeze · dark (4.6s)
  ✓  1059 [firefox] › e2e/native-states.spec.ts:5:3 › native state CI-Coverage · dark (4.1s)
  ✓  1055 [firefox] › e2e/ides.spec.ts:119:1 › workflow: tasks, pinned agent, cycle detection, save (12.8s)
  ✓  1060 [firefox] › e2e/native-states.spec.ts:5:3 › native state AG-Readiness · dark (4.3s)
  ✓  1061 [firefox] › e2e/native-states.spec.ts:5:3 › native state AG-Guardrails · dark (4.3s)
  ✓  1062 [firefox] › e2e/native-states.spec.ts:5:3 › native state RS-MCP · dark (4.3s)
  ✓  1063 [firefox] › e2e/native-states.spec.ts:5:3 › native state MM-Context · dark (5.3s)
  ✓  1064 [firefox] › e2e/native-states.spec.ts:5:3 › native state WF-Task · dark (4.8s)
  ✓  1065 [firefox] › e2e/native-states.spec.ts:5:3 › native state EX-TaskAttempt · dark (5.6s)
  ✓  1066 [firefox] › e2e/native-states.spec.ts:5:3 › native state CMD-Unknown · dark (4.8s)
  ✓  1067 [firefox] › e2e/native-states.spec.ts:5:3 › native state EX-Cleanup · dark (4.3s)
  ✓  1068 [firefox] › e2e/native-states.spec.ts:5:3 › native state RV-Acceptance · dark (5.3s)
  ✓  1031 [firefox] › e2e/definitions.spec.ts:65:1 › every definition type can be created with defaults (FND-004) (1.0m)
  ✓  1069 [firefox] › e2e/native-states.spec.ts:5:3 › native state IAM-Scope · dark (5.4s)
  ✓  1070 [firefox] › e2e/native-states.spec.ts:5:3 › native state CFG-Policy · dark (5.7s)
  ✓  1071 [firefox] › e2e/native-states.spec.ts:5:3 › native state SAAS-Budget · dark (5.4s)
  ✓  1072 [firefox] › e2e/native-states.spec.ts:5:3 › native state DT-Unavailable · dark (5.1s)
  ✓  1073 [firefox] › e2e/native-states.spec.ts:5:3 › native state OB-Stale · dark (4.9s)
  ✓  1074 [firefox] › e2e/native-states.spec.ts:5:3 › native state SP-Catalog · light (5.3s)
  ✓  1075 [firefox] › e2e/native-states.spec.ts:5:3 › native state SP-Conflict · light (5.0s)
  ✓  1076 [firefox] › e2e/native-states.spec.ts:5:3 › native state SP-Freeze · light (5.5s)
  ✓  1078 [firefox] › e2e/native-states.spec.ts:5:3 › native state AG-Readiness · light (5.2s)
  ✓  1077 [firefox] › e2e/native-states.spec.ts:5:3 › native state CI-Coverage · light (6.8s)
  ✓  1079 [firefox] › e2e/native-states.spec.ts:5:3 › native state AG-Guardrails · light (7.0s)
  ✓  1080 [firefox] › e2e/native-states.spec.ts:5:3 › native state RS-MCP · light (6.9s)
  ✓  1081 [firefox] › e2e/native-states.spec.ts:5:3 › native state MM-Context · light (6.4s)
  ✓  1082 [firefox] › e2e/native-states.spec.ts:5:3 › native state WF-Task · light (6.2s)
  ✓  1083 [firefox] › e2e/native-states.spec.ts:5:3 › native state EX-TaskAttempt · light (5.1s)
  ✓  1084 [firefox] › e2e/native-states.spec.ts:5:3 › native state CMD-Unknown · light (4.3s)
  ✓  1085 [firefox] › e2e/native-states.spec.ts:5:3 › native state EX-Cleanup · light (4.3s)
  ✓  1086 [firefox] › e2e/native-states.spec.ts:5:3 › native state RV-Acceptance · light (4.7s)
  ✓  1087 [firefox] › e2e/native-states.spec.ts:5:3 › native state IAM-Scope · light (4.1s)
  ✓  1088 [firefox] › e2e/native-states.spec.ts:5:3 › native state CFG-Policy · light (4.8s)
  ✓  1089 [firefox] › e2e/native-states.spec.ts:5:3 › native state SAAS-Budget · light (4.6s)
  ✓  1090 [firefox] › e2e/native-states.spec.ts:5:3 › native state DT-Unavailable · light (4.6s)
  ✓  1091 [firefox] › e2e/native-states.spec.ts:5:3 › native state OB-Stale · light (4.3s)
REALTIME {"presenceObservedMs":970,"environment":"local protocol peer"}
  ✓  1092 [firefox] › e2e/realtime.spec.ts:137:1 › presence arrives through its scoped endpoint and expires from resolved policy (4.3s)
  ✓  1095 [firefox] › e2e/realtime.spec.ts:392:1 › Observer does not restore workspace authority and has independent grants (5.6s)
  -  1097 [firefox] › e2e/release.spec.ts:7:1 › every file matches the release manifest byte-for-byte
  -  1098 [firefox] › e2e/release.spec.ts:24:1 › security headers and caching
  -  1099 [firefox] › e2e/release.spec.ts:37:1 › client routes serve the app; missing files are 404
  ✓  1096 [firefox] › e2e/realtime.spec.ts:439:1 › resolved policy overrides drive risk and three budget classifications (5.1s)
  ✓  1101 [firefox] › e2e/scene.spec.ts:8:3 › dedicated review template without service (3.9s)
  ✓  1100 [firefox] › e2e/scene.spec.ts:8:3 › dedicated ide template without service (4.7s)
REALTIME {"crdtPeerObservedMs":39,"environment":"local protocol peer"}
  ✓  1093 [firefox] › e2e/realtime.spec.ts:208:1 › scoped DAG, terminal and structured thoughts reject gaps without replaying commands (13.2s)
  ✓  1103 [firefox] › e2e/scene.spec.ts:8:3 › dedicated statepattern template without service (3.8s)
  ✓  1102 [firefox] › e2e/scene.spec.ts:8:3 › dedicated table template without service (4.1s)
  ✓  1094 [firefox] › e2e/realtime.spec.ts:303:1 › Yjs synchronizes two Monaco editors and closes editing on disconnect (15.3s)
  ✓  1104 [firefox] › e2e/scene.spec.ts:8:3 › dedicated run template without service (3.8s)
  ✓  1105 [firefox] › e2e/scene.spec.ts:8:3 › dedicated observer template without service (3.5s)
  ✓  1106 [firefox] › e2e/scene.spec.ts:8:3 › dedicated trace template without service (3.5s)
  ✓  1107 [firefox] › e2e/scene.spec.ts:8:3 › dedicated terminal template without service (3.2s)
  ✓  1108 [firefox] › e2e/scene.spec.ts:8:3 › dedicated diff template without service (3.9s)
  ✓  1110 [firefox] › e2e/scene.spec.ts:8:3 › dedicated plan template without service (3.6s)
  ✓  1109 [firefox] › e2e/scene.spec.ts:8:3 › dedicated merge template without service (3.8s)
  ✓  1111 [firefox] › e2e/scene.spec.ts:8:3 › dedicated tasklist template without service (5.5s)
  ✓  1112 [firefox] › e2e/scene.spec.ts:8:3 › dedicated workflow template without service (5.3s)
  ✓  1113 [firefox] › e2e/scene.spec.ts:8:3 › dedicated palette template without service (4.4s)
  ✓  1117 [firefox] › e2e/service.spec.ts:117:1 › rejects credentials in the service URL (1.9s)
  ✓  1115 [firefox] › e2e/scope-presence.spec.ts:6:49 › scope switch Effective preserves command identity and checks readback (5.1s)
  ✓  1114 [firefox] › e2e/scene.spec.ts:29:1 › mobile IDE reveals imported source and switches panels without document overflow (8.2s)
  ✓  1116 [firefox] › e2e/scope-presence.spec.ts:6:49 › scope switch Unknown preserves command identity and checks readback (5.7s)
  ✓  1121 [firefox] › e2e/service.spec.ts:200:1 › 401 ends the session with a single reconnect notice (FND-005) (3.2s)
  ✓  1120 [firefox] › e2e/service.spec.ts:190:1 › session is restored after a reload from the service cookie session (4.7s)
  ✓  1119 [firefox] › e2e/service.spec.ts:165:1 › server error after send is Unknown and never resent (6.0s)
  ✓  1122 [firefox] › e2e/shell.spec.ts:3:1 › skip link, route focus, title and breadcrumb (2.2s)
  ✓  1118 [firefox] › e2e/service.spec.ts:129:1 › connect, inspect a record and send one command per activation (9.9s)
  ✓  1125 [firefox] › e2e/shell.spec.ts:61:1 › theme preference persists across reloads (2.2s)
  ✓  1126 [firefox] › e2e/shell.spec.ts:74:1 › unknown route shows a not-found page inside the shell (1.1s)
  ✓  1124 [firefox] › e2e/shell.spec.ts:44:1 › help dialog opens with ? and returns focus (4.7s)
  ✓  1123 [firefox] › e2e/shell.spec.ts:29:1 › command palette searches views and navigates (5.3s)
  ✓  1127 [firefox] › e2e/shell.spec.ts:89:3 › mobile › navigation drawer (4.1s)
  ✓  1129 [firefox] › e2e/shell.spec.ts:113:3 › no horizontal overflow at 768px (8.8s)
  ✓  1130 [firefox] › e2e/shell.spec.ts:113:3 › no horizontal overflow at 1024px (8.5s)
  ✓  1128 [firefox] › e2e/shell.spec.ts:113:3 › no horizontal overflow at 320px (9.5s)
(node:58570) Warning: The 'NO_COLOR' env is ignored due to the 'FORCE_COLOR' env being set.
(Use `node --trace-warnings ...` to show where the warning was created)
(node:58571) Warning: The 'NO_COLOR' env is ignored due to the 'FORCE_COLOR' env being set.
(Use `node --trace-warnings ...` to show where the warning was created)
(node:58570) Warning: The 'NO_COLOR' env is ignored due to the 'FORCE_COLOR' env being set.
(Use `node --trace-warnings ...` to show where the warning was created)
(node:58571) Warning: The 'NO_COLOR' env is ignored due to the 'FORCE_COLOR' env being set.
(Use `node --trace-warnings ...` to show where the warning was created)
  ✓  1131 [firefox] › e2e/shell.spec.ts:113:3 › no horizontal overflow at 1280px (7.8s)
(node:58800) Warning: The 'NO_COLOR' env is ignored due to the 'FORCE_COLOR' env being set.
(Use `node --trace-warnings ...` to show where the warning was created)
(node:58800) Warning: The 'NO_COLOR' env is ignored due to the 'FORCE_COLOR' env being set.
(Use `node --trace-warnings ...` to show where the warning was created)
  ✓  1134 [webkit] › e2e/a11y.spec.ts:34:30 › modules · dark › /specifications (6.2s)
  ✓  1133 [webkit] › e2e/a11y.spec.ts:34:30 › modules · dark › / (6.6s)
  ✓  1132 [firefox] › e2e/shell.spec.ts:113:3 › no horizontal overflow at 1920px (9.9s)
  ✓  1135 [webkit] › e2e/a11y.spec.ts:34:30 › modules · dark › /code (6.0s)
(node:59323) Warning: The 'NO_COLOR' env is ignored due to the 'FORCE_COLOR' env being set.
(Use `node --trace-warnings ...` to show where the warning was created)
(node:59323) Warning: The 'NO_COLOR' env is ignored due to the 'FORCE_COLOR' env being set.
(Use `node --trace-warnings ...` to show where the warning was created)
  ✓  1136 [webkit] › e2e/a11y.spec.ts:34:30 › modules · dark › /agents (5.4s)
  ✓  1137 [webkit] › e2e/a11y.spec.ts:34:30 › modules · dark › /resources (6.3s)
  ✓  1138 [webkit] › e2e/a11y.spec.ts:34:30 › modules · dark › /execution (6.0s)
  ✓  1139 [webkit] › e2e/a11y.spec.ts:34:30 › modules · dark › /workflow (5.4s)
  ✓  1140 [webkit] › e2e/a11y.spec.ts:34:30 › modules · dark › /governance (5.8s)
  ✓  1141 [webkit] › e2e/a11y.spec.ts:34:30 › modules · dark › /memory (5.0s)
  ✓  1142 [webkit] › e2e/a11y.spec.ts:34:30 › modules · dark › /gateway (6.5s)
  ✓  1143 [webkit] › e2e/a11y.spec.ts:34:30 › modules · dark › /collaboration (5.8s)
  ✓  1144 [webkit] › e2e/a11y.spec.ts:34:30 › modules · dark › /configuration (5.2s)
  ✓  1145 [webkit] › e2e/a11y.spec.ts:34:30 › modules · dark › /identity (5.7s)
  ✓  1146 [webkit] › e2e/a11y.spec.ts:34:30 › modules · dark › /tenancy (5.5s)
  ✓  1149 [webkit] › e2e/a11y.spec.ts:34:30 › modules · dark › /observer (4.1s)
  ✓  1147 [webkit] › e2e/a11y.spec.ts:34:30 › modules · dark › /saas (5.3s)
  ✓  1148 [webkit] › e2e/a11y.spec.ts:34:30 › modules · dark › /desktop (5.4s)
  ✓  1151 [webkit] › e2e/a11y.spec.ts:34:30 › modules · dark › /connection (4.5s)
  ✓  1153 [webkit] › e2e/a11y.spec.ts:34:30 › modules · dark › /resources/drafts/mcp-resource (5.5s)
  ✓  1150 [webkit] › e2e/a11y.spec.ts:34:30 › modules · dark › /definitions (6.0s)
  ✓  1152 [webkit] › e2e/a11y.spec.ts:34:30 › modules · dark › /definitions/agent (5.9s)
  ✓  1154 [webkit] › e2e/a11y.spec.ts:34:30 › modules · dark › /no-such-view (4.5s)
  ✓  1157 [webkit] › e2e/a11y.spec.ts:34:30 › modules · light › /code (5.0s)
  ✓  1156 [webkit] › e2e/a11y.spec.ts:34:30 › modules · light › /specifications (5.1s)
  ✓  1155 [webkit] › e2e/a11y.spec.ts:34:30 › modules · light › / (5.2s)
  ✓  1158 [webkit] › e2e/a11y.spec.ts:34:30 › modules · light › /agents (5.0s)
  ✓  1160 [webkit] › e2e/a11y.spec.ts:34:30 › modules · light › /workflow (5.8s)
  ✓  1159 [webkit] › e2e/a11y.spec.ts:34:30 › modules · light › /resources (6.1s)
  ✓  1161 [webkit] › e2e/a11y.spec.ts:34:30 › modules · light › /execution (6.8s)
  ✓  1162 [webkit] › e2e/a11y.spec.ts:34:30 › modules · light › /governance (6.9s)
  ✓  1163 [webkit] › e2e/a11y.spec.ts:34:30 › modules · light › /memory (5.4s)
  ✓  1164 [webkit] › e2e/a11y.spec.ts:34:30 › modules · light › /gateway (6.8s)
  ✓  1165 [webkit] › e2e/a11y.spec.ts:34:30 › modules · light › /collaboration (6.4s)
  ✓  1166 [webkit] › e2e/a11y.spec.ts:34:30 › modules · light › /configuration (5.5s)
  ✓  1167 [webkit] › e2e/a11y.spec.ts:34:30 › modules · light › /identity (6.5s)
  ✓  1168 [webkit] › e2e/a11y.spec.ts:34:30 › modules · light › /tenancy (6.3s)
  ✓  1169 [webkit] › e2e/a11y.spec.ts:34:30 › modules · light › /saas (6.5s)
  ✓  1170 [webkit] › e2e/a11y.spec.ts:34:30 › modules · light › /desktop (6.9s)
  ✓  1171 [webkit] › e2e/a11y.spec.ts:34:30 › modules · light › /observer (6.7s)
  ✓  1172 [webkit] › e2e/a11y.spec.ts:34:30 › modules · light › /connection (6.6s)
  ✓  1173 [webkit] › e2e/a11y.spec.ts:34:30 › modules · light › /definitions (7.0s)
  ✓  1174 [webkit] › e2e/a11y.spec.ts:34:30 › modules · light › /definitions/agent (5.5s)
  ✓  1175 [webkit] › e2e/a11y.spec.ts:34:30 › modules · light › /resources/drafts/mcp-resource (4.9s)
  ✓  1176 [webkit] › e2e/a11y.spec.ts:34:30 › modules · light › /no-such-view (4.0s)
  ✓  1177 [webkit] › e2e/a11y.spec.ts:40:26 › all planned views · dark › /sign-in (3.6s)
  ✓  1178 [webkit] › e2e/a11y.spec.ts:40:26 › all planned views · dark › /sign-in/help (3.6s)
  ✓  1179 [webkit] › e2e/a11y.spec.ts:40:26 › all planned views · dark › /invitations (3.5s)
  ✓  1180 [webkit] › e2e/a11y.spec.ts:40:26 › all planned views · dark › /tenancy/onboarding (5.2s)
  ✓  1181 [webkit] › e2e/a11y.spec.ts:40:26 › all planned views · dark › /tenancy/projects (4.9s)
  ✓  1182 [webkit] › e2e/a11y.spec.ts:40:26 › all planned views · dark › /tenancy/project-new (5.9s)
  ✓  1183 [webkit] › e2e/a11y.spec.ts:40:26 › all planned views · dark › /tenancy/setup-complete (5.6s)
  ✓  1185 [webkit] › e2e/a11y.spec.ts:40:26 › all planned views · dark › /identity/invitations (4.8s)
  ✓  1184 [webkit] › e2e/a11y.spec.ts:40:26 › all planned views · dark › /identity/members (6.0s)
  ✓  1186 [webkit] › e2e/a11y.spec.ts:40:26 › all planned views · dark › /identity/roles (5.0s)
  ✓  1187 [webkit] › e2e/a11y.spec.ts:40:26 › all planned views · dark › /identity/role-editor (5.4s)
  ✓  1188 [webkit] › e2e/a11y.spec.ts:40:26 › all planned views · dark › /identity/access (4.6s)
  ✓  1189 [webkit] › e2e/a11y.spec.ts:40:26 › all planned views · dark › /gateway/gateway (5.8s)
  ✓  1190 [webkit] › e2e/a11y.spec.ts:40:26 › all planned views · dark › /gateway/routing (5.9s)
  ✓  1192 [webkit] › e2e/a11y.spec.ts:40:26 › all planned views · dark › /resources/hub (5.8s)
  ✓  1191 [webkit] › e2e/a11y.spec.ts:40:26 › all planned views · dark › /gateway/budgets (7.8s)
  ✓  1193 [webkit] › e2e/a11y.spec.ts:40:26 › all planned views · dark › /resources/skills (6.1s)
  ✓  1194 [webkit] › e2e/a11y.spec.ts:40:26 › all planned views · dark › /resources/rules (6.3s)
  ✓  1195 [webkit] › e2e/a11y.spec.ts:40:26 › all planned views · dark › /resources/plugins (5.8s)
  ✓  1197 [webkit] › e2e/a11y.spec.ts:40:26 › all planned views · dark › /resources/sidecars (6.0s)
  ✓  1196 [webkit] › e2e/a11y.spec.ts:40:26 › all planned views · dark › /resources/hooks (7.5s)
  ✓  1198 [webkit] › e2e/a11y.spec.ts:40:26 › all planned views · dark › /memory/memory (6.2s)
  ✓  1199 [webkit] › e2e/a11y.spec.ts:40:26 › all planned views · dark › /memory/memory-settings (6.7s)
  ✓  1200 [webkit] › e2e/a11y.spec.ts:40:26 › all planned views · dark › /memory/memory-import (6.2s)
  ✓  1201 [webkit] › e2e/a11y.spec.ts:40:26 › all planned views · dark › /memory/curation (5.8s)
  ✓  1202 [webkit] › e2e/a11y.spec.ts:40:26 › all planned views · dark › /configuration/settings (4.6s)
  ✓  1203 [webkit] › e2e/a11y.spec.ts:40:26 › all planned views · dark › /configuration/runtime-settings (5.5s)
  ✓  1206 [webkit] › e2e/a11y.spec.ts:40:26 › all planned views · dark › /agents/default-agent (5.1s)
  ✓  1205 [webkit] › e2e/a11y.spec.ts:40:26 › all planned views · dark › /code/integrations (5.4s)
  ✓  1204 [webkit] › e2e/a11y.spec.ts:40:26 › all planned views · dark › /configuration/risk-policy (5.6s)
  ✓  1207 [webkit] › e2e/a11y.spec.ts:40:26 › all planned views · dark › /resources/sandbox-templates (6.3s)
  ✓  1208 [webkit] › e2e/a11y.spec.ts:40:26 › all planned views · dark › /specifications/specs (5.1s)
  ✓  1209 [webkit] › e2e/a11y.spec.ts:40:26 › all planned views · dark › /specifications/editor (5.4s)
  ✓  1210 [webkit] › e2e/a11y.spec.ts:40:26 › all planned views · dark › /specifications/locked (5.2s)
  ✓  1213 [webkit] › e2e/a11y.spec.ts:40:26 › all planned views · dark › /specifications/merge (5.9s)
  ✓  1212 [webkit] › e2e/a11y.spec.ts:40:26 › all planned views · dark › /specifications/spec-diff (7.5s)
  ✓  1211 [webkit] › e2e/a11y.spec.ts:40:26 › all planned views · dark › /specifications/history (8.4s)
  ✓  1214 [webkit] › e2e/a11y.spec.ts:40:26 › all planned views · dark › /code/code (7.9s)
  ✓  1215 [webkit] › e2e/a11y.spec.ts:40:26 › all planned views · dark › /code/search-code (6.2s)
  ✓  1216 [webkit] › e2e/a11y.spec.ts:40:26 › all planned views · dark › /code/evidence (4.9s)
  ✓  1217 [webkit] › e2e/a11y.spec.ts:40:26 › all planned views · dark › /code/scan (7.4s)
  ✓  1220 [webkit] › e2e/a11y.spec.ts:40:26 › all planned views · dark › /workflow/plans (7.7s)
  ✓  1219 [webkit] › e2e/a11y.spec.ts:40:26 › all planned views · dark › /memory/memory-prep (7.8s)
  ✓  1218 [webkit] › e2e/a11y.spec.ts:40:26 › all planned views · dark › /code/drift (13.0s)
  ✓  1221 [webkit] › e2e/a11y.spec.ts:40:26 › all planned views · dark › /workflow/plan-detail (8.1s)
  ✓  1222 [webkit] › e2e/a11y.spec.ts:40:26 › all planned views · dark › /workflow/workflow (5.7s)
  ✓  1223 [webkit] › e2e/a11y.spec.ts:40:26 › all planned views · dark › /agents/agent-compose (7.1s)
  ✓  1224 [webkit] › e2e/a11y.spec.ts:40:26 › all planned views · dark › /workflow/meta-agent (6.6s)
  ✓  1225 [webkit] › e2e/a11y.spec.ts:40:26 › all planned views · dark › /workflow/contracts (6.7s)
  ✓  1226 [webkit] › e2e/a11y.spec.ts:40:26 › all planned views · dark › /execution/runs (5.6s)
  ✓  1228 [webkit] › e2e/a11y.spec.ts:40:26 › all planned views · dark › /execution/terminal (5.0s)
  ✓  1227 [webkit] › e2e/a11y.spec.ts:40:26 › all planned views · dark › /execution/run-detail (5.5s)
  ✓  1229 [webkit] › e2e/a11y.spec.ts:40:26 › all planned views · dark › /execution/activity-tree (5.1s)
  ✓  1230 [webkit] › e2e/a11y.spec.ts:40:26 › all planned views · dark › /execution/artifacts (4.8s)
  ✓  1232 [webkit] › e2e/a11y.spec.ts:40:26 › all planned views · dark › /execution/sandboxes (5.5s)
  ✓  1231 [webkit] › e2e/a11y.spec.ts:40:26 › all planned views · dark › /execution/snapshot (6.0s)
  ✓  1233 [webkit] › e2e/a11y.spec.ts:40:26 › all planned views · dark › /execution/locks (5.8s)
  ✓  1234 [webkit] › e2e/a11y.spec.ts:40:26 › all planned views · dark › /governance/gates (4.7s)
  ✓  1235 [webkit] › e2e/a11y.spec.ts:40:26 › all planned views · dark › /governance/gate-detail (5.4s)
  ✓  1236 [webkit] › e2e/a11y.spec.ts:40:26 › all planned views · dark › /governance/gate-medium (5.6s)
  ✓  1237 [webkit] › e2e/a11y.spec.ts:40:26 › all planned views · dark › /governance/diff-review (5.5s)
  ✓  1238 [webkit] › e2e/a11y.spec.ts:40:26 › all planned views · dark › /governance/security (5.4s)
  ✓  1239 [webkit] › e2e/a11y.spec.ts:40:26 › all planned views · dark › /governance/pull-request (5.4s)
  ✓  1240 [webkit] › e2e/a11y.spec.ts:40:26 › all planned views · dark › /governance/ci-failed (5.3s)
  ✓  1242 [webkit] › e2e/a11y.spec.ts:40:26 › all planned views · dark › /governance/post-merge (4.7s)
  ✓  1241 [webkit] › e2e/a11y.spec.ts:40:26 › all planned views · dark › /governance/pr-conflict (5.1s)
  ✓  1243 [webkit] › e2e/a11y.spec.ts:40:26 › all planned views · dark › /governance/audit (5.1s)
  ✓  1244 [webkit] › e2e/a11y.spec.ts:40:26 › all planned views · dark › /collaboration/notifications (5.6s)
  ✓  1246 [webkit] › e2e/a11y.spec.ts:40:26 › all planned views · dark › /code/components (5.6s)
  ✓  1245 [webkit] › e2e/a11y.spec.ts:40:26 › all planned views · dark › /code/exceptions (5.9s)
  ✓  1247 [webkit] › e2e/a11y.spec.ts:40:26 › all planned views · dark › /code/index (6.6s)
  ✓  1249 [webkit] › e2e/a11y.spec.ts:40:26 › all planned views · dark › /identity/invite-identity (4.5s)
  ✓  1248 [webkit] › e2e/a11y.spec.ts:40:26 › all planned views · dark › /home/setup-readiness (6.3s)
  ✓  1250 [webkit] › e2e/a11y.spec.ts:40:26 › all planned views · dark › /identity/access-revoked (6.7s)
  ✓  1252 [webkit] › e2e/a11y.spec.ts:40:26 › all planned views · dark › /gateway/budget-ledger (5.1s)
  ✓  1251 [webkit] › e2e/a11y.spec.ts:40:26 › all planned views · dark › /tenancy/repo-reconcile (5.8s)
  ✓  1253 [webkit] › e2e/a11y.spec.ts:40:26 › all planned views · dark › /resources/registry-impact (6.4s)
  ✓  1254 [webkit] › e2e/a11y.spec.ts:40:26 › all planned views · dark › /memory/memory-lineage (5.2s)
  ✓  1255 [webkit] › e2e/a11y.spec.ts:40:26 › all planned views · dark › /workflow/workflow-proposal (5.1s)
  ✓  1256 [webkit] › e2e/a11y.spec.ts:40:26 › all planned views · dark › /specifications/draft-recovery (5.4s)
  ✓  1257 [webkit] › e2e/a11y.spec.ts:40:26 › all planned views · dark › /specifications/stale-merge (5.4s)
  ✓  1258 [webkit] › e2e/a11y.spec.ts:40:26 › all planned views · dark › /workflow/input-lineage (4.6s)
  ✓  1259 [webkit] › e2e/a11y.spec.ts:40:26 › all planned views · dark › /code/greenfield (4.7s)
  ✓  1260 [webkit] › e2e/a11y.spec.ts:40:26 › all planned views · dark › /workflow/generation-job (4.5s)
  ✓  1261 [webkit] › e2e/a11y.spec.ts:40:26 › all planned views · dark › /execution/admission (4.4s)
  ✓  1262 [webkit] › e2e/a11y.spec.ts:40:26 › all planned views · dark › /execution/artifact-handoff (4.9s)
  ✓  1263 [webkit] › e2e/a11y.spec.ts:40:26 › all planned views · dark › /connection/recovery (3.8s)
  ✓  1264 [webkit] › e2e/a11y.spec.ts:40:26 › all planned views · dark › /governance/secret-triage (4.7s)
  ✓  1265 [webkit] › e2e/a11y.spec.ts:40:26 › all planned views · dark › /governance/reviewer-eligibility (5.3s)
  ✓  1266 [webkit] › e2e/a11y.spec.ts:40:26 › all planned views · dark › /governance/signature-history (4.9s)
  ✓  1267 [webkit] › e2e/a11y.spec.ts:40:26 › all planned views · dark › /connection/pr-reconcile (4.9s)
  ✓  1268 [webkit] › e2e/a11y.spec.ts:40:26 › all planned views · dark › /governance/acceptance (5.0s)
  ✓  1269 [webkit] › e2e/a11y.spec.ts:40:26 › all planned views · dark › /execution/cleanup (5.4s)
  ✓  1270 [webkit] › e2e/a11y.spec.ts:40:26 › all planned views · dark › /tenancy/offboarding (5.7s)
  ✓  1271 [webkit] › e2e/a11y.spec.ts:40:26 › all planned views · dark › /configuration/policy-impact (5.0s)
  ✓  1272 [webkit] › e2e/a11y.spec.ts:40:26 › all planned views · dark › /observer/incident-recovery (4.3s)
  ✓  1273 [webkit] › e2e/a11y.spec.ts:40:26 › all planned views · dark › /code/business-states (5.1s)
  ✓  1274 [webkit] › e2e/a11y.spec.ts:40:26 › all planned views · dark › /code/design-journeys (4.6s)
  ✓  1275 [webkit] › e2e/a11y.spec.ts:40:26 › all planned views · dark › /code/code-symbols (5.0s)
  ✓  1276 [webkit] › e2e/a11y.spec.ts:40:26 › all planned views · dark › /memory/ai-context (5.1s)
  ✓  1278 [webkit] › e2e/a11y.spec.ts:40:26 › all planned views · dark › /tenancy/organizations (5.2s)
  ✓  1277 [webkit] › e2e/a11y.spec.ts:40:26 › all planned views · dark › /code/ide-states (5.3s)
  ✓  1279 [webkit] › e2e/a11y.spec.ts:40:26 › all planned views · dark › /tenancy/workspaces (4.7s)
  ✓  1280 [webkit] › e2e/a11y.spec.ts:40:26 › all planned views · dark › /tenancy/workspace-settings (5.6s)
  ✓  1281 [webkit] › e2e/a11y.spec.ts:40:26 › all planned views · dark › /workflow/workflow-templates (5.4s)
  ✓  1282 [webkit] › e2e/a11y.spec.ts:40:26 › all planned views · dark › /specifications/conflicts (5.9s)
  ✓  1283 [webkit] › e2e/a11y.spec.ts:40:26 › all planned views · dark › /memory/memory-layers (6.5s)
  ✓  1284 [webkit] › e2e/a11y.spec.ts:40:26 › all planned views · dark › /governance/risk-review (5.3s)
  ✓  1285 [webkit] › e2e/a11y.spec.ts:40:26 › all planned views · dark › /workflow/wf-review (5.5s)
  ✓  1286 [webkit] › e2e/a11y.spec.ts:40:26 › all planned views · dark › /specifications/ide-journeys (5.9s)
  ✓  1287 [webkit] › e2e/a11y.spec.ts:40:26 › all planned views · dark › /tenancy/scope-workspaces (5.4s)
  ✓  1288 [webkit] › e2e/a11y.spec.ts:40:26 › all planned views · dark › /execution/execution (5.7s)
  ✓  1290 [webkit] › e2e/a11y.spec.ts:40:26 › all planned views · dark › /observer/sign-in (4.1s)
  ✓  1289 [webkit] › e2e/a11y.spec.ts:40:26 › all planned views · dark › /execution/execution-states (5.5s)
  ✓  1291 [webkit] › e2e/a11y.spec.ts:40:26 › all planned views · dark › /observer/obs-overview (6.3s)
  ✓  1292 [webkit] › e2e/a11y.spec.ts:40:26 › all planned views · dark › /observer/traces (5.7s)
  ✓  1293 [webkit] › e2e/a11y.spec.ts:40:26 › all planned views · dark › /observer/trace-detail (6.4s)
  ✓  1294 [webkit] › e2e/a11y.spec.ts:40:26 › all planned views · dark › /observer/metrics (7.0s)
  ✓  1296 [webkit] › e2e/a11y.spec.ts:40:26 › all planned views · dark › /observer/telemetry (5.7s)
  ✓  1295 [webkit] › e2e/a11y.spec.ts:40:26 › all planned views · dark › /observer/profiler (6.3s)
  ✓  1297 [webkit] › e2e/a11y.spec.ts:40:26 › all planned views · dark › /observer/infra (7.3s)
  ✓  1298 [webkit] › e2e/a11y.spec.ts:40:26 › all planned views · dark › /observer/saturation (8.3s)
  ✓  1299 [webkit] › e2e/a11y.spec.ts:40:26 › all planned views · dark › /observer/obs-audit (8.1s)
  ✓  1300 [webkit] › e2e/a11y.spec.ts:40:26 › all planned views · dark › /observer/exports (8.3s)
  ✓  1301 [webkit] › e2e/a11y.spec.ts:40:26 › all planned views · dark › /observer/index (7.5s)
  ✓  1302 [webkit] › e2e/a11y.spec.ts:40:26 › all planned views · dark › /observer/data-quality (6.1s)
  ✓  1303 [webkit] › e2e/a11y.spec.ts:40:26 › all planned views · dark › /observer/export-job (6.0s)
  ✓  1304 [webkit] › e2e/a11y.spec.ts:40:26 › all planned views · dark › /observer/profile-compatibility (6.2s)
  ✓  1306 [webkit] › e2e/a11y.spec.ts:40:26 › all planned views · dark › /identity/state-wrong-account (3.9s)
  ✓  1305 [webkit] › e2e/a11y.spec.ts:40:26 › all planned views · dark › /observer/diagnostic-handoff (4.7s)
  ✓  1307 [webkit] › e2e/a11y.spec.ts:40:26 › all planned views · dark › /identity/state-expired-invitation (5.1s)
  ✓  1308 [webkit] › e2e/a11y.spec.ts:40:26 › all planned views · dark › /home/state-access-changed (6.9s)
  ✓  1310 [webkit] › e2e/a11y.spec.ts:40:26 › all planned views · dark › /gateway/state-budget-blocked (7.1s)
  ✓  1309 [webkit] › e2e/a11y.spec.ts:40:26 › all planned views · dark › /code/state-repo-disconnected (7.8s)
  ✓  1311 [webkit] › e2e/a11y.spec.ts:40:26 › all planned views · dark › /agents/state-resource-revoked (7.2s)
  ✓  1312 [webkit] › e2e/a11y.spec.ts:40:26 › all planned views · dark › /memory/state-memory-deprecated (8.5s)
  ✓  1313 [webkit] › e2e/a11y.spec.ts:40:26 › all planned views · dark › /specifications/state-offline-draft (7.9s)
  ✓  1314 [webkit] › e2e/a11y.spec.ts:40:26 › all planned views · dark › /governance/state-merge-stale (8.9s)
  ✓  1315 [webkit] › e2e/a11y.spec.ts:40:26 › all planned views · dark › /home/state-input-superseded (9.1s)
  ✓  1316 [webkit] › e2e/a11y.spec.ts:40:26 › all planned views · dark › /code/state-empty-repository (9.2s)
  ✓  1318 [webkit] › e2e/a11y.spec.ts:40:26 › all planned views · dark › /home/state-checkpoint-required (10.3s)
  ✓  1317 [webkit] › e2e/a11y.spec.ts:40:26 › all planned views · dark › /home/state-generation-failed (11.7s)
  ✓  1319 [webkit] › e2e/a11y.spec.ts:40:26 › all planned views · dark › /home/state-artifact-not-durable (8.6s)
  ✓  1320 [webkit] › e2e/a11y.spec.ts:40:26 › all planned views · dark › /execution/state-snapshot-unavailable (6.6s)
  ✓  1321 [webkit] › e2e/a11y.spec.ts:40:26 › all planned views · dark › /code/state-scanner-unavailable (5.8s)
  ✓  1322 [webkit] › e2e/a11y.spec.ts:40:26 › all planned views · dark › /governance/state-secret-confirmed (5.9s)
  ✓  1323 [webkit] › e2e/a11y.spec.ts:40:26 › all planned views · dark › /identity/state-reviewer-missing (6.5s)
  ✓  1324 [webkit] › e2e/a11y.spec.ts:40:26 › all planned views · dark › /home/state-old-head-ci (6.1s)
  ✓  1325 [webkit] › e2e/a11y.spec.ts:40:26 › all planned views · dark › /home/state-pr-unknown (5.7s)
  ✓  1326 [webkit] › e2e/a11y.spec.ts:40:26 › all planned views · dark › /governance/state-partial-merge (6.3s)
  ✓  1327 [webkit] › e2e/a11y.spec.ts:40:26 › all planned views · dark › /governance/state-acceptance-failed (6.2s)
  ✓  1328 [webkit] › e2e/a11y.spec.ts:40:26 › all planned views · dark › /governance/state-verification-unknown (6.6s)
  ✓  1329 [webkit] › e2e/a11y.spec.ts:40:26 › all planned views · dark › /execution/state-cleanup-held (6.9s)
  ✓  1330 [webkit] › e2e/a11y.spec.ts:40:26 › all planned views · dark › /home/state-project-archived (6.8s)
  ✓  1331 [webkit] › e2e/a11y.spec.ts:40:26 › all planned views · dark › /home/state-restore-reconcile (6.9s)
  ✓  1332 [webkit] › e2e/a11y.spec.ts:40:26 › all planned views · dark › /specifications/ide-state-source-loading (6.3s)
  ✓  1333 [webkit] › e2e/a11y.spec.ts:40:26 › all planned views · dark › /specifications/ide-state-source-failed (7.3s)
  ✓  1334 [webkit] › e2e/a11y.spec.ts:40:26 › all planned views · dark › /specifications/ide-state-source-denied (7.1s)
  ✓  1335 [webkit] › e2e/a11y.spec.ts:40:26 › all planned views · dark › /specifications/ide-state-source-empty (6.8s)
  ✓  1336 [webkit] › e2e/a11y.spec.ts:40:26 › all planned views · dark › /specifications/ide-state-binary-file (7.5s)
  ✓  1337 [webkit] › e2e/a11y.spec.ts:40:26 › all planned views · dark › /specifications/ide-state-large-file (7.1s)
  ✓  1338 [webkit] › e2e/a11y.spec.ts:40:26 › all planned views · dark › /code/ide-state-stale-index (7.3s)
  ✓  1339 [webkit] › e2e/a11y.spec.ts:40:26 › all planned views · dark › /code/ide-state-partial-index (7.0s)
  ✓  1340 [webkit] › e2e/a11y.spec.ts:40:26 › all planned views · dark › /specifications/ide-state-offline-draft (6.7s)
  ✓  1341 [webkit] › e2e/a11y.spec.ts:40:26 › all planned views · dark › /specifications/ide-state-dirty-tab (6.7s)
  ✓  1343 [webkit] › e2e/a11y.spec.ts:40:26 › all planned views · dark › /memory/ide-state-stale-context (5.8s)
  ✓  1342 [webkit] › e2e/a11y.spec.ts:40:26 › all planned views · dark › /specifications/ide-state-frozen-draft (6.4s)
  ✓  1344 [webkit] › e2e/a11y.spec.ts:40:26 › all planned views · dark › /governance/v6-state-spec-acceptance (6.5s)
  ✓  1345 [webkit] › e2e/a11y.spec.ts:40:26 › all planned views · dark › /code/v6-state-code-linked-spec (6.0s)
  ✓  1346 [webkit] › e2e/a11y.spec.ts:40:26 › all planned views · dark › /memory/v6-state-greenfield-context (5.9s)
  ✓  1347 [webkit] › e2e/a11y.spec.ts:40:26 › all planned views · dark › /memory/v6-state-context-confirm (6.1s)
  ✓  1348 [webkit] › e2e/a11y.spec.ts:40:26 › all planned views · dark › /workflow/v6-state-multi-spec-plan (6.1s)
  ✓  1349 [webkit] › e2e/a11y.spec.ts:40:26 › all planned views · dark › /memory/v6-state-context-review (5.9s)
  ✓  1350 [webkit] › e2e/a11y.spec.ts:40:26 › all planned views · dark › /memory/v6-state-context-revoked (6.4s)
  ✓  1351 [webkit] › e2e/a11y.spec.ts:40:26 › all planned views · dark › /memory/v6-state-scope-confirm (6.5s)
  ✓  1352 [webkit] › e2e/a11y.spec.ts:40:26 › all planned views · dark › /execution/execution-state-empty (6.3s)
  ✓  1353 [webkit] › e2e/a11y.spec.ts:40:26 › all planned views · dark › /execution/execution-state-parallel (6.9s)
  ✓  1355 [webkit] › e2e/a11y.spec.ts:40:26 › all planned views · dark › /execution/execution-state-failed (6.5s)
  ✓  1354 [webkit] › e2e/a11y.spec.ts:40:26 › all planned views · dark › /execution/execution-state-checkpoint (8.0s)
  ✓  1356 [webkit] › e2e/a11y.spec.ts:40:26 › all planned views · dark › /gateway/execution-state-budget (7.4s)
  ✓  1357 [webkit] › e2e/a11y.spec.ts:40:26 › all planned views · dark › /execution/execution-state-paused (6.5s)
  ✓  1358 [webkit] › e2e/a11y.spec.ts:40:26 › all planned views · dark › /execution/execution-state-cleanup-error (8.2s)
  ✓  1359 [webkit] › e2e/a11y.spec.ts:40:26 › all planned views · dark › /execution/execution-state-completed (7.9s)
  ✓  1360 [webkit] › e2e/a11y.spec.ts:40:26 › all planned views · dark › /execution/execution-detail-terminal (6.4s)
  ✓  1361 [webkit] › e2e/a11y.spec.ts:40:26 › all planned views · dark › /execution/execution-detail-artifacts (7.1s)
  ✓  1362 [webkit] › e2e/a11y.spec.ts:40:26 › all planned views · dark › /memory/execution-detail-memory (6.1s)
  ✓  1364 [webkit] › e2e/a11y.spec.ts:40:26 › all planned views · dark › /execution/execution-command-accepted (6.7s)
  ✓  1363 [webkit] › e2e/a11y.spec.ts:40:26 › all planned views · dark › /execution/execution-command-requested (6.9s)
  ✓  1365 [webkit] › e2e/a11y.spec.ts:40:26 › all planned views · dark › /connection/execution-command-outcome-unknown (6.0s)
  ✓  1366 [webkit] › e2e/a11y.spec.ts:40:26 › all planned views · dark › /execution/execution-dialog-checkpoint (8.0s)
  ✓  1367 [webkit] › e2e/a11y.spec.ts:40:26 › all planned views · dark › /execution/execution-dialog-cancel (7.3s)
  ✓  1368 [webkit] › e2e/a11y.spec.ts:40:26 › all planned views · dark › /execution/execution-dialog-resume (7.5s)
  ✓  1369 [webkit] › e2e/a11y.spec.ts:40:26 › all planned views · dark › /execution/execution-dialog-retry (8.4s)
  ✓  1371 [webkit] › e2e/a11y.spec.ts:40:26 › all planned views · dark › /execution/execution-agent-t-03 (5.9s)
  ✓  1372 [webkit] › e2e/a11y.spec.ts:40:26 › all planned views · dark › /execution/execution-agent-t-04 (6.1s)
  ✓  1370 [webkit] › e2e/a11y.spec.ts:40:26 › all planned views · dark › /execution/execution-agent-t-01 (7.1s)
  ✓  1373 [webkit] › e2e/a11y.spec.ts:40:26 › all planned views · dark › /execution/execution-agent-t-05 (6.3s)
  ✓  1374 [webkit] › e2e/a11y.spec.ts:40:26 › all planned views · dark › /execution/execution-agent-t-06 (6.1s)
  ✓  1376 [webkit] › e2e/a11y.spec.ts:40:26 › all planned views · dark › /workflow/execution-inspector-context (6.8s)
  ✓  1375 [webkit] › e2e/a11y.spec.ts:40:26 › all planned views · dark › /execution/execution-agent-t-07 (6.9s)
  ✓  1377 [webkit] › e2e/a11y.spec.ts:40:26 › all planned views · dark › /workflow/execution-inspector-access (6.3s)
  ✓  1378 [webkit] › e2e/a11y.spec.ts:40:26 › all planned views · dark › /execution/execution-dialog-snapshot (6.4s)
  ✓  1379 [webkit] › e2e/a11y.spec.ts:40:26 › all planned views · dark › /workflow/execution-dialog-lineage (6.3s)
  ✓  1380 [webkit] › e2e/a11y.spec.ts:40:26 › all planned views · dark › /workflow/execution-dialog-manifest (6.7s)
  ✓  1381 [webkit] › e2e/a11y.spec.ts:40:26 › all planned views · dark › /identity/execution-permission-viewer (6.8s)
  ✓  1382 [webkit] › e2e/a11y.spec.ts:40:26 › all planned views · dark › /execution/execution-command-approve-gate-requested (6.7s)
  ✓  1383 [webkit] › e2e/a11y.spec.ts:40:26 › all planned views · dark › /execution/execution-command-cancel-requested (6.8s)
  ✓  1384 [webkit] › e2e/a11y.spec.ts:40:26 › all planned views · dark › /execution/execution-command-resume-requested (7.2s)
  ✓  1386 [webkit] › e2e/a11y.spec.ts:40:26 › all planned views · light › /sign-in (5.9s)
  ✓  1385 [webkit] › e2e/a11y.spec.ts:40:26 › all planned views · dark › /execution/execution-command-retry-requested (8.3s)
  ✓  1388 [webkit] › e2e/a11y.spec.ts:40:26 › all planned views · light › /invitations (6.5s)
  ✓  1387 [webkit] › e2e/a11y.spec.ts:40:26 › all planned views · light › /sign-in/help (11.0s)
  ✓  1390 [webkit] › e2e/a11y.spec.ts:40:26 › all planned views · light › /tenancy/projects (9.6s)
  ✓  1389 [webkit] › e2e/a11y.spec.ts:40:26 › all planned views · light › /tenancy/onboarding (11.1s)
  ✓  1391 [webkit] › e2e/a11y.spec.ts:40:26 › all planned views · light › /tenancy/project-new (10.3s)
  ✓  1392 [webkit] › e2e/a11y.spec.ts:40:26 › all planned views · light › /tenancy/setup-complete (9.9s)
  ✓  1394 [webkit] › e2e/a11y.spec.ts:40:26 › all planned views · light › /identity/invitations (7.4s)
  ✓  1393 [webkit] › e2e/a11y.spec.ts:40:26 › all planned views · light › /identity/members (7.8s)
  ✓  1395 [webkit] › e2e/a11y.spec.ts:40:26 › all planned views · light › /identity/roles (6.9s)
  ✓  1396 [webkit] › e2e/a11y.spec.ts:40:26 › all planned views · light › /identity/role-editor (7.6s)
  ✓  1398 [webkit] › e2e/a11y.spec.ts:40:26 › all planned views · light › /gateway/gateway (6.0s)
  ✓  1397 [webkit] › e2e/a11y.spec.ts:40:26 › all planned views · light › /identity/access (6.3s)
  ✓  1399 [webkit] › e2e/a11y.spec.ts:40:26 › all planned views · light › /gateway/routing (7.7s)
  ✓  1400 [webkit] › e2e/a11y.spec.ts:40:26 › all planned views · light › /gateway/budgets (6.5s)
  ✓  1401 [webkit] › e2e/a11y.spec.ts:40:26 › all planned views · light › /resources/hub (6.4s)
  ✓  1402 [webkit] › e2e/a11y.spec.ts:40:26 › all planned views · light › /resources/skills (7.7s)
  ✓  1403 [webkit] › e2e/a11y.spec.ts:40:26 › all planned views · light › /resources/rules (6.6s)
  ✓  1404 [webkit] › e2e/a11y.spec.ts:40:26 › all planned views · light › /resources/plugins (6.8s)
  ✓  1405 [webkit] › e2e/a11y.spec.ts:40:26 › all planned views · light › /resources/hooks (6.9s)
  ✓  1406 [webkit] › e2e/a11y.spec.ts:40:26 › all planned views · light › /resources/sidecars (6.8s)
  ✓  1407 [webkit] › e2e/a11y.spec.ts:40:26 › all planned views · light › /memory/memory (7.0s)
  ✓  1408 [webkit] › e2e/a11y.spec.ts:40:26 › all planned views · light › /memory/memory-settings (6.7s)
  ✓  1409 [webkit] › e2e/a11y.spec.ts:40:26 › all planned views · light › /memory/memory-import (7.4s)
  ✓  1410 [webkit] › e2e/a11y.spec.ts:40:26 › all planned views · light › /memory/curation (6.6s)
  ✓  1411 [webkit] › e2e/a11y.spec.ts:40:26 › all planned views · light › /configuration/settings (6.5s)
  ✓  1412 [webkit] › e2e/a11y.spec.ts:40:26 › all planned views · light › /configuration/runtime-settings (7.8s)
  ✓  1413 [webkit] › e2e/a11y.spec.ts:40:26 › all planned views · light › /configuration/risk-policy (7.8s)
  ✓  1414 [webkit] › e2e/a11y.spec.ts:40:26 › all planned views · light › /code/integrations (7.7s)
  ✓  1415 [webkit] › e2e/a11y.spec.ts:40:26 › all planned views · light › /agents/default-agent (6.4s)
  ✓  1416 [webkit] › e2e/a11y.spec.ts:40:26 › all planned views · light › /resources/sandbox-templates (6.6s)
  ✓  1419 [webkit] › e2e/a11y.spec.ts:40:26 › all planned views · light › /specifications/locked (5.2s)
  ✓  1417 [webkit] › e2e/a11y.spec.ts:40:26 › all planned views · light › /specifications/specs (6.3s)
  ✓  1418 [webkit] › e2e/a11y.spec.ts:40:26 › all planned views · light › /specifications/editor (6.1s)
  ✓  1420 [webkit] › e2e/a11y.spec.ts:40:26 › all planned views · light › /specifications/history (8.0s)
  ✓  1421 [webkit] › e2e/a11y.spec.ts:40:26 › all planned views · light › /specifications/spec-diff (8.0s)
  ✓  1422 [webkit] › e2e/a11y.spec.ts:40:26 › all planned views · light › /specifications/merge (9.4s)
  ✓  1423 [webkit] › e2e/a11y.spec.ts:40:26 › all planned views · light › /code/code (11.0s)
  ✓  1424 [webkit] › e2e/a11y.spec.ts:40:26 › all planned views · light › /code/search-code (9.9s)
  ✓  1425 [webkit] › e2e/a11y.spec.ts:40:26 › all planned views · light › /code/evidence (9.7s)
  ✓  1426 [webkit] › e2e/a11y.spec.ts:40:26 › all planned views · light › /code/scan (9.0s)
  ✓  1427 [webkit] › e2e/a11y.spec.ts:40:26 › all planned views · light › /code/drift (7.2s)
  ✓  1428 [webkit] › e2e/a11y.spec.ts:40:26 › all planned views · light › /memory/memory-prep (6.3s)
  ✓  1430 [webkit] › e2e/a11y.spec.ts:40:26 › all planned views · light › /workflow/plan-detail (5.6s)
  ✓  1429 [webkit] › e2e/a11y.spec.ts:40:26 › all planned views · light › /workflow/plans (6.7s)
  ✓  1431 [webkit] › e2e/a11y.spec.ts:40:26 › all planned views · light › /workflow/workflow (6.9s)
  ✓  1432 [webkit] › e2e/a11y.spec.ts:40:26 › all planned views · light › /agents/agent-compose (7.0s)
  ✓  1434 [webkit] › e2e/a11y.spec.ts:40:26 › all planned views · light › /workflow/contracts (7.0s)
  ✓  1435 [webkit] › e2e/a11y.spec.ts:40:26 › all planned views · light › /execution/runs (6.1s)
  ✓  1433 [webkit] › e2e/a11y.spec.ts:40:26 › all planned views · light › /workflow/meta-agent (8.1s)
  ✓  1436 [webkit] › e2e/a11y.spec.ts:40:26 › all planned views · light › /execution/run-detail (6.7s)
  ✓  1437 [webkit] › e2e/a11y.spec.ts:40:26 › all planned views · light › /execution/terminal (7.8s)
  ✓  1438 [webkit] › e2e/a11y.spec.ts:40:26 › all planned views · light › /execution/activity-tree (7.5s)
  ✓  1439 [webkit] › e2e/a11y.spec.ts:40:26 › all planned views · light › /execution/artifacts (7.3s)
  ✓  1440 [webkit] › e2e/a11y.spec.ts:40:26 › all planned views · light › /execution/snapshot (7.5s)
  ✓  1442 [webkit] › e2e/a11y.spec.ts:40:26 › all planned views · light › /execution/locks (7.4s)
  ✓  1443 [webkit] › e2e/a11y.spec.ts:40:26 › all planned views · light › /governance/gates (7.2s)
  ✓  1441 [webkit] › e2e/a11y.spec.ts:40:26 › all planned views · light › /execution/sandboxes (8.7s)
  ✓  1444 [webkit] › e2e/a11y.spec.ts:40:26 › all planned views · light › /governance/gate-detail (11.8s)
  ✓  1445 [webkit] › e2e/a11y.spec.ts:40:26 › all planned views · light › /governance/gate-medium (12.0s)
  ✓  1447 [webkit] › e2e/a11y.spec.ts:40:26 › all planned views · light › /governance/security (10.9s)
  ✓  1446 [webkit] › e2e/a11y.spec.ts:40:26 › all planned views · light › /governance/diff-review (12.8s)
  ✓  1448 [webkit] › e2e/a11y.spec.ts:40:26 › all planned views · light › /governance/pull-request (7.4s)
  ✓  1450 [webkit] › e2e/a11y.spec.ts:40:26 › all planned views · light › /governance/pr-conflict (6.3s)
  ✓  1449 [webkit] › e2e/a11y.spec.ts:40:26 › all planned views · light › /governance/ci-failed (6.7s)
  ✓  1451 [webkit] › e2e/a11y.spec.ts:40:26 › all planned views · light › /governance/post-merge (6.6s)
  ✓  1452 [webkit] › e2e/a11y.spec.ts:40:26 › all planned views · light › /governance/audit (5.9s)
  ✓  1453 [webkit] › e2e/a11y.spec.ts:40:26 › all planned views · light › /collaboration/notifications (6.3s)
  ✓  1454 [webkit] › e2e/a11y.spec.ts:40:26 › all planned views · light › /code/exceptions (6.5s)
  ✓  1455 [webkit] › e2e/a11y.spec.ts:40:26 › all planned views · light › /code/components (6.8s)
  ✓  1456 [webkit] › e2e/a11y.spec.ts:40:26 › all planned views · light › /code/index (6.6s)
  ✓  1458 [webkit] › e2e/a11y.spec.ts:40:26 › all planned views · light › /identity/invite-identity (4.4s)
  ✓  1457 [webkit] › e2e/a11y.spec.ts:40:26 › all planned views · light › /home/setup-readiness (6.1s)
  ✓  1459 [webkit] › e2e/a11y.spec.ts:40:26 › all planned views · light › /identity/access-revoked (6.2s)
  ✓  1460 [webkit] › e2e/a11y.spec.ts:40:26 › all planned views · light › /tenancy/repo-reconcile (6.5s)
  ✓  1461 [webkit] › e2e/a11y.spec.ts:40:26 › all planned views · light › /gateway/budget-ledger (6.6s)
  ✓  1462 [webkit] › e2e/a11y.spec.ts:40:26 › all planned views · light › /resources/registry-impact (6.2s)
  ✓  1463 [webkit] › e2e/a11y.spec.ts:40:26 › all planned views · light › /memory/memory-lineage (7.4s)
  ✓  1464 [webkit] › e2e/a11y.spec.ts:40:26 › all planned views · light › /workflow/workflow-proposal (6.7s)
  ✓  1465 [webkit] › e2e/a11y.spec.ts:40:26 › all planned views · light › /specifications/draft-recovery (6.6s)
  ✓  1466 [webkit] › e2e/a11y.spec.ts:40:26 › all planned views · light › /specifications/stale-merge (7.1s)
  ✓  1467 [webkit] › e2e/a11y.spec.ts:40:26 › all planned views · light › /workflow/input-lineage (6.7s)
  ✓  1468 [webkit] › e2e/a11y.spec.ts:40:26 › all planned views · light › /code/greenfield (6.8s)
  ✓  1469 [webkit] › e2e/a11y.spec.ts:40:26 › all planned views · light › /workflow/generation-job (7.2s)
  ✓  1470 [webkit] › e2e/a11y.spec.ts:40:26 › all planned views · light › /execution/admission (6.3s)
  ✓  1471 [webkit] › e2e/a11y.spec.ts:40:26 › all planned views · light › /execution/artifact-handoff (6.0s)
  ✓  1472 [webkit] › e2e/a11y.spec.ts:40:26 › all planned views · light › /connection/recovery (5.6s)
  ✓  1473 [webkit] › e2e/a11y.spec.ts:40:26 › all planned views · light › /governance/secret-triage (6.3s)
  ✓  1474 [webkit] › e2e/a11y.spec.ts:40:26 › all planned views · light › /governance/reviewer-eligibility (6.4s)
  ✓  1475 [webkit] › e2e/a11y.spec.ts:40:26 › all planned views · light › /governance/signature-history (6.1s)
  ✓  1476 [webkit] › e2e/a11y.spec.ts:40:26 › all planned views · light › /connection/pr-reconcile (6.3s)
  ✓  1477 [webkit] › e2e/a11y.spec.ts:40:26 › all planned views · light › /governance/acceptance (6.1s)
  ✓  1478 [webkit] › e2e/a11y.spec.ts:40:26 › all planned views · light › /execution/cleanup (7.5s)
  ✓  1479 [webkit] › e2e/a11y.spec.ts:40:26 › all planned views · light › /tenancy/offboarding (6.8s)
  ✓  1480 [webkit] › e2e/a11y.spec.ts:40:26 › all planned views · light › /configuration/policy-impact (6.1s)
  ✓  1481 [webkit] › e2e/a11y.spec.ts:40:26 › all planned views · light › /observer/incident-recovery (5.6s)
  ✓  1482 [webkit] › e2e/a11y.spec.ts:40:26 › all planned views · light › /code/business-states (8.0s)
  ✓  1483 [webkit] › e2e/a11y.spec.ts:40:26 › all planned views · light › /code/design-journeys (7.0s)
  ✓  1484 [webkit] › e2e/a11y.spec.ts:40:26 › all planned views · light › /code/code-symbols (7.2s)
  ✓  1485 [webkit] › e2e/a11y.spec.ts:40:26 › all planned views · light › /memory/ai-context (8.3s)
  ✓  1487 [webkit] › e2e/a11y.spec.ts:40:26 › all planned views · light › /tenancy/organizations (7.3s)
  ✓  1486 [webkit] › e2e/a11y.spec.ts:40:26 › all planned views · light › /code/ide-states (8.4s)
  ✓  1488 [webkit] › e2e/a11y.spec.ts:40:26 › all planned views · light › /tenancy/workspaces (8.3s)
  ✓  1489 [webkit] › e2e/a11y.spec.ts:40:26 › all planned views · light › /tenancy/workspace-settings (8.7s)
  ✓  1490 [webkit] › e2e/a11y.spec.ts:40:26 › all planned views · light › /workflow/workflow-templates (12.3s)
  ✓  1491 [webkit] › e2e/a11y.spec.ts:40:26 › all planned views · light › /specifications/conflicts (13.1s)
  ✓  1492 [webkit] › e2e/a11y.spec.ts:40:26 › all planned views · light › /memory/memory-layers (16.1s)
  ✓  1493 [webkit] › e2e/a11y.spec.ts:40:26 › all planned views · light › /governance/risk-review (15.7s)
  ✓  1494 [webkit] › e2e/a11y.spec.ts:40:26 › all planned views · light › /workflow/wf-review (9.8s)
  ✓  1495 [webkit] › e2e/a11y.spec.ts:40:26 › all planned views · light › /specifications/ide-journeys (9.5s)
  ✓  1496 [webkit] › e2e/a11y.spec.ts:40:26 › all planned views · light › /tenancy/scope-workspaces (7.0s)
  ✓  1497 [webkit] › e2e/a11y.spec.ts:40:26 › all planned views · light › /execution/execution (6.4s)
  ✓  1498 [webkit] › e2e/a11y.spec.ts:40:26 › all planned views · light › /execution/execution-states (5.6s)
  ✓  1499 [webkit] › e2e/a11y.spec.ts:40:26 › all planned views · light › /observer/sign-in (4.6s)
  ✓  1500 [webkit] › e2e/a11y.spec.ts:40:26 › all planned views · light › /observer/obs-overview (5.8s)
  ✓  1501 [webkit] › e2e/a11y.spec.ts:40:26 › all planned views · light › /observer/traces (5.6s)
  ✓  1502 [webkit] › e2e/a11y.spec.ts:40:26 › all planned views · light › /observer/trace-detail (5.9s)
  ✓  1503 [webkit] › e2e/a11y.spec.ts:40:26 › all planned views · light › /observer/metrics (5.3s)
  ✓  1504 [webkit] › e2e/a11y.spec.ts:40:26 › all planned views · light › /observer/profiler (5.5s)
  ✓  1505 [webkit] › e2e/a11y.spec.ts:40:26 › all planned views · light › /observer/telemetry (5.5s)
  ✓  1507 [webkit] › e2e/a11y.spec.ts:40:26 › all planned views · light › /observer/saturation (5.7s)
  ✓  1506 [webkit] › e2e/a11y.spec.ts:40:26 › all planned views · light › /observer/infra (6.0s)
  ✓  1508 [webkit] › e2e/a11y.spec.ts:40:26 › all planned views · light › /observer/obs-audit (5.4s)
  ✓  1509 [webkit] › e2e/a11y.spec.ts:40:26 › all planned views · light › /observer/exports (4.9s)
  ✓  1510 [webkit] › e2e/a11y.spec.ts:40:26 › all planned views · light › /observer/index (5.3s)
  ✓  1511 [webkit] › e2e/a11y.spec.ts:40:26 › all planned views · light › /observer/data-quality (6.1s)
  ✓  1512 [webkit] › e2e/a11y.spec.ts:40:26 › all planned views · light › /observer/export-job (5.4s)
  ✓  1513 [webkit] › e2e/a11y.spec.ts:40:26 › all planned views · light › /observer/profile-compatibility (5.4s)
  ✓  1515 [webkit] › e2e/a11y.spec.ts:40:26 › all planned views · light › /identity/state-wrong-account (4.6s)
  ✓  1514 [webkit] › e2e/a11y.spec.ts:40:26 › all planned views · light › /observer/diagnostic-handoff (7.0s)
  ✓  1516 [webkit] › e2e/a11y.spec.ts:40:26 › all planned views · light › /identity/state-expired-invitation (4.1s)
  ✓  1517 [webkit] › e2e/a11y.spec.ts:40:26 › all planned views · light › /home/state-access-changed (5.9s)
  ✓  1518 [webkit] › e2e/a11y.spec.ts:40:26 › all planned views · light › /code/state-repo-disconnected (5.1s)
  ✓  1520 [webkit] › e2e/a11y.spec.ts:40:26 › all planned views · light › /agents/state-resource-revoked (6.2s)
  ✓  1519 [webkit] › e2e/a11y.spec.ts:40:26 › all planned views · light › /gateway/state-budget-blocked (7.0s)
  ✓  1521 [webkit] › e2e/a11y.spec.ts:40:26 › all planned views · light › /memory/state-memory-deprecated (6.6s)
  ✓  1522 [webkit] › e2e/a11y.spec.ts:40:26 › all planned views · light › /specifications/state-offline-draft (7.0s)
  ✓  1524 [webkit] › e2e/a11y.spec.ts:40:26 › all planned views · light › /home/state-input-superseded (6.3s)
  ✓  1523 [webkit] › e2e/a11y.spec.ts:40:26 › all planned views · light › /governance/state-merge-stale (7.0s)
  ✓  1525 [webkit] › e2e/a11y.spec.ts:40:26 › all planned views · light › /code/state-empty-repository (6.2s)
  ✓  1526 [webkit] › e2e/a11y.spec.ts:40:26 › all planned views · light › /home/state-generation-failed (5.9s)
  ✓  1527 [webkit] › e2e/a11y.spec.ts:40:26 › all planned views · light › /home/state-checkpoint-required (6.4s)
  ✓  1528 [webkit] › e2e/a11y.spec.ts:40:26 › all planned views · light › /home/state-artifact-not-durable (6.5s)
  ✓  1529 [webkit] › e2e/a11y.spec.ts:40:26 › all planned views · light › /execution/state-snapshot-unavailable (5.8s)
  ✓  1530 [webkit] › e2e/a11y.spec.ts:40:26 › all planned views · light › /code/state-scanner-unavailable (5.6s)
  ✓  1532 [webkit] › e2e/a11y.spec.ts:40:26 › all planned views · light › /identity/state-reviewer-missing (6.7s)
  ✓  1531 [webkit] › e2e/a11y.spec.ts:40:26 › all planned views · light › /governance/state-secret-confirmed (7.2s)
  ✓  1533 [webkit] › e2e/a11y.spec.ts:40:26 › all planned views · light › /home/state-old-head-ci (5.8s)
  ✓  1534 [webkit] › e2e/a11y.spec.ts:40:26 › all planned views · light › /home/state-pr-unknown (6.7s)
  ✓  1535 [webkit] › e2e/a11y.spec.ts:40:26 › all planned views · light › /governance/state-partial-merge (5.7s)
  ✓  1536 [webkit] › e2e/a11y.spec.ts:40:26 › all planned views · light › /governance/state-acceptance-failed (5.5s)
  ✓  1537 [webkit] › e2e/a11y.spec.ts:40:26 › all planned views · light › /governance/state-verification-unknown (7.0s)
  ✓  1538 [webkit] › e2e/a11y.spec.ts:40:26 › all planned views · light › /execution/state-cleanup-held (6.5s)
  ✓  1540 [webkit] › e2e/a11y.spec.ts:40:26 › all planned views · light › /home/state-restore-reconcile (5.8s)
  ✓  1539 [webkit] › e2e/a11y.spec.ts:40:26 › all planned views · light › /home/state-project-archived (6.8s)
  ✓  1541 [webkit] › e2e/a11y.spec.ts:40:26 › all planned views · light › /specifications/ide-state-source-loading (6.4s)
  ✓  1542 [webkit] › e2e/a11y.spec.ts:40:26 › all planned views · light › /specifications/ide-state-source-failed (6.8s)
  ✓  1543 [webkit] › e2e/a11y.spec.ts:40:26 › all planned views · light › /specifications/ide-state-source-denied (12.8s)
  ✓  1544 [webkit] › e2e/a11y.spec.ts:40:26 › all planned views · light › /specifications/ide-state-source-empty (12.7s)
  ✘  1546 [webkit] › e2e/a11y.spec.ts:40:26 › all planned views · light › /specifications/ide-state-large-file (9.1s)
  ✓  1545 [webkit] › e2e/a11y.spec.ts:40:26 › all planned views · light › /specifications/ide-state-binary-file (12.6s)
(node:124431) Warning: The 'NO_COLOR' env is ignored due to the 'FORCE_COLOR' env being set.
(Use `node --trace-warnings ...` to show where the warning was created)
(node:124431) Warning: The 'NO_COLOR' env is ignored due to the 'FORCE_COLOR' env being set.
(Use `node --trace-warnings ...` to show where the warning was created)
  ✓  1547 [webkit] › e2e/a11y.spec.ts:40:26 › all planned views · light › /code/ide-state-stale-index (9.5s)
  ✓  1548 [webkit] › e2e/a11y.spec.ts:40:26 › all planned views · light › /code/ide-state-partial-index (9.1s)
  ✓  1549 [webkit] › e2e/a11y.spec.ts:40:26 › all planned views · light › /specifications/ide-state-dirty-tab (8.4s)
  ✓  1550 [webkit] › e2e/a11y.spec.ts:40:26 › all planned views · light › /specifications/ide-state-offline-draft (8.9s)
  ✓  1551 [webkit] › e2e/a11y.spec.ts:40:26 › all planned views · light › /specifications/ide-state-frozen-draft (6.9s)
  ✓  1552 [webkit] › e2e/a11y.spec.ts:40:26 › all planned views · light › /memory/ide-state-stale-context (6.9s)
  ✓  1553 [webkit] › e2e/a11y.spec.ts:40:26 › all planned views · light › /governance/v6-state-spec-acceptance (6.4s)
  ✓  1554 [webkit] › e2e/a11y.spec.ts:40:26 › all planned views · light › /code/v6-state-code-linked-spec (7.1s)
  ✓  1555 [webkit] › e2e/a11y.spec.ts:40:26 › all planned views · light › /memory/v6-state-greenfield-context (5.7s)
  ✓  1556 [webkit] › e2e/a11y.spec.ts:40:26 › all planned views · light › /memory/v6-state-context-confirm (6.8s)
  ✓  1557 [webkit] › e2e/a11y.spec.ts:40:26 › all planned views · light › /workflow/v6-state-multi-spec-plan (7.1s)
  ✓  1558 [webkit] › e2e/a11y.spec.ts:40:26 › all planned views · light › /memory/v6-state-context-review (6.1s)
  ✓  1559 [webkit] › e2e/a11y.spec.ts:40:26 › all planned views · light › /memory/v6-state-context-revoked (6.7s)
  ✓  1560 [webkit] › e2e/a11y.spec.ts:40:26 › all planned views · light › /memory/v6-state-scope-confirm (6.4s)
  ✓  1561 [webkit] › e2e/a11y.spec.ts:40:26 › all planned views · light › /execution/execution-state-empty (6.8s)
  ✓  1563 [webkit] › e2e/a11y.spec.ts:40:26 › all planned views · light › /execution/execution-state-checkpoint (6.5s)
  ✓  1562 [webkit] › e2e/a11y.spec.ts:40:26 › all planned views · light › /execution/execution-state-parallel (8.7s)
  ✓  1564 [webkit] › e2e/a11y.spec.ts:40:26 › all planned views · light › /execution/execution-state-failed (8.6s)
  ✓  1565 [webkit] › e2e/a11y.spec.ts:40:26 › all planned views · light › /gateway/execution-state-budget (8.6s)
  ✓  1566 [webkit] › e2e/a11y.spec.ts:40:26 › all planned views · light › /execution/execution-state-paused (7.2s)
  ✓  1567 [webkit] › e2e/a11y.spec.ts:40:26 › all planned views · light › /execution/execution-state-cleanup-error (7.3s)
  ✓  1568 [webkit] › e2e/a11y.spec.ts:40:26 › all planned views · light › /execution/execution-state-completed (6.5s)
  ✓  1569 [webkit] › e2e/a11y.spec.ts:40:26 › all planned views · light › /execution/execution-detail-terminal (6.3s)
  ✓  1570 [webkit] › e2e/a11y.spec.ts:40:26 › all planned views · light › /execution/execution-detail-artifacts (6.7s)
  ✓  1571 [webkit] › e2e/a11y.spec.ts:40:26 › all planned views · light › /memory/execution-detail-memory (6.5s)
  ✓  1573 [webkit] › e2e/a11y.spec.ts:40:26 › all planned views · light › /execution/execution-command-accepted (5.4s)
  ✓  1572 [webkit] › e2e/a11y.spec.ts:40:26 › all planned views · light › /execution/execution-command-requested (6.3s)
  ✓  1574 [webkit] › e2e/a11y.spec.ts:40:26 › all planned views · light › /connection/execution-command-outcome-unknown (6.9s)
  ✓  1576 [webkit] › e2e/a11y.spec.ts:40:26 › all planned views · light › /execution/execution-dialog-cancel (6.3s)
  ✓  1575 [webkit] › e2e/a11y.spec.ts:40:26 › all planned views · light › /execution/execution-dialog-checkpoint (7.1s)
  ✓  1577 [webkit] › e2e/a11y.spec.ts:40:26 › all planned views · light › /execution/execution-dialog-resume (7.3s)
  ✓  1578 [webkit] › e2e/a11y.spec.ts:40:26 › all planned views · light › /execution/execution-dialog-retry (7.6s)
  ✓  1580 [webkit] › e2e/a11y.spec.ts:40:26 › all planned views · light › /execution/execution-agent-t-03 (6.9s)
  ✓  1579 [webkit] › e2e/a11y.spec.ts:40:26 › all planned views · light › /execution/execution-agent-t-01 (7.4s)
  ✓  1581 [webkit] › e2e/a11y.spec.ts:40:26 › all planned views · light › /execution/execution-agent-t-04 (6.4s)
  ✓  1582 [webkit] › e2e/a11y.spec.ts:40:26 › all planned views · light › /execution/execution-agent-t-05 (6.7s)
  ✓  1583 [webkit] › e2e/a11y.spec.ts:40:26 › all planned views · light › /execution/execution-agent-t-06 (6.2s)
  ✓  1584 [webkit] › e2e/a11y.spec.ts:40:26 › all planned views · light › /execution/execution-agent-t-07 (6.9s)
  ✓  1585 [webkit] › e2e/a11y.spec.ts:40:26 › all planned views · light › /workflow/execution-inspector-context (6.7s)
  ✓  1587 [webkit] › e2e/a11y.spec.ts:40:26 › all planned views · light › /execution/execution-dialog-snapshot (7.1s)
  ✓  1586 [webkit] › e2e/a11y.spec.ts:40:26 › all planned views · light › /workflow/execution-inspector-access (8.9s)
  ✓  1588 [webkit] › e2e/a11y.spec.ts:40:26 › all planned views · light › /workflow/execution-dialog-lineage (9.9s)
  ✓  1589 [webkit] › e2e/a11y.spec.ts:40:26 › all planned views · light › /workflow/execution-dialog-manifest (9.7s)
  ✓  1591 [webkit] › e2e/a11y.spec.ts:40:26 › all planned views · light › /execution/execution-command-approve-gate-requested (7.1s)
  ✓  1590 [webkit] › e2e/a11y.spec.ts:40:26 › all planned views · light › /identity/execution-permission-viewer (9.2s)
  ✓  1593 [webkit] › e2e/a11y.spec.ts:40:26 › all planned views · light › /execution/execution-command-resume-requested (5.7s)
  ✓  1592 [webkit] › e2e/a11y.spec.ts:40:26 › all planned views · light › /execution/execution-command-cancel-requested (6.6s)
  ✓  1594 [webkit] › e2e/a11y.spec.ts:40:26 › all planned views · light › /execution/execution-command-retry-requested (6.5s)
  ✓  1596 [webkit] › e2e/definitions.spec.ts:43:1 › unsaved changes are guarded on navigation (7.1s)
  ✓  1595 [webkit] › e2e/definitions.spec.ts:3:1 › author, validate, save, compare and archive a definition (19.1s)
PARITY home 0/18 missing: Turn specifications into traceable work | Author requirements, inspect source and prepare agent work with explicit checkpoints. | Connect workspace | Document drafts | Agent drafts | Workflow drafts | Workspace session | Build your first complete journey | Define the outcome | Inspect the source | Constrain the agent | Plan and admit work | Workspace readiness | Service observation required | Repository | Provider & budget | Runtime capabilities | Local drafts are usable before connecting. Production execution is not verified.
  ✘  1600 [webkit] › e2e/figma-parity.spec.ts:57:3 › figma parity home (3.3s)
  ✓  1599 [webkit] › e2e/definitions.spec.ts:117:1 › own saves never raise a conflict; a save from another tab does (16.5s)
(node:132933) Warning: The 'NO_COLOR' env is ignored due to the 'FORCE_COLOR' env being set.
(Use `node --trace-warnings ...` to show where the warning was created)
(node:132933) Warning: The 'NO_COLOR' env is ignored due to the 'FORCE_COLOR' env being set.
(Use `node --trace-warnings ...` to show where the warning was created)
  ✓  1598 [webkit] › e2e/definitions.spec.ts:81:1 › agents workbench follows the Figma frame: tabs, gated lifecycle, readiness and versions (24.1s)
PARITY code 17/17
  ✓  1601 [webkit] › e2e/figma-parity.spec.ts:57:3 › figma parity code (7.9s)
PARITY collaboration 2/29 missing: Track shared room epochs, durable acknowledgements, comments and unresolved edits. | Refresh | Connect service | Name | State | Revision | Connect this lifecycle | Lifecycle | Continue the journey | Select a resource | Grants and a resource revision are required before acting. | Connect a service session to inspect action preconditions. | Inspect before acting | Operation receipts | No operations recorded for this session scope. | Disconnected / Joining / Syncing / Durable ACK / Offline / Epoch changed / Conflict | Document IDE | Review inbox | Join room | Reconnect | Resolve conflict | Comment | Request freeze barrier | Room | Acknowledgements | Presence | Comments
  ✘  1603 [webkit] › e2e/figma-parity.spec.ts:57:3 › figma parity collaboration (3.6s)
(node:133442) Warning: The 'NO_COLOR' env is ignored due to the 'FORCE_COLOR' env being set.
(Use `node --trace-warnings ...` to show where the warning was created)
(node:133442) Warning: The 'NO_COLOR' env is ignored due to the 'FORCE_COLOR' env being set.
(Use `node --trace-warnings ...` to show where the warning was created)
PARITY agents 21/21
PARITY specifications 27/27
  ✓  1604 [webkit] › e2e/figma-parity.spec.ts:57:3 › figma parity agents (4.5s)
  ✓  1602 [webkit] › e2e/figma-parity.spec.ts:57:3 › figma parity specifications (9.7s)
PARITY memory 20/22 missing: Source revision / snapshot | Source digest
  ✓  1606 [webkit] › e2e/figma-parity.spec.ts:57:3 › figma parity memory (4.2s)
PARITY resources 18/19 missing: Endpoint / artifact reference
  ✓  1607 [webkit] › e2e/figma-parity.spec.ts:57:3 › figma parity resources (4.0s)
PARITY workflow 17/17
  ✓  1605 [webkit] › e2e/figma-parity.spec.ts:57:3 › figma parity workflow (5.4s)
PARITY execution 35/35
  ✓  1608 [webkit] › e2e/figma-parity.spec.ts:57:3 › figma parity execution (3.3s)
PARITY governance 35/35
  ✓  1609 [webkit] › e2e/figma-parity.spec.ts:57:3 › figma parity governance (3.3s)
PARITY gateway 31/31
  ✓  1610 [webkit] › e2e/figma-parity.spec.ts:57:3 › figma parity gateway (3.5s)
PARITY identity 28/28
  ✓  1612 [webkit] › e2e/figma-parity.spec.ts:57:3 › figma parity identity (3.8s)
PARITY tenancy 3/27 missing: Select a scope, inspect onboarding blockers and manage project lifecycle. | Refresh | Connect service | Name | State | Revision | Connect this lifecycle | Lifecycle | Continue the journey | Select a resource | Grants and a resource revision are required before acting. | Connect a service session to inspect action preconditions. | Inspect before acting | Operation receipts | No operations recorded for this session scope. | Draft / Onboarding / Ready / Archived / Deletion pending | Provider access | Policies | Create project | Transfer ownership | Archive | Request deletion | Readiness | Impact
PARITY configuration 18/21 missing: Proposed scope | Policy JSON | Rollback proposal
  ✓  1611 [webkit] › e2e/figma-parity.spec.ts:57:3 › figma parity configuration (4.3s)
  ✘  1613 [webkit] › e2e/figma-parity.spec.ts:57:3 › figma parity tenancy (3.3s)
(node:134557) Warning: The 'NO_COLOR' env is ignored due to the 'FORCE_COLOR' env being set.
(Use `node --trace-warnings ...` to show where the warning was created)
(node:134557) Warning: The 'NO_COLOR' env is ignored due to the 'FORCE_COLOR' env being set.
(Use `node --trace-warnings ...` to show where the warning was created)
PARITY saas 30/30
  ✓  1614 [webkit] › e2e/figma-parity.spec.ts:57:3 › figma parity saas (3.5s)
PARITY desktop 31/31
  ✓  1615 [webkit] › e2e/figma-parity.spec.ts:57:3 › figma parity desktop (3.9s)
PARITY observer 30/30
  ✓  1616 [webkit] › e2e/figma-parity.spec.ts:57:3 › figma parity observer (2.7s)
PARITY connection 19/19
  ✓  1617 [webkit] › e2e/figma-parity.spec.ts:57:3 › figma parity connection (3.6s)
  ✓  1619 [webkit] › e2e/ides.spec.ts:63:1 › specifications: preview never runs scripts from Markdown (26.8s)
  ✓  1620 [webkit] › e2e/ides.spec.ts:84:1 › code intelligence: import folder, search, outline symbols (27.8s)
  ✓  1622 [webkit] › e2e/native-states.spec.ts:5:3 › native state SP-Catalog · dark (7.4s)
  ✓  1618 [webkit] › e2e/ides.spec.ts:4:1 › specifications: create, edit, save, outline, preview, history (38.1s)
  ✓  1624 [webkit] › e2e/native-states.spec.ts:5:3 › native state SP-Freeze · dark (7.6s)
  ✓  1623 [webkit] › e2e/native-states.spec.ts:5:3 › native state SP-Conflict · dark (8.4s)
  ✓  1625 [webkit] › e2e/native-states.spec.ts:5:3 › native state CI-Coverage · dark (7.2s)
  ✓  1626 [webkit] › e2e/native-states.spec.ts:5:3 › native state AG-Readiness · dark (7.2s)
  ✓  1621 [webkit] › e2e/ides.spec.ts:119:1 › workflow: tasks, pinned agent, cycle detection, save (30.7s)
  ✓  1627 [webkit] › e2e/native-states.spec.ts:5:3 › native state AG-Guardrails · dark (7.5s)
  ✓  1628 [webkit] › e2e/native-states.spec.ts:5:3 › native state RS-MCP · dark (7.5s)
  ✓  1629 [webkit] › e2e/native-states.spec.ts:5:3 › native state MM-Context · dark (7.3s)
  ✓  1630 [webkit] › e2e/native-states.spec.ts:5:3 › native state WF-Task · dark (8.3s)
  ✓  1631 [webkit] › e2e/native-states.spec.ts:5:3 › native state EX-TaskAttempt · dark (8.7s)
  ✓  1632 [webkit] › e2e/native-states.spec.ts:5:3 › native state CMD-Unknown · dark (10.6s)
  ✓  1633 [webkit] › e2e/native-states.spec.ts:5:3 › native state EX-Cleanup · dark (10.1s)
  ✓  1597 [webkit] › e2e/definitions.spec.ts:65:1 › every definition type can be created with defaults (FND-004) (2.2m)
  ✓  1634 [webkit] › e2e/native-states.spec.ts:5:3 › native state RV-Acceptance · dark (11.7s)
  ✓  1635 [webkit] › e2e/native-states.spec.ts:5:3 › native state IAM-Scope · dark (6.9s)
  ✓  1636 [webkit] › e2e/native-states.spec.ts:5:3 › native state CFG-Policy · dark (7.1s)
  ✓  1637 [webkit] › e2e/native-states.spec.ts:5:3 › native state SAAS-Budget · dark (7.9s)
  ✓  1638 [webkit] › e2e/native-states.spec.ts:5:3 › native state DT-Unavailable · dark (6.9s)
  ✓  1639 [webkit] › e2e/native-states.spec.ts:5:3 › native state OB-Stale · dark (5.3s)
  ✓  1640 [webkit] › e2e/native-states.spec.ts:5:3 › native state SP-Catalog · light (7.0s)
  ✓  1641 [webkit] › e2e/native-states.spec.ts:5:3 › native state SP-Conflict · light (7.4s)
  ✓  1642 [webkit] › e2e/native-states.spec.ts:5:3 › native state SP-Freeze · light (9.2s)
  ✓  1643 [webkit] › e2e/native-states.spec.ts:5:3 › native state CI-Coverage · light (8.5s)
  ✓  1644 [webkit] › e2e/native-states.spec.ts:5:3 › native state AG-Readiness · light (9.5s)
  ✓  1645 [webkit] › e2e/native-states.spec.ts:5:3 › native state AG-Guardrails · light (7.8s)
  ✓  1647 [webkit] › e2e/native-states.spec.ts:5:3 › native state MM-Context · light (6.6s)
  ✓  1646 [webkit] › e2e/native-states.spec.ts:5:3 › native state RS-MCP · light (8.2s)
  ✓  1648 [webkit] › e2e/native-states.spec.ts:5:3 › native state WF-Task · light (7.7s)
  ✓  1649 [webkit] › e2e/native-states.spec.ts:5:3 › native state EX-TaskAttempt · light (7.1s)
  ✓  1650 [webkit] › e2e/native-states.spec.ts:5:3 › native state CMD-Unknown · light (7.4s)
  ✓  1651 [webkit] › e2e/native-states.spec.ts:5:3 › native state EX-Cleanup · light (8.2s)
  ✓  1652 [webkit] › e2e/native-states.spec.ts:5:3 › native state RV-Acceptance · light (8.2s)
  ✓  1653 [webkit] › e2e/native-states.spec.ts:5:3 › native state IAM-Scope · light (8.3s)
  ✓  1654 [webkit] › e2e/native-states.spec.ts:5:3 › native state CFG-Policy · light (8.8s)
  ✓  1655 [webkit] › e2e/native-states.spec.ts:5:3 › native state SAAS-Budget · light (7.2s)
  ✓  1657 [webkit] › e2e/native-states.spec.ts:5:3 › native state OB-Stale · light (5.8s)
  ✓  1656 [webkit] › e2e/native-states.spec.ts:5:3 › native state DT-Unavailable · light (8.3s)
REALTIME {"presenceObservedMs":1396,"environment":"local protocol peer"}
  ✓  1658 [webkit] › e2e/realtime.spec.ts:137:1 › presence arrives through its scoped endpoint and expires from resolved policy (14.6s)
  ✓  1661 [webkit] › e2e/realtime.spec.ts:392:1 › Observer does not restore workspace authority and has independent grants (16.3s)
  -  1663 [webkit] › e2e/release.spec.ts:7:1 › every file matches the release manifest byte-for-byte
  -  1664 [webkit] › e2e/release.spec.ts:24:1 › security headers and caching
  -  1665 [webkit] › e2e/release.spec.ts:37:1 › client routes serve the app; missing files are 404
  ✓  1662 [webkit] › e2e/realtime.spec.ts:439:1 › resolved policy overrides drive risk and three budget classifications (7.4s)
  ✓  1659 [webkit] › e2e/realtime.spec.ts:208:1 › scoped DAG, terminal and structured thoughts reject gaps without replaying commands (22.9s)
  ✓  1666 [webkit] › e2e/scene.spec.ts:8:3 › dedicated ide template without service (5.5s)
  ✓  1667 [webkit] › e2e/scene.spec.ts:8:3 › dedicated review template without service (5.4s)
  ✓  1668 [webkit] › e2e/scene.spec.ts:8:3 › dedicated table template without service (5.2s)
  ✓  1669 [webkit] › e2e/scene.spec.ts:8:3 › dedicated statepattern template without service (5.9s)
  ✓  1670 [webkit] › e2e/scene.spec.ts:8:3 › dedicated run template without service (6.4s)
  ✓  1671 [webkit] › e2e/scene.spec.ts:8:3 › dedicated observer template without service (5.9s)
  ✓  1672 [webkit] › e2e/scene.spec.ts:8:3 › dedicated trace template without service (5.4s)
  ✓  1673 [webkit] › e2e/scene.spec.ts:8:3 › dedicated terminal template without service (6.5s)
  ✓  1674 [webkit] › e2e/scene.spec.ts:8:3 › dedicated diff template without service (6.6s)
  ✓  1675 [webkit] › e2e/scene.spec.ts:8:3 › dedicated merge template without service (6.3s)
  ✓  1676 [webkit] › e2e/scene.spec.ts:8:3 › dedicated plan template without service (5.5s)
  ✓  1677 [webkit] › e2e/scene.spec.ts:8:3 › dedicated tasklist template without service (6.1s)
  ✓  1678 [webkit] › e2e/scene.spec.ts:8:3 › dedicated workflow template without service (5.7s)
  ✓  1679 [webkit] › e2e/scene.spec.ts:8:3 › dedicated palette template without service (5.3s)
  ✓  1680 [webkit] › e2e/scene.spec.ts:29:1 › mobile IDE reveals imported source and switches panels without document overflow (8.1s)
  ✓  1681 [webkit] › e2e/scope-presence.spec.ts:6:49 › scope switch Effective preserves command identity and checks readback (6.9s)
  ✓  1682 [webkit] › e2e/scope-presence.spec.ts:6:49 › scope switch Unknown preserves command identity and checks readback (6.6s)
  ✓  1683 [webkit] › e2e/service.spec.ts:117:1 › rejects credentials in the service URL (3.2s)
  ✓  1686 [webkit] › e2e/service.spec.ts:190:1 › session is restored after a reload from the service cookie session (4.4s)
  ✓  1685 [webkit] › e2e/service.spec.ts:165:1 › server error after send is Unknown and never resent (7.0s)
  ✘  1660 [webkit] › e2e/realtime.spec.ts:303:1 › Yjs synchronizes two Monaco editors and closes editing on disconnect (1.0m)
(node:145495) Warning: The 'NO_COLOR' env is ignored due to the 'FORCE_COLOR' env being set.
(Use `node --trace-warnings ...` to show where the warning was created)
(node:145495) Warning: The 'NO_COLOR' env is ignored due to the 'FORCE_COLOR' env being set.
(Use `node --trace-warnings ...` to show where the warning was created)
  ✓  1687 [webkit] › e2e/service.spec.ts:200:1 › 401 ends the session with a single reconnect notice (FND-005) (5.4s)
  ✓  1688 [webkit] › e2e/shell.spec.ts:3:1 › skip link, route focus, title and breadcrumb (4.0s)
  ✓  1684 [webkit] › e2e/service.spec.ts:129:1 › connect, inspect a record and send one command per activation (14.2s)
  ✓  1691 [webkit] › e2e/shell.spec.ts:61:1 › theme preference persists across reloads (4.2s)
  ✓  1692 [webkit] › e2e/shell.spec.ts:74:1 › unknown route shows a not-found page inside the shell (2.7s)
  ✓  1690 [webkit] › e2e/shell.spec.ts:44:1 › help dialog opens with ? and returns focus (7.8s)
  ✓  1689 [webkit] › e2e/shell.spec.ts:29:1 › command palette searches views and navigates (9.0s)
  ✓  1693 [webkit] › e2e/shell.spec.ts:89:3 › mobile › navigation drawer (6.9s)
  ✓  1694 [webkit] › e2e/shell.spec.ts:113:3 › no horizontal overflow at 320px (10.6s)
  ✓  1695 [webkit] › e2e/shell.spec.ts:113:3 › no horizontal overflow at 768px (11.5s)
  ✓  1696 [webkit] › e2e/shell.spec.ts:113:3 › no horizontal overflow at 1024px (11.8s)
  ✓  1697 [webkit] › e2e/shell.spec.ts:113:3 › no horizontal overflow at 1280px (11.6s)
  ✓  1698 [webkit] › e2e/shell.spec.ts:113:3 › no horizontal overflow at 1920px (11.4s)


  1) [firefox] › e2e/figma-parity.spec.ts:57:3 › figma parity collaboration ────────────────────────

    Error: collaboration: unapproved missing labels

    [2mexpect([22m[31mreceived[39m[2m).[22mtoEqual[2m([22m[32mexpected[39m[2m) // deep equality[22m

    [32m- Expected  -  1[39m
    [31m+ Received  + 29[39m

    [32m- Array [][39m
    [31m+ Array [[39m
    [31m+   "Track shared room epochs, durable acknowledgements, comments and unresolved edits.",[39m
    [31m+   "Refresh",[39m
    [31m+   "Connect service",[39m
    [31m+   "Name",[39m
    [31m+   "State",[39m
    [31m+   "Revision",[39m
    [31m+   "Connect this lifecycle",[39m
    [31m+   "Lifecycle",[39m
    [31m+   "Continue the journey",[39m
    [31m+   "Select a resource",[39m
    [31m+   "Grants and a resource revision are required before acting.",[39m
    [31m+   "Connect a service session to inspect action preconditions.",[39m
    [31m+   "Inspect before acting",[39m
    [31m+   "Operation receipts",[39m
    [31m+   "No operations recorded for this session scope.",[39m
    [31m+   "Disconnected / Joining / Syncing / Durable ACK / Offline / Epoch changed / Conflict",[39m
    [31m+   "Document IDE",[39m
    [31m+   "Review inbox",[39m
    [31m+   "Join room",[39m
    [31m+   "Reconnect",[39m
    [31m+   "Resolve conflict",[39m
    [31m+   "Comment",[39m
    [31m+   "Request freeze barrier",[39m
    [31m+   "Room",[39m
    [31m+   "Acknowledgements",[39m
    [31m+   "Presence",[39m
    [31m+   "Comments",[39m
    [31m+ ][39m

      49 |     console.log(`PARITY ${r} ${labels.length - missing.length}/${labels.length}${missing.length ? ` missing: ${missing.join(' | ')}` : ''}`);
      50 |     const approved = (dictionaryLabels[r] ?? []).map(norm);
    > 51 |     expect(missing.filter(l => !approved.includes(norm(l))), `${r}: unapproved missing labels`).toEqual([]);
         |                                                                                                 ^
      52 |     expect(labels.length - missing.length, `${r}: ${missing.join(' | ')}`).toBeGreaterThanOrEqual(labels.length - approved.length);
      53 |   });
      54 | }
        at /workspace/scratch/0378bdb0cdb3/frontend-claude-sharp-thompson-5tff91/frontend/atlas-web/e2e/figma-parity.spec.ts:51:97

    Error Context: test-results/functional/figma-parity-figma-parity-collaboration-firefox/error-context.md

    attachment #2: trace (application/zip) ─────────────────────────────────────────────────────────
    test-results/functional/figma-parity-figma-parity-collaboration-firefox/trace.zip
    Usage:

        npx playwright show-trace test-results/functional/figma-parity-figma-parity-collaboration-firefox/trace.zip

    ────────────────────────────────────────────────────────────────────────────────────────────────

  2) [webkit] › e2e/a11y.spec.ts:40:26 › all planned views · light › /specifications/ide-state-large-file 

    Error: [2mexpect([22m[31mlocator[39m[2m).[22mtoBeVisible[2m([22m[2m)[22m failed

    Locator: locator('h1').first()
    Expected: visible
    Timeout: 5000ms
    Error: element(s) not found

    Call log:
    [2m  - Expect "toBeVisible" with timeout 5000ms[22m
    [2m  - waiting for locator('h1').first()[22m


      14 |   page.on('console', (m) => { if (m.type() === 'error') errors.push(m.text()); });
      15 |   await page.goto(path);
    > 16 |   await expect(page.locator('h1').first()).toBeVisible();
         |                                            ^
      17 |   await expect(page).toHaveTitle(/· Atlas$|^Atlas$/);
      18 |   const text = await page.locator('body').innerText();
      19 |   // T-3 targets the 210 planned business views. Module catalogs also disclose real design IDs and import limits.
        at audit (/workspace/scratch/0378bdb0cdb3/frontend-claude-sharp-thompson-5tff91/frontend/atlas-web/e2e/a11y.spec.ts:16:44)

    Error Context: test-results/functional/a11y-all-planned-views-·-l-3761d-ations-ide-state-large-file-webkit/error-context.md

    attachment #2: trace (application/zip) ─────────────────────────────────────────────────────────
    test-results/functional/a11y-all-planned-views-·-l-3761d-ations-ide-state-large-file-webkit/trace.zip
    Usage:

        npx playwright show-trace test-results/functional/a11y-all-planned-views-·-l-3761d-ations-ide-state-large-file-webkit/trace.zip

    ────────────────────────────────────────────────────────────────────────────────────────────────

  3) [webkit] › e2e/figma-parity.spec.ts:57:3 › figma parity home ──────────────────────────────────

    Error: home: unapproved missing labels

    [2mexpect([22m[31mreceived[39m[2m).[22mtoEqual[2m([22m[32mexpected[39m[2m) // deep equality[22m

    [32m- Expected  -  1[39m
    [31m+ Received  + 20[39m

    [32m- Array [][39m
    [31m+ Array [[39m
    [31m+   "Turn specifications into traceable work",[39m
    [31m+   "Author requirements, inspect source and prepare agent work with explicit checkpoints.",[39m
    [31m+   "Connect workspace",[39m
    [31m+   "Document drafts",[39m
    [31m+   "Agent drafts",[39m
    [31m+   "Workflow drafts",[39m
    [31m+   "Workspace session",[39m
    [31m+   "Build your first complete journey",[39m
    [31m+   "Define the outcome",[39m
    [31m+   "Inspect the source",[39m
    [31m+   "Constrain the agent",[39m
    [31m+   "Plan and admit work",[39m
    [31m+   "Workspace readiness",[39m
    [31m+   "Service observation required",[39m
    [31m+   "Repository",[39m
    [31m+   "Provider & budget",[39m
    [31m+   "Runtime capabilities",[39m
    [31m+   "Local drafts are usable before connecting. Production execution is not verified.",[39m
    [31m+ ][39m

      49 |     console.log(`PARITY ${r} ${labels.length - missing.length}/${labels.length}${missing.length ? ` missing: ${missing.join(' | ')}` : ''}`);
      50 |     const approved = (dictionaryLabels[r] ?? []).map(norm);
    > 51 |     expect(missing.filter(l => !approved.includes(norm(l))), `${r}: unapproved missing labels`).toEqual([]);
         |                                                                                                 ^
      52 |     expect(labels.length - missing.length, `${r}: ${missing.join(' | ')}`).toBeGreaterThanOrEqual(labels.length - approved.length);
      53 |   });
      54 | }
        at /workspace/scratch/0378bdb0cdb3/frontend-claude-sharp-thompson-5tff91/frontend/atlas-web/e2e/figma-parity.spec.ts:51:97

    Error Context: test-results/functional/figma-parity-figma-parity-home-webkit/error-context.md

    attachment #2: trace (application/zip) ─────────────────────────────────────────────────────────
    test-results/functional/figma-parity-figma-parity-home-webkit/trace.zip
    Usage:

        npx playwright show-trace test-results/functional/figma-parity-figma-parity-home-webkit/trace.zip

    ────────────────────────────────────────────────────────────────────────────────────────────────

  4) [webkit] › e2e/figma-parity.spec.ts:57:3 › figma parity collaboration ─────────────────────────

    Error: collaboration: unapproved missing labels

    [2mexpect([22m[31mreceived[39m[2m).[22mtoEqual[2m([22m[32mexpected[39m[2m) // deep equality[22m

    [32m- Expected  -  1[39m
    [31m+ Received  + 29[39m

    [32m- Array [][39m
    [31m+ Array [[39m
    [31m+   "Track shared room epochs, durable acknowledgements, comments and unresolved edits.",[39m
    [31m+   "Refresh",[39m
    [31m+   "Connect service",[39m
    [31m+   "Name",[39m
    [31m+   "State",[39m
    [31m+   "Revision",[39m
    [31m+   "Connect this lifecycle",[39m
    [31m+   "Lifecycle",[39m
    [31m+   "Continue the journey",[39m
    [31m+   "Select a resource",[39m
    [31m+   "Grants and a resource revision are required before acting.",[39m
    [31m+   "Connect a service session to inspect action preconditions.",[39m
    [31m+   "Inspect before acting",[39m
    [31m+   "Operation receipts",[39m
    [31m+   "No operations recorded for this session scope.",[39m
    [31m+   "Disconnected / Joining / Syncing / Durable ACK / Offline / Epoch changed / Conflict",[39m
    [31m+   "Document IDE",[39m
    [31m+   "Review inbox",[39m
    [31m+   "Join room",[39m
    [31m+   "Reconnect",[39m
    [31m+   "Resolve conflict",[39m
    [31m+   "Comment",[39m
    [31m+   "Request freeze barrier",[39m
    [31m+   "Room",[39m
    [31m+   "Acknowledgements",[39m
    [31m+   "Presence",[39m
    [31m+   "Comments",[39m
    [31m+ ][39m

      49 |     console.log(`PARITY ${r} ${labels.length - missing.length}/${labels.length}${missing.length ? ` missing: ${missing.join(' | ')}` : ''}`);
      50 |     const approved = (dictionaryLabels[r] ?? []).map(norm);
    > 51 |     expect(missing.filter(l => !approved.includes(norm(l))), `${r}: unapproved missing labels`).toEqual([]);
         |                                                                                                 ^
      52 |     expect(labels.length - missing.length, `${r}: ${missing.join(' | ')}`).toBeGreaterThanOrEqual(labels.length - approved.length);
      53 |   });
      54 | }
        at /workspace/scratch/0378bdb0cdb3/frontend-claude-sharp-thompson-5tff91/frontend/atlas-web/e2e/figma-parity.spec.ts:51:97

    Error Context: test-results/functional/figma-parity-figma-parity-collaboration-webkit/error-context.md

    attachment #2: trace (application/zip) ─────────────────────────────────────────────────────────
    test-results/functional/figma-parity-figma-parity-collaboration-webkit/trace.zip
    Usage:

        npx playwright show-trace test-results/functional/figma-parity-figma-parity-collaboration-webkit/trace.zip

    ────────────────────────────────────────────────────────────────────────────────────────────────

  5) [webkit] › e2e/figma-parity.spec.ts:57:3 › figma parity tenancy ───────────────────────────────

    Error: tenancy: unapproved missing labels

    [2mexpect([22m[31mreceived[39m[2m).[22mtoEqual[2m([22m[32mexpected[39m[2m) // deep equality[22m

    [32m- Expected  -  1[39m
    [31m+ Received  + 26[39m

    [32m- Array [][39m
    [31m+ Array [[39m
    [31m+   "Select a scope, inspect onboarding blockers and manage project lifecycle.",[39m
    [31m+   "Refresh",[39m
    [31m+   "Connect service",[39m
    [31m+   "Name",[39m
    [31m+   "State",[39m
    [31m+   "Revision",[39m
    [31m+   "Connect this lifecycle",[39m
    [31m+   "Lifecycle",[39m
    [31m+   "Continue the journey",[39m
    [31m+   "Select a resource",[39m
    [31m+   "Grants and a resource revision are required before acting.",[39m
    [31m+   "Connect a service session to inspect action preconditions.",[39m
    [31m+   "Inspect before acting",[39m
    [31m+   "Operation receipts",[39m
    [31m+   "No operations recorded for this session scope.",[39m
    [31m+   "Draft / Onboarding / Ready / Archived / Deletion pending",[39m
    [31m+   "Provider access",[39m
    [31m+   "Policies",[39m
    [31m+   "Create project",[39m
    [31m+   "Transfer ownership",[39m
    [31m+   "Archive",[39m
    [31m+   "Request deletion",[39m
    [31m+   "Readiness",[39m
    [31m+   "Impact",[39m
    [31m+ ][39m

      49 |     console.log(`PARITY ${r} ${labels.length - missing.length}/${labels.length}${missing.length ? ` missing: ${missing.join(' | ')}` : ''}`);
      50 |     const approved = (dictionaryLabels[r] ?? []).map(norm);
    > 51 |     expect(missing.filter(l => !approved.includes(norm(l))), `${r}: unapproved missing labels`).toEqual([]);
         |                                                                                                 ^
      52 |     expect(labels.length - missing.length, `${r}: ${missing.join(' | ')}`).toBeGreaterThanOrEqual(labels.length - approved.length);
      53 |   });
      54 | }
        at /workspace/scratch/0378bdb0cdb3/frontend-claude-sharp-thompson-5tff91/frontend/atlas-web/e2e/figma-parity.spec.ts:51:97

    Error Context: test-results/functional/figma-parity-figma-parity-tenancy-webkit/error-context.md

    attachment #2: trace (application/zip) ─────────────────────────────────────────────────────────
    test-results/functional/figma-parity-figma-parity-tenancy-webkit/trace.zip
    Usage:

        npx playwright show-trace test-results/functional/figma-parity-figma-parity-tenancy-webkit/trace.zip

    ────────────────────────────────────────────────────────────────────────────────────────────────

  6) [webkit] › e2e/realtime.spec.ts:303:1 › Yjs synchronizes two Monaco editors and closes editing on disconnect 

    [31mTest timeout of 60000ms exceeded.[39m

    Error: page.fill: Test timeout of 60000ms exceeded.
    Call log:
    [2m  - waiting for locator('#service-endpoint')[22m


      32 | }
      33 | async function connect(page: Page) {
    > 34 |   await page.goto('/connection', {waitUntil:'networkidle'}); if(await page.getByText('fixture-reader',{exact:true}).isVisible()) return; await page.fill('#service-endpoint',B);
         |                                                                                                                                                     ^
      35 |   await page.getByRole('button',{name:'Connect',exact:true}).click();
      36 |   await expect(page.getByText('fixture-reader',{exact:true})).toBeVisible();
      37 | }
        at connect (/workspace/scratch/0378bdb0cdb3/frontend-claude-sharp-thompson-5tff91/frontend/atlas-web/e2e/realtime.spec.ts:34:149)
        at /workspace/scratch/0378bdb0cdb3/frontend-claude-sharp-thompson-5tff91/frontend/atlas-web/e2e/realtime.spec.ts:106:34

    Error Context: test-results/functional/realtime-Yjs-synchronizes--fb939-loses-editing-on-disconnect-webkit/error-context.md

    attachment #2: trace (application/zip) ─────────────────────────────────────────────────────────
    test-results/functional/realtime-Yjs-synchronizes--fb939-loses-editing-on-disconnect-webkit/trace.zip
    Usage:

        npx playwright show-trace test-results/functional/realtime-Yjs-synchronizes--fb939-loses-editing-on-disconnect-webkit/trace.zip

    ────────────────────────────────────────────────────────────────────────────────────────────────

  6 failed
    [firefox] › e2e/figma-parity.spec.ts:57:3 › figma parity collaboration ─────────────────────────
    [webkit] › e2e/a11y.spec.ts:40:26 › all planned views · light › /specifications/ide-state-large-file 
    [webkit] › e2e/figma-parity.spec.ts:57:3 › figma parity home ───────────────────────────────────
    [webkit] › e2e/figma-parity.spec.ts:57:3 › figma parity collaboration ──────────────────────────
    [webkit] › e2e/figma-parity.spec.ts:57:3 › figma parity tenancy ────────────────────────────────
    [webkit] › e2e/realtime.spec.ts:303:1 › Yjs synchronizes two Monaco editors and closes editing on disconnect 
  9 skipped
  1683 passed (35.3m)
