npm warn Unknown env config "http-proxy". This will stop working in the next major version of npm.
[WebServer] (node:412) Warning: The 'NO_COLOR' env is ignored due to the 'FORCE_COLOR' env being set.
[WebServer] (Use `node --trace-warnings ...` to show where the warning was created)
[WebServer] npm warn Unknown env config "http-proxy". This will stop working in the next major version of npm.
[WebServer] (node:425) Warning: The 'NO_COLOR' env is ignored due to the 'FORCE_COLOR' env being set.
[WebServer] (Use `node --trace-warnings ...` to show where the warning was created)

Running 1704 tests using 2 workers

(node:459) Warning: The 'NO_COLOR' env is ignored due to the 'FORCE_COLOR' env being set.
(Use `node --trace-warnings ...` to show where the warning was created)
(node:460) Warning: The 'NO_COLOR' env is ignored due to the 'FORCE_COLOR' env being set.
(Use `node --trace-warnings ...` to show where the warning was created)
(node:459) Warning: The 'NO_COLOR' env is ignored due to the 'FORCE_COLOR' env being set.
(Use `node --trace-warnings ...` to show where the warning was created)
(node:460) Warning: The 'NO_COLOR' env is ignored due to the 'FORCE_COLOR' env being set.
(Use `node --trace-warnings ...` to show where the warning was created)
  ✓     1 [chromium] › e2e/a11y.spec.ts:34:30 › modules · dark › / (1.3s)
  ✓     2 [chromium] › e2e/a11y.spec.ts:34:30 › modules · dark › /specifications (1.4s)
  ✓     3 [chromium] › e2e/a11y.spec.ts:34:30 › modules · dark › /code (1.6s)
  ✓     4 [chromium] › e2e/a11y.spec.ts:34:30 › modules · dark › /agents (1.6s)
  ✓     5 [chromium] › e2e/a11y.spec.ts:34:30 › modules · dark › /resources (1.2s)
  ✓     6 [chromium] › e2e/a11y.spec.ts:34:30 › modules · dark › /workflow (1.3s)
  ✓     7 [chromium] › e2e/a11y.spec.ts:34:30 › modules · dark › /execution (1.5s)
  ✓     8 [chromium] › e2e/a11y.spec.ts:34:30 › modules · dark › /governance (1.5s)
  ✓     9 [chromium] › e2e/a11y.spec.ts:34:30 › modules · dark › /memory (1.2s)
  ✓    10 [chromium] › e2e/a11y.spec.ts:34:30 › modules · dark › /gateway (1.4s)
  ✓    11 [chromium] › e2e/a11y.spec.ts:34:30 › modules · dark › /collaboration (1.3s)
  ✓    12 [chromium] › e2e/a11y.spec.ts:34:30 › modules · dark › /configuration (1.1s)
  ✓    13 [chromium] › e2e/a11y.spec.ts:34:30 › modules · dark › /identity (1.3s)
  ✓    14 [chromium] › e2e/a11y.spec.ts:34:30 › modules · dark › /tenancy (1.2s)
  ✓    15 [chromium] › e2e/a11y.spec.ts:34:30 › modules · dark › /saas (1.4s)
  ✓    16 [chromium] › e2e/a11y.spec.ts:34:30 › modules · dark › /desktop (1.4s)
  ✓    17 [chromium] › e2e/a11y.spec.ts:34:30 › modules · dark › /observer (1.1s)
  ✓    18 [chromium] › e2e/a11y.spec.ts:34:30 › modules · dark › /connection (1.1s)
  ✓    20 [chromium] › e2e/a11y.spec.ts:34:30 › modules · dark › /definitions/agent (1.2s)
  ✓    19 [chromium] › e2e/a11y.spec.ts:34:30 › modules · dark › /definitions (1.4s)
  ✓    22 [chromium] › e2e/a11y.spec.ts:34:30 › modules · dark › /no-such-view (1.2s)
  ✓    21 [chromium] › e2e/a11y.spec.ts:34:30 › modules · dark › /resources/drafts/mcp-resource (1.4s)
  ✓    23 [chromium] › e2e/a11y.spec.ts:34:30 › modules · light › / (1.2s)
  ✓    24 [chromium] › e2e/a11y.spec.ts:34:30 › modules · light › /specifications (1.4s)
  ✓    25 [chromium] › e2e/a11y.spec.ts:34:30 › modules · light › /code (1.4s)
  ✓    26 [chromium] › e2e/a11y.spec.ts:34:30 › modules · light › /agents (1.4s)
  ✓    27 [chromium] › e2e/a11y.spec.ts:34:30 › modules · light › /resources (1.3s)
  ✓    28 [chromium] › e2e/a11y.spec.ts:34:30 › modules · light › /workflow (1.3s)
  ✓    29 [chromium] › e2e/a11y.spec.ts:34:30 › modules · light › /execution (1.6s)
  ✓    30 [chromium] › e2e/a11y.spec.ts:34:30 › modules · light › /governance (1.6s)
  ✓    31 [chromium] › e2e/a11y.spec.ts:34:30 › modules · light › /memory (1.3s)
  ✓    32 [chromium] › e2e/a11y.spec.ts:34:30 › modules · light › /gateway (1.4s)
  ✓    33 [chromium] › e2e/a11y.spec.ts:34:30 › modules · light › /collaboration (1.5s)
  ✓    34 [chromium] › e2e/a11y.spec.ts:34:30 › modules · light › /configuration (1.3s)
  ✓    35 [chromium] › e2e/a11y.spec.ts:34:30 › modules · light › /identity (1.4s)
  ✓    36 [chromium] › e2e/a11y.spec.ts:34:30 › modules · light › /tenancy (1.3s)
  ✓    37 [chromium] › e2e/a11y.spec.ts:34:30 › modules · light › /saas (1.3s)
  ✓    38 [chromium] › e2e/a11y.spec.ts:34:30 › modules · light › /desktop (1.3s)
  ✓    39 [chromium] › e2e/a11y.spec.ts:34:30 › modules · light › /observer (1.1s)
  ✓    40 [chromium] › e2e/a11y.spec.ts:34:30 › modules · light › /connection (1.2s)
  ✓    41 [chromium] › e2e/a11y.spec.ts:34:30 › modules · light › /definitions (1.3s)
  ✓    42 [chromium] › e2e/a11y.spec.ts:34:30 › modules · light › /definitions/agent (1.2s)
  ✓    44 [chromium] › e2e/a11y.spec.ts:34:30 › modules · light › /no-such-view (1.3s)
  ✓    43 [chromium] › e2e/a11y.spec.ts:34:30 › modules · light › /resources/drafts/mcp-resource (1.6s)
  ✓    45 [chromium] › e2e/a11y.spec.ts:40:26 › all planned views · dark › /sign-in (1.2s)
  ✓    46 [chromium] › e2e/a11y.spec.ts:40:26 › all planned views · dark › /sign-in/help (1.3s)
  ✓    47 [chromium] › e2e/a11y.spec.ts:40:26 › all planned views · dark › /invitations (1.2s)
  ✓    48 [chromium] › e2e/a11y.spec.ts:40:26 › all planned views · dark › /tenancy/onboarding (1.4s)
  ✓    49 [chromium] › e2e/a11y.spec.ts:40:26 › all planned views · dark › /tenancy/projects (1.3s)
  ✓    50 [chromium] › e2e/a11y.spec.ts:40:26 › all planned views · dark › /tenancy/project-new (1.2s)
  ✓    51 [chromium] › e2e/a11y.spec.ts:40:26 › all planned views · dark › /tenancy/setup-complete (1.2s)
  ✓    52 [chromium] › e2e/a11y.spec.ts:40:26 › all planned views · dark › /identity/members (1.3s)
  ✓    53 [chromium] › e2e/a11y.spec.ts:40:26 › all planned views · dark › /identity/invitations (1.4s)
  ✓    54 [chromium] › e2e/a11y.spec.ts:40:26 › all planned views · dark › /identity/roles (1.3s)
  ✓    55 [chromium] › e2e/a11y.spec.ts:40:26 › all planned views · dark › /identity/role-editor (1.3s)
  ✓    56 [chromium] › e2e/a11y.spec.ts:40:26 › all planned views · dark › /identity/access (1.2s)
  ✓    57 [chromium] › e2e/a11y.spec.ts:40:26 › all planned views · dark › /gateway/gateway (1.2s)
  ✓    58 [chromium] › e2e/a11y.spec.ts:40:26 › all planned views · dark › /gateway/routing (1.2s)
  ✓    59 [chromium] › e2e/a11y.spec.ts:40:26 › all planned views · dark › /gateway/budgets (1.2s)
  ✓    60 [chromium] › e2e/a11y.spec.ts:40:26 › all planned views · dark › /resources/hub (1.1s)
  ✓    61 [chromium] › e2e/a11y.spec.ts:40:26 › all planned views · dark › /resources/skills (1.2s)
  ✓    62 [chromium] › e2e/a11y.spec.ts:40:26 › all planned views · dark › /resources/rules (1.2s)
  ✓    63 [chromium] › e2e/a11y.spec.ts:40:26 › all planned views · dark › /resources/plugins (1.3s)
  ✓    64 [chromium] › e2e/a11y.spec.ts:40:26 › all planned views · dark › /resources/hooks (1.8s)
  ✓    65 [chromium] › e2e/a11y.spec.ts:40:26 › all planned views · dark › /resources/sidecars (1.2s)
  ✓    66 [chromium] › e2e/a11y.spec.ts:40:26 › all planned views · dark › /memory/memory (1.3s)
  ✓    67 [chromium] › e2e/a11y.spec.ts:40:26 › all planned views · dark › /memory/memory-settings (1.5s)
  ✓    68 [chromium] › e2e/a11y.spec.ts:40:26 › all planned views · dark › /memory/memory-import (1.1s)
  ✓    69 [chromium] › e2e/a11y.spec.ts:40:26 › all planned views · dark › /memory/curation (1.0s)
  ✓    70 [chromium] › e2e/a11y.spec.ts:40:26 › all planned views · dark › /configuration/settings (1.1s)
  ✓    71 [chromium] › e2e/a11y.spec.ts:40:26 › all planned views · dark › /configuration/runtime-settings (1.1s)
  ✓    72 [chromium] › e2e/a11y.spec.ts:40:26 › all planned views · dark › /configuration/risk-policy (1.1s)
  ✓    73 [chromium] › e2e/a11y.spec.ts:40:26 › all planned views · dark › /code/integrations (1.2s)
  ✓    74 [chromium] › e2e/a11y.spec.ts:40:26 › all planned views · dark › /agents/default-agent (1.1s)
  ✓    75 [chromium] › e2e/a11y.spec.ts:40:26 › all planned views · dark › /resources/sandbox-templates (1.1s)
  ✓    76 [chromium] › e2e/a11y.spec.ts:40:26 › all planned views · dark › /specifications/specs (1.2s)
  ✓    77 [chromium] › e2e/a11y.spec.ts:40:26 › all planned views · dark › /specifications/editor (1.2s)
  ✓    78 [chromium] › e2e/a11y.spec.ts:40:26 › all planned views · dark › /specifications/locked (1.4s)
  ✓    79 [chromium] › e2e/a11y.spec.ts:40:26 › all planned views · dark › /specifications/history (1.1s)
  ✓    80 [chromium] › e2e/a11y.spec.ts:40:26 › all planned views · dark › /specifications/spec-diff (1.1s)
  ✓    81 [chromium] › e2e/a11y.spec.ts:40:26 › all planned views · dark › /specifications/merge (1.4s)
  ✓    82 [chromium] › e2e/a11y.spec.ts:40:26 › all planned views · dark › /code/code (1.3s)
  ✓    83 [chromium] › e2e/a11y.spec.ts:40:26 › all planned views · dark › /code/search-code (1.2s)
  ✓    84 [chromium] › e2e/a11y.spec.ts:40:26 › all planned views · dark › /code/evidence (1.3s)
  ✓    85 [chromium] › e2e/a11y.spec.ts:40:26 › all planned views · dark › /code/scan (1.2s)
  ✓    86 [chromium] › e2e/a11y.spec.ts:40:26 › all planned views · dark › /code/drift (1.2s)
  ✓    87 [chromium] › e2e/a11y.spec.ts:40:26 › all planned views · dark › /memory/memory-prep (1.3s)
  ✓    88 [chromium] › e2e/a11y.spec.ts:40:26 › all planned views · dark › /workflow/plans (1.2s)
  ✓    89 [chromium] › e2e/a11y.spec.ts:40:26 › all planned views · dark › /workflow/plan-detail (1.1s)
  ✓    90 [chromium] › e2e/a11y.spec.ts:40:26 › all planned views · dark › /workflow/workflow (1.3s)
  ✓    91 [chromium] › e2e/a11y.spec.ts:40:26 › all planned views · dark › /agents/agent-compose (1.2s)
  ✓    92 [chromium] › e2e/a11y.spec.ts:40:26 › all planned views · dark › /workflow/meta-agent (1.1s)
  ✓    93 [chromium] › e2e/a11y.spec.ts:40:26 › all planned views · dark › /workflow/contracts (1.2s)
  ✓    94 [chromium] › e2e/a11y.spec.ts:40:26 › all planned views · dark › /execution/runs (1.0s)
  ✓    95 [chromium] › e2e/a11y.spec.ts:40:26 › all planned views · dark › /execution/run-detail (1.2s)
  ✓    96 [chromium] › e2e/a11y.spec.ts:40:26 › all planned views · dark › /execution/terminal (1.1s)
  ✓    97 [chromium] › e2e/a11y.spec.ts:40:26 › all planned views · dark › /execution/activity-tree (1.2s)
  ✓    98 [chromium] › e2e/a11y.spec.ts:40:26 › all planned views · dark › /execution/artifacts (1.2s)
  ✓    99 [chromium] › e2e/a11y.spec.ts:40:26 › all planned views · dark › /execution/snapshot (1.2s)
  ✓   100 [chromium] › e2e/a11y.spec.ts:40:26 › all planned views · dark › /execution/sandboxes (1.3s)
  ✓   101 [chromium] › e2e/a11y.spec.ts:40:26 › all planned views · dark › /execution/locks (1.1s)
  ✓   102 [chromium] › e2e/a11y.spec.ts:40:26 › all planned views · dark › /governance/gates (1.1s)
  ✓   103 [chromium] › e2e/a11y.spec.ts:40:26 › all planned views · dark › /governance/gate-detail (1.1s)
  ✓   104 [chromium] › e2e/a11y.spec.ts:40:26 › all planned views · dark › /governance/gate-medium (1.1s)
  ✓   105 [chromium] › e2e/a11y.spec.ts:40:26 › all planned views · dark › /governance/diff-review (1.2s)
  ✓   106 [chromium] › e2e/a11y.spec.ts:40:26 › all planned views · dark › /governance/security (1.1s)
  ✓   107 [chromium] › e2e/a11y.spec.ts:40:26 › all planned views · dark › /governance/pull-request (1.1s)
  ✓   108 [chromium] › e2e/a11y.spec.ts:40:26 › all planned views · dark › /governance/ci-failed (1.1s)
  ✓   109 [chromium] › e2e/a11y.spec.ts:40:26 › all planned views · dark › /governance/pr-conflict (1.1s)
  ✓   110 [chromium] › e2e/a11y.spec.ts:40:26 › all planned views · dark › /governance/post-merge (1.2s)
  ✓   111 [chromium] › e2e/a11y.spec.ts:40:26 › all planned views · dark › /governance/audit (1.1s)
  ✓   112 [chromium] › e2e/a11y.spec.ts:40:26 › all planned views · dark › /collaboration/notifications (1.1s)
  ✓   113 [chromium] › e2e/a11y.spec.ts:40:26 › all planned views · dark › /code/exceptions (1.0s)
  ✓   114 [chromium] › e2e/a11y.spec.ts:40:26 › all planned views · dark › /code/components (1.1s)
  ✓   115 [chromium] › e2e/a11y.spec.ts:40:26 › all planned views · dark › /code/index (1.3s)
  ✓   116 [chromium] › e2e/a11y.spec.ts:40:26 › all planned views · dark › /home/setup-readiness (1.3s)
  ✓   117 [chromium] › e2e/a11y.spec.ts:40:26 › all planned views · dark › /identity/invite-identity (1.1s)
  ✓   118 [chromium] › e2e/a11y.spec.ts:40:26 › all planned views · dark › /identity/access-revoked (1.1s)
  ✓   119 [chromium] › e2e/a11y.spec.ts:40:26 › all planned views · dark › /tenancy/repo-reconcile (1.1s)
  ✓   120 [chromium] › e2e/a11y.spec.ts:40:26 › all planned views · dark › /gateway/budget-ledger (1.2s)
  ✓   121 [chromium] › e2e/a11y.spec.ts:40:26 › all planned views · dark › /resources/registry-impact (1.2s)
  ✓   122 [chromium] › e2e/a11y.spec.ts:40:26 › all planned views · dark › /memory/memory-lineage (1.2s)
  ✓   123 [chromium] › e2e/a11y.spec.ts:40:26 › all planned views · dark › /workflow/workflow-proposal (1.2s)
  ✓   124 [chromium] › e2e/a11y.spec.ts:40:26 › all planned views · dark › /specifications/draft-recovery (1.1s)
  ✓   125 [chromium] › e2e/a11y.spec.ts:40:26 › all planned views · dark › /specifications/stale-merge (1.1s)
  ✓   126 [chromium] › e2e/a11y.spec.ts:40:26 › all planned views · dark › /workflow/input-lineage (1.2s)
  ✓   127 [chromium] › e2e/a11y.spec.ts:40:26 › all planned views · dark › /code/greenfield (1.1s)
  ✓   128 [chromium] › e2e/a11y.spec.ts:40:26 › all planned views · dark › /workflow/generation-job (1.1s)
  ✓   129 [chromium] › e2e/a11y.spec.ts:40:26 › all planned views · dark › /execution/admission (1.2s)
  ✓   130 [chromium] › e2e/a11y.spec.ts:40:26 › all planned views · dark › /execution/artifact-handoff (1.2s)
  ✓   131 [chromium] › e2e/a11y.spec.ts:40:26 › all planned views · dark › /connection/recovery (1.3s)
  ✓   132 [chromium] › e2e/a11y.spec.ts:40:26 › all planned views · dark › /governance/secret-triage (1.2s)
  ✓   133 [chromium] › e2e/a11y.spec.ts:40:26 › all planned views · dark › /governance/reviewer-eligibility (1.1s)
  ✓   134 [chromium] › e2e/a11y.spec.ts:40:26 › all planned views · dark › /governance/signature-history (1.2s)
  ✓   135 [chromium] › e2e/a11y.spec.ts:40:26 › all planned views · dark › /connection/pr-reconcile (1.2s)
  ✓   136 [chromium] › e2e/a11y.spec.ts:40:26 › all planned views · dark › /governance/acceptance (1.4s)
  ✓   137 [chromium] › e2e/a11y.spec.ts:40:26 › all planned views · dark › /execution/cleanup (1.3s)
  ✓   138 [chromium] › e2e/a11y.spec.ts:40:26 › all planned views · dark › /tenancy/offboarding (1.2s)
  ✓   139 [chromium] › e2e/a11y.spec.ts:40:26 › all planned views · dark › /configuration/policy-impact (1.1s)
  ✓   140 [chromium] › e2e/a11y.spec.ts:40:26 › all planned views · dark › /observer/incident-recovery (956ms)
  ✓   141 [chromium] › e2e/a11y.spec.ts:40:26 › all planned views · dark › /code/business-states (1.3s)
  ✓   142 [chromium] › e2e/a11y.spec.ts:40:26 › all planned views · dark › /code/design-journeys (1.2s)
  ✓   143 [chromium] › e2e/a11y.spec.ts:40:26 › all planned views · dark › /code/code-symbols (1.1s)
  ✓   144 [chromium] › e2e/a11y.spec.ts:40:26 › all planned views · dark › /memory/ai-context (1.1s)
  ✓   145 [chromium] › e2e/a11y.spec.ts:40:26 › all planned views · dark › /code/ide-states (1.2s)
  ✓   146 [chromium] › e2e/a11y.spec.ts:40:26 › all planned views · dark › /tenancy/organizations (1.2s)
  ✓   147 [chromium] › e2e/a11y.spec.ts:40:26 › all planned views · dark › /tenancy/workspaces (1.1s)
  ✓   148 [chromium] › e2e/a11y.spec.ts:40:26 › all planned views · dark › /tenancy/workspace-settings (1.1s)
  ✓   149 [chromium] › e2e/a11y.spec.ts:40:26 › all planned views · dark › /workflow/workflow-templates (1.1s)
  ✓   150 [chromium] › e2e/a11y.spec.ts:40:26 › all planned views · dark › /specifications/conflicts (1.1s)
  ✓   151 [chromium] › e2e/a11y.spec.ts:40:26 › all planned views · dark › /memory/memory-layers (1.1s)
  ✓   152 [chromium] › e2e/a11y.spec.ts:40:26 › all planned views · dark › /governance/risk-review (1.2s)
  ✓   153 [chromium] › e2e/a11y.spec.ts:40:26 › all planned views · dark › /workflow/wf-review (1.1s)
  ✓   154 [chromium] › e2e/a11y.spec.ts:40:26 › all planned views · dark › /specifications/ide-journeys (1.1s)
  ✓   155 [chromium] › e2e/a11y.spec.ts:40:26 › all planned views · dark › /tenancy/scope-workspaces (1.1s)
  ✓   156 [chromium] › e2e/a11y.spec.ts:40:26 › all planned views · dark › /execution/execution (1.3s)
  ✓   157 [chromium] › e2e/a11y.spec.ts:40:26 › all planned views · dark › /execution/execution-states (1.2s)
  ✓   158 [chromium] › e2e/a11y.spec.ts:40:26 › all planned views · dark › /observer/sign-in (674ms)
  ✓   159 [chromium] › e2e/a11y.spec.ts:40:26 › all planned views · dark › /observer/obs-overview (919ms)
  ✓   160 [chromium] › e2e/a11y.spec.ts:40:26 › all planned views · dark › /observer/traces (906ms)
  ✓   161 [chromium] › e2e/a11y.spec.ts:40:26 › all planned views · dark › /observer/trace-detail (942ms)
  ✓   162 [chromium] › e2e/a11y.spec.ts:40:26 › all planned views · dark › /observer/metrics (963ms)
  ✓   163 [chromium] › e2e/a11y.spec.ts:40:26 › all planned views · dark › /observer/profiler (1.0s)
  ✓   164 [chromium] › e2e/a11y.spec.ts:40:26 › all planned views · dark › /observer/telemetry (970ms)
  ✓   165 [chromium] › e2e/a11y.spec.ts:40:26 › all planned views · dark › /observer/infra (896ms)
  ✓   166 [chromium] › e2e/a11y.spec.ts:40:26 › all planned views · dark › /observer/saturation (875ms)
  ✓   167 [chromium] › e2e/a11y.spec.ts:40:26 › all planned views · dark › /observer/obs-audit (915ms)
  ✓   168 [chromium] › e2e/a11y.spec.ts:40:26 › all planned views · dark › /observer/exports (903ms)
  ✓   169 [chromium] › e2e/a11y.spec.ts:40:26 › all planned views · dark › /observer/index (977ms)
  ✓   170 [chromium] › e2e/a11y.spec.ts:40:26 › all planned views · dark › /observer/data-quality (955ms)
  ✓   171 [chromium] › e2e/a11y.spec.ts:40:26 › all planned views · dark › /observer/export-job (1.1s)
  ✓   172 [chromium] › e2e/a11y.spec.ts:40:26 › all planned views · dark › /observer/profile-compatibility (1.0s)
  ✓   173 [chromium] › e2e/a11y.spec.ts:40:26 › all planned views · dark › /observer/diagnostic-handoff (920ms)
  ✓   174 [chromium] › e2e/a11y.spec.ts:40:26 › all planned views · dark › /identity/state-wrong-account (969ms)
  ✓   175 [chromium] › e2e/a11y.spec.ts:40:26 › all planned views · dark › /identity/state-expired-invitation (1.0s)
  ✓   176 [chromium] › e2e/a11y.spec.ts:40:26 › all planned views · dark › /home/state-access-changed (1.1s)
  ✓   177 [chromium] › e2e/a11y.spec.ts:40:26 › all planned views · dark › /code/state-repo-disconnected (1.0s)
  ✓   178 [chromium] › e2e/a11y.spec.ts:40:26 › all planned views · dark › /gateway/state-budget-blocked (1.1s)
  ✓   179 [chromium] › e2e/a11y.spec.ts:40:26 › all planned views · dark › /agents/state-resource-revoked (1.2s)
  ✓   180 [chromium] › e2e/a11y.spec.ts:40:26 › all planned views · dark › /memory/state-memory-deprecated (1.2s)
  ✓   181 [chromium] › e2e/a11y.spec.ts:40:26 › all planned views · dark › /specifications/state-offline-draft (1.2s)
  ✓   182 [chromium] › e2e/a11y.spec.ts:40:26 › all planned views · dark › /governance/state-merge-stale (1.2s)
  ✓   183 [chromium] › e2e/a11y.spec.ts:40:26 › all planned views · dark › /home/state-input-superseded (1.2s)
  ✓   184 [chromium] › e2e/a11y.spec.ts:40:26 › all planned views · dark › /code/state-empty-repository (1.2s)
  ✓   185 [chromium] › e2e/a11y.spec.ts:40:26 › all planned views · dark › /home/state-generation-failed (1.1s)
  ✓   186 [chromium] › e2e/a11y.spec.ts:40:26 › all planned views · dark › /home/state-checkpoint-required (1.3s)
  ✓   187 [chromium] › e2e/a11y.spec.ts:40:26 › all planned views · dark › /home/state-artifact-not-durable (1.2s)
  ✓   188 [chromium] › e2e/a11y.spec.ts:40:26 › all planned views · dark › /execution/state-snapshot-unavailable (1.2s)
  ✓   189 [chromium] › e2e/a11y.spec.ts:40:26 › all planned views · dark › /code/state-scanner-unavailable (1.3s)
  ✓   190 [chromium] › e2e/a11y.spec.ts:40:26 › all planned views · dark › /governance/state-secret-confirmed (1.3s)
  ✓   191 [chromium] › e2e/a11y.spec.ts:40:26 › all planned views · dark › /identity/state-reviewer-missing (1.3s)
  ✓   192 [chromium] › e2e/a11y.spec.ts:40:26 › all planned views · dark › /home/state-old-head-ci (1.2s)
  ✓   193 [chromium] › e2e/a11y.spec.ts:40:26 › all planned views · dark › /home/state-pr-unknown (1.1s)
  ✓   194 [chromium] › e2e/a11y.spec.ts:40:26 › all planned views · dark › /governance/state-partial-merge (1.1s)
  ✓   195 [chromium] › e2e/a11y.spec.ts:40:26 › all planned views · dark › /governance/state-acceptance-failed (1.1s)
  ✓   196 [chromium] › e2e/a11y.spec.ts:40:26 › all planned views · dark › /governance/state-verification-unknown (1.1s)
  ✓   197 [chromium] › e2e/a11y.spec.ts:40:26 › all planned views · dark › /execution/state-cleanup-held (1.1s)
  ✓   198 [chromium] › e2e/a11y.spec.ts:40:26 › all planned views · dark › /home/state-project-archived (1.0s)
  ✓   199 [chromium] › e2e/a11y.spec.ts:40:26 › all planned views · dark › /home/state-restore-reconcile (1.0s)
  ✓   200 [chromium] › e2e/a11y.spec.ts:40:26 › all planned views · dark › /specifications/ide-state-source-loading (1.1s)
  ✓   201 [chromium] › e2e/a11y.spec.ts:40:26 › all planned views · dark › /specifications/ide-state-source-failed (1.1s)
  ✓   202 [chromium] › e2e/a11y.spec.ts:40:26 › all planned views · dark › /specifications/ide-state-source-denied (1.1s)
  ✓   203 [chromium] › e2e/a11y.spec.ts:40:26 › all planned views · dark › /specifications/ide-state-source-empty (1.1s)
  ✓   204 [chromium] › e2e/a11y.spec.ts:40:26 › all planned views · dark › /specifications/ide-state-binary-file (1.1s)
  ✓   205 [chromium] › e2e/a11y.spec.ts:40:26 › all planned views · dark › /specifications/ide-state-large-file (1.2s)
  ✓   206 [chromium] › e2e/a11y.spec.ts:40:26 › all planned views · dark › /code/ide-state-stale-index (1.2s)
  ✓   207 [chromium] › e2e/a11y.spec.ts:40:26 › all planned views · dark › /code/ide-state-partial-index (1.2s)
  ✓   208 [chromium] › e2e/a11y.spec.ts:40:26 › all planned views · dark › /specifications/ide-state-offline-draft (1.1s)
  ✓   209 [chromium] › e2e/a11y.spec.ts:40:26 › all planned views · dark › /specifications/ide-state-dirty-tab (1.1s)
  ✓   210 [chromium] › e2e/a11y.spec.ts:40:26 › all planned views · dark › /specifications/ide-state-frozen-draft (1.2s)
  ✓   211 [chromium] › e2e/a11y.spec.ts:40:26 › all planned views · dark › /memory/ide-state-stale-context (1.2s)
  ✓   212 [chromium] › e2e/a11y.spec.ts:40:26 › all planned views · dark › /governance/v6-state-spec-acceptance (1.2s)
  ✓   213 [chromium] › e2e/a11y.spec.ts:40:26 › all planned views · dark › /code/v6-state-code-linked-spec (1.1s)
  ✓   214 [chromium] › e2e/a11y.spec.ts:40:26 › all planned views · dark › /memory/v6-state-greenfield-context (1.1s)
  ✓   215 [chromium] › e2e/a11y.spec.ts:40:26 › all planned views · dark › /memory/v6-state-context-confirm (1.1s)
  ✓   216 [chromium] › e2e/a11y.spec.ts:40:26 › all planned views · dark › /workflow/v6-state-multi-spec-plan (1.1s)
  ✓   217 [chromium] › e2e/a11y.spec.ts:40:26 › all planned views · dark › /memory/v6-state-context-review (1.2s)
  ✓   218 [chromium] › e2e/a11y.spec.ts:40:26 › all planned views · dark › /memory/v6-state-context-revoked (1.1s)
  ✓   219 [chromium] › e2e/a11y.spec.ts:40:26 › all planned views · dark › /memory/v6-state-scope-confirm (1.0s)
  ✓   220 [chromium] › e2e/a11y.spec.ts:40:26 › all planned views · dark › /execution/execution-state-empty (1.0s)
  ✓   221 [chromium] › e2e/a11y.spec.ts:40:26 › all planned views · dark › /execution/execution-state-parallel (1.4s)
  ✓   222 [chromium] › e2e/a11y.spec.ts:40:26 › all planned views · dark › /execution/execution-state-checkpoint (1.2s)
  ✓   223 [chromium] › e2e/a11y.spec.ts:40:26 › all planned views · dark › /execution/execution-state-failed (1.2s)
  ✓   224 [chromium] › e2e/a11y.spec.ts:40:26 › all planned views · dark › /gateway/execution-state-budget (1.2s)
  ✓   225 [chromium] › e2e/a11y.spec.ts:40:26 › all planned views · dark › /execution/execution-state-paused (1.1s)
  ✓   226 [chromium] › e2e/a11y.spec.ts:40:26 › all planned views · dark › /execution/execution-state-cleanup-error (1.2s)
  ✓   227 [chromium] › e2e/a11y.spec.ts:40:26 › all planned views · dark › /execution/execution-state-completed (1.3s)
  ✓   228 [chromium] › e2e/a11y.spec.ts:40:26 › all planned views · dark › /execution/execution-detail-terminal (1.2s)
  ✓   229 [chromium] › e2e/a11y.spec.ts:40:26 › all planned views · dark › /execution/execution-detail-artifacts (1.1s)
  ✓   230 [chromium] › e2e/a11y.spec.ts:40:26 › all planned views · dark › /memory/execution-detail-memory (1.1s)
  ✓   231 [chromium] › e2e/a11y.spec.ts:40:26 › all planned views · dark › /execution/execution-command-requested (1.1s)
  ✓   232 [chromium] › e2e/a11y.spec.ts:40:26 › all planned views · dark › /execution/execution-command-accepted (1.1s)
  ✓   233 [chromium] › e2e/a11y.spec.ts:40:26 › all planned views · dark › /connection/execution-command-outcome-unknown (1.1s)
  ✓   234 [chromium] › e2e/a11y.spec.ts:40:26 › all planned views · dark › /execution/execution-dialog-checkpoint (1.3s)
  ✓   235 [chromium] › e2e/a11y.spec.ts:40:26 › all planned views · dark › /execution/execution-dialog-cancel (1.2s)
  ✓   236 [chromium] › e2e/a11y.spec.ts:40:26 › all planned views · dark › /execution/execution-dialog-resume (1.2s)
  ✓   237 [chromium] › e2e/a11y.spec.ts:40:26 › all planned views · dark › /execution/execution-dialog-retry (1.6s)
  ✓   238 [chromium] › e2e/a11y.spec.ts:40:26 › all planned views · dark › /execution/execution-agent-t-01 (1.5s)
  ✓   239 [chromium] › e2e/a11y.spec.ts:40:26 › all planned views · dark › /execution/execution-agent-t-03 (1.5s)
  ✓   240 [chromium] › e2e/a11y.spec.ts:40:26 › all planned views · dark › /execution/execution-agent-t-04 (1.4s)
  ✓   241 [chromium] › e2e/a11y.spec.ts:40:26 › all planned views · dark › /execution/execution-agent-t-05 (1.3s)
  ✓   242 [chromium] › e2e/a11y.spec.ts:40:26 › all planned views · dark › /execution/execution-agent-t-06 (1.4s)
  ✓   243 [chromium] › e2e/a11y.spec.ts:40:26 › all planned views · dark › /execution/execution-agent-t-07 (1.2s)
  ✓   244 [chromium] › e2e/a11y.spec.ts:40:26 › all planned views · dark › /workflow/execution-inspector-context (1.2s)
  ✓   245 [chromium] › e2e/a11y.spec.ts:40:26 › all planned views · dark › /workflow/execution-inspector-access (1.3s)
  ✓   246 [chromium] › e2e/a11y.spec.ts:40:26 › all planned views · dark › /execution/execution-dialog-snapshot (1.3s)
  ✓   247 [chromium] › e2e/a11y.spec.ts:40:26 › all planned views · dark › /workflow/execution-dialog-lineage (1.2s)
  ✓   248 [chromium] › e2e/a11y.spec.ts:40:26 › all planned views · dark › /workflow/execution-dialog-manifest (1.2s)
  ✓   250 [chromium] › e2e/a11y.spec.ts:40:26 › all planned views · dark › /execution/execution-command-approve-gate-requested (1.2s)
  ✓   249 [chromium] › e2e/a11y.spec.ts:40:26 › all planned views · dark › /identity/execution-permission-viewer (1.3s)
  ✓   251 [chromium] › e2e/a11y.spec.ts:40:26 › all planned views · dark › /execution/execution-command-cancel-requested (1.1s)
  ✓   252 [chromium] › e2e/a11y.spec.ts:40:26 › all planned views · dark › /execution/execution-command-resume-requested (1.1s)
  ✓   253 [chromium] › e2e/a11y.spec.ts:40:26 › all planned views · dark › /execution/execution-command-retry-requested (1.1s)
  ✓   254 [chromium] › e2e/a11y.spec.ts:40:26 › all planned views · light › /sign-in (1.0s)
  ✓   255 [chromium] › e2e/a11y.spec.ts:40:26 › all planned views · light › /sign-in/help (1.1s)
  ✓   256 [chromium] › e2e/a11y.spec.ts:40:26 › all planned views · light › /invitations (1.1s)
  ✓   258 [chromium] › e2e/a11y.spec.ts:40:26 › all planned views · light › /tenancy/projects (1.2s)
  ✓   257 [chromium] › e2e/a11y.spec.ts:40:26 › all planned views · light › /tenancy/onboarding (1.3s)
  ✓   259 [chromium] › e2e/a11y.spec.ts:40:26 › all planned views · light › /tenancy/project-new (1.1s)
  ✓   260 [chromium] › e2e/a11y.spec.ts:40:26 › all planned views · light › /tenancy/setup-complete (1.1s)
  ✓   261 [chromium] › e2e/a11y.spec.ts:40:26 › all planned views · light › /identity/members (1.2s)
  ✓   262 [chromium] › e2e/a11y.spec.ts:40:26 › all planned views · light › /identity/invitations (1.2s)
  ✓   263 [chromium] › e2e/a11y.spec.ts:40:26 › all planned views · light › /identity/roles (1.2s)
  ✓   264 [chromium] › e2e/a11y.spec.ts:40:26 › all planned views · light › /identity/role-editor (1.1s)
  ✓   265 [chromium] › e2e/a11y.spec.ts:40:26 › all planned views · light › /identity/access (1.1s)
  ✓   266 [chromium] › e2e/a11y.spec.ts:40:26 › all planned views · light › /gateway/gateway (1.2s)
  ✓   267 [chromium] › e2e/a11y.spec.ts:40:26 › all planned views · light › /gateway/routing (1.3s)
  ✓   268 [chromium] › e2e/a11y.spec.ts:40:26 › all planned views · light › /gateway/budgets (1.2s)
  ✓   269 [chromium] › e2e/a11y.spec.ts:40:26 › all planned views · light › /resources/hub (1.2s)
  ✓   270 [chromium] › e2e/a11y.spec.ts:40:26 › all planned views · light › /resources/skills (1.2s)
  ✓   271 [chromium] › e2e/a11y.spec.ts:40:26 › all planned views · light › /resources/rules (1.3s)
  ✓   272 [chromium] › e2e/a11y.spec.ts:40:26 › all planned views · light › /resources/plugins (1.4s)
  ✓   274 [chromium] › e2e/a11y.spec.ts:40:26 › all planned views · light › /resources/sidecars (1.2s)
  ✓   273 [chromium] › e2e/a11y.spec.ts:40:26 › all planned views · light › /resources/hooks (1.2s)
  ✓   275 [chromium] › e2e/a11y.spec.ts:40:26 › all planned views · light › /memory/memory (1.1s)
  ✓   276 [chromium] › e2e/a11y.spec.ts:40:26 › all planned views · light › /memory/memory-settings (1.1s)
  ✓   277 [chromium] › e2e/a11y.spec.ts:40:26 › all planned views · light › /memory/memory-import (1.2s)
  ✓   278 [chromium] › e2e/a11y.spec.ts:40:26 › all planned views · light › /memory/curation (1.1s)
  ✓   280 [chromium] › e2e/a11y.spec.ts:40:26 › all planned views · light › /configuration/runtime-settings (1.0s)
  ✓   279 [chromium] › e2e/a11y.spec.ts:40:26 › all planned views · light › /configuration/settings (1.1s)
  ✓   281 [chromium] › e2e/a11y.spec.ts:40:26 › all planned views · light › /configuration/risk-policy (1.1s)
  ✓   282 [chromium] › e2e/a11y.spec.ts:40:26 › all planned views · light › /code/integrations (1.2s)
  ✓   283 [chromium] › e2e/a11y.spec.ts:40:26 › all planned views · light › /agents/default-agent (1.2s)
  ✓   284 [chromium] › e2e/a11y.spec.ts:40:26 › all planned views · light › /resources/sandbox-templates (1.1s)
  ✓   285 [chromium] › e2e/a11y.spec.ts:40:26 › all planned views · light › /specifications/specs (1.1s)
  ✓   286 [chromium] › e2e/a11y.spec.ts:40:26 › all planned views · light › /specifications/editor (1.1s)
  ✓   287 [chromium] › e2e/a11y.spec.ts:40:26 › all planned views · light › /specifications/locked (1.2s)
  ✓   288 [chromium] › e2e/a11y.spec.ts:40:26 › all planned views · light › /specifications/history (1.2s)
  ✓   289 [chromium] › e2e/a11y.spec.ts:40:26 › all planned views · light › /specifications/spec-diff (1.1s)
  ✓   290 [chromium] › e2e/a11y.spec.ts:40:26 › all planned views · light › /specifications/merge (1.1s)
  ✓   291 [chromium] › e2e/a11y.spec.ts:40:26 › all planned views · light › /code/code (1.1s)
  ✓   292 [chromium] › e2e/a11y.spec.ts:40:26 › all planned views · light › /code/search-code (1.2s)
  ✓   293 [chromium] › e2e/a11y.spec.ts:40:26 › all planned views · light › /code/evidence (1.2s)
  ✓   294 [chromium] › e2e/a11y.spec.ts:40:26 › all planned views · light › /code/scan (1.2s)
  ✓   295 [chromium] › e2e/a11y.spec.ts:40:26 › all planned views · light › /code/drift (1.1s)
  ✓   296 [chromium] › e2e/a11y.spec.ts:40:26 › all planned views · light › /memory/memory-prep (1.2s)
  ✓   297 [chromium] › e2e/a11y.spec.ts:40:26 › all planned views · light › /workflow/plans (1.1s)
  ✓   298 [chromium] › e2e/a11y.spec.ts:40:26 › all planned views · light › /workflow/plan-detail (1.1s)
  ✓   299 [chromium] › e2e/a11y.spec.ts:40:26 › all planned views · light › /workflow/workflow (1.2s)
  ✓   300 [chromium] › e2e/a11y.spec.ts:40:26 › all planned views · light › /agents/agent-compose (1.1s)
  ✓   301 [chromium] › e2e/a11y.spec.ts:40:26 › all planned views · light › /workflow/meta-agent (1.1s)
  ✓   302 [chromium] › e2e/a11y.spec.ts:40:26 › all planned views · light › /workflow/contracts (1.1s)
  ✓   303 [chromium] › e2e/a11y.spec.ts:40:26 › all planned views · light › /execution/runs (1.2s)
  ✓   304 [chromium] › e2e/a11y.spec.ts:40:26 › all planned views · light › /execution/run-detail (1.4s)
  ✓   305 [chromium] › e2e/a11y.spec.ts:40:26 › all planned views · light › /execution/terminal (1.4s)
  ✓   306 [chromium] › e2e/a11y.spec.ts:40:26 › all planned views · light › /execution/activity-tree (1.5s)
  ✓   307 [chromium] › e2e/a11y.spec.ts:40:26 › all planned views · light › /execution/artifacts (1.4s)
  ✓   308 [chromium] › e2e/a11y.spec.ts:40:26 › all planned views · light › /execution/snapshot (1.5s)
  ✓   309 [chromium] › e2e/a11y.spec.ts:40:26 › all planned views · light › /execution/sandboxes (1.4s)
  ✓   310 [chromium] › e2e/a11y.spec.ts:40:26 › all planned views · light › /execution/locks (1.3s)
  ✓   311 [chromium] › e2e/a11y.spec.ts:40:26 › all planned views · light › /governance/gates (1.3s)
  ✓   312 [chromium] › e2e/a11y.spec.ts:40:26 › all planned views · light › /governance/gate-detail (1.4s)
  ✓   313 [chromium] › e2e/a11y.spec.ts:40:26 › all planned views · light › /governance/gate-medium (1.2s)
  ✓   314 [chromium] › e2e/a11y.spec.ts:40:26 › all planned views · light › /governance/diff-review (1.2s)
  ✓   315 [chromium] › e2e/a11y.spec.ts:40:26 › all planned views · light › /governance/security (1.2s)
  ✓   316 [chromium] › e2e/a11y.spec.ts:40:26 › all planned views · light › /governance/pull-request (1.3s)
  ✓   317 [chromium] › e2e/a11y.spec.ts:40:26 › all planned views · light › /governance/ci-failed (1.3s)
  ✓   318 [chromium] › e2e/a11y.spec.ts:40:26 › all planned views · light › /governance/pr-conflict (1.4s)
  ✓   319 [chromium] › e2e/a11y.spec.ts:40:26 › all planned views · light › /governance/post-merge (1.4s)
  ✓   320 [chromium] › e2e/a11y.spec.ts:40:26 › all planned views · light › /governance/audit (1.2s)
  ✓   321 [chromium] › e2e/a11y.spec.ts:40:26 › all planned views · light › /collaboration/notifications (1.5s)
  ✓   322 [chromium] › e2e/a11y.spec.ts:40:26 › all planned views · light › /code/exceptions (1.4s)
  ✓   323 [chromium] › e2e/a11y.spec.ts:40:26 › all planned views · light › /code/components (1.2s)
  ✓   324 [chromium] › e2e/a11y.spec.ts:40:26 › all planned views · light › /code/index (1.3s)
  ✓   325 [chromium] › e2e/a11y.spec.ts:40:26 › all planned views · light › /home/setup-readiness (1.2s)
  ✓   326 [chromium] › e2e/a11y.spec.ts:40:26 › all planned views · light › /identity/invite-identity (996ms)
  ✓   327 [chromium] › e2e/a11y.spec.ts:40:26 › all planned views · light › /identity/access-revoked (1.2s)
  ✓   328 [chromium] › e2e/a11y.spec.ts:40:26 › all planned views · light › /tenancy/repo-reconcile (1.1s)
  ✓   329 [chromium] › e2e/a11y.spec.ts:40:26 › all planned views · light › /gateway/budget-ledger (1.1s)
  ✓   330 [chromium] › e2e/a11y.spec.ts:40:26 › all planned views · light › /resources/registry-impact (1.1s)
  ✓   332 [chromium] › e2e/a11y.spec.ts:40:26 › all planned views · light › /workflow/workflow-proposal (1.1s)
  ✓   331 [chromium] › e2e/a11y.spec.ts:40:26 › all planned views · light › /memory/memory-lineage (1.2s)
  ✓   333 [chromium] › e2e/a11y.spec.ts:40:26 › all planned views · light › /specifications/draft-recovery (1.1s)
  ✓   334 [chromium] › e2e/a11y.spec.ts:40:26 › all planned views · light › /specifications/stale-merge (1.2s)
  ✓   335 [chromium] › e2e/a11y.spec.ts:40:26 › all planned views · light › /workflow/input-lineage (1.2s)
  ✓   336 [chromium] › e2e/a11y.spec.ts:40:26 › all planned views · light › /code/greenfield (1.2s)
  ✓   337 [chromium] › e2e/a11y.spec.ts:40:26 › all planned views · light › /workflow/generation-job (1.2s)
  ✓   338 [chromium] › e2e/a11y.spec.ts:40:26 › all planned views · light › /execution/admission (1.3s)
  ✓   339 [chromium] › e2e/a11y.spec.ts:40:26 › all planned views · light › /execution/artifact-handoff (1.1s)
  ✓   340 [chromium] › e2e/a11y.spec.ts:40:26 › all planned views · light › /connection/recovery (1.1s)
  ✓   341 [chromium] › e2e/a11y.spec.ts:40:26 › all planned views · light › /governance/secret-triage (1.1s)
  ✓   342 [chromium] › e2e/a11y.spec.ts:40:26 › all planned views · light › /governance/reviewer-eligibility (1.2s)
  ✓   343 [chromium] › e2e/a11y.spec.ts:40:26 › all planned views · light › /governance/signature-history (1.2s)
  ✓   344 [chromium] › e2e/a11y.spec.ts:40:26 › all planned views · light › /connection/pr-reconcile (1.1s)
  ✓   345 [chromium] › e2e/a11y.spec.ts:40:26 › all planned views · light › /governance/acceptance (1.1s)
  ✓   346 [chromium] › e2e/a11y.spec.ts:40:26 › all planned views · light › /execution/cleanup (1.2s)
  ✓   347 [chromium] › e2e/a11y.spec.ts:40:26 › all planned views · light › /tenancy/offboarding (1.2s)
  ✓   348 [chromium] › e2e/a11y.spec.ts:40:26 › all planned views · light › /configuration/policy-impact (1.1s)
  ✓   349 [chromium] › e2e/a11y.spec.ts:40:26 › all planned views · light › /observer/incident-recovery (994ms)
  ✓   350 [chromium] › e2e/a11y.spec.ts:40:26 › all planned views · light › /code/business-states (1.2s)
  ✓   351 [chromium] › e2e/a11y.spec.ts:40:26 › all planned views · light › /code/design-journeys (1.2s)
  ✓   352 [chromium] › e2e/a11y.spec.ts:40:26 › all planned views · light › /code/code-symbols (1.2s)
  ✓   353 [chromium] › e2e/a11y.spec.ts:40:26 › all planned views · light › /memory/ai-context (1.3s)
  ✓   354 [chromium] › e2e/a11y.spec.ts:40:26 › all planned views · light › /code/ide-states (1.3s)
  ✓   355 [chromium] › e2e/a11y.spec.ts:40:26 › all planned views · light › /tenancy/organizations (1.1s)
  ✓   356 [chromium] › e2e/a11y.spec.ts:40:26 › all planned views · light › /tenancy/workspaces (1.2s)
  ✓   357 [chromium] › e2e/a11y.spec.ts:40:26 › all planned views · light › /tenancy/workspace-settings (1.1s)
  ✓   358 [chromium] › e2e/a11y.spec.ts:40:26 › all planned views · light › /workflow/workflow-templates (1.1s)
  ✓   359 [chromium] › e2e/a11y.spec.ts:40:26 › all planned views · light › /specifications/conflicts (1.1s)
  ✓   360 [chromium] › e2e/a11y.spec.ts:40:26 › all planned views · light › /memory/memory-layers (1.1s)
  ✓   361 [chromium] › e2e/a11y.spec.ts:40:26 › all planned views · light › /governance/risk-review (1.1s)
  ✓   362 [chromium] › e2e/a11y.spec.ts:40:26 › all planned views · light › /workflow/wf-review (1.1s)
  ✓   363 [chromium] › e2e/a11y.spec.ts:40:26 › all planned views · light › /specifications/ide-journeys (1.1s)
  ✓   364 [chromium] › e2e/a11y.spec.ts:40:26 › all planned views · light › /tenancy/scope-workspaces (1.1s)
  ✓   365 [chromium] › e2e/a11y.spec.ts:40:26 › all planned views · light › /execution/execution (1.2s)
  ✓   366 [chromium] › e2e/a11y.spec.ts:40:26 › all planned views · light › /execution/execution-states (1.1s)
  ✓   367 [chromium] › e2e/a11y.spec.ts:40:26 › all planned views · light › /observer/sign-in (668ms)
  ✓   368 [chromium] › e2e/a11y.spec.ts:40:26 › all planned views · light › /observer/obs-overview (867ms)
  ✓   369 [chromium] › e2e/a11y.spec.ts:40:26 › all planned views · light › /observer/traces (962ms)
  ✓   370 [chromium] › e2e/a11y.spec.ts:40:26 › all planned views · light › /observer/trace-detail (1.0s)
  ✓   371 [chromium] › e2e/a11y.spec.ts:40:26 › all planned views · light › /observer/metrics (989ms)
  ✓   372 [chromium] › e2e/a11y.spec.ts:40:26 › all planned views · light › /observer/profiler (986ms)
  ✓   373 [chromium] › e2e/a11y.spec.ts:40:26 › all planned views · light › /observer/telemetry (1.1s)
  ✓   374 [chromium] › e2e/a11y.spec.ts:40:26 › all planned views · light › /observer/infra (1.1s)
  ✓   375 [chromium] › e2e/a11y.spec.ts:40:26 › all planned views · light › /observer/saturation (954ms)
  ✓   376 [chromium] › e2e/a11y.spec.ts:40:26 › all planned views · light › /observer/obs-audit (922ms)
  ✓   377 [chromium] › e2e/a11y.spec.ts:40:26 › all planned views · light › /observer/exports (907ms)
  ✓   378 [chromium] › e2e/a11y.spec.ts:40:26 › all planned views · light › /observer/index (914ms)
  ✓   379 [chromium] › e2e/a11y.spec.ts:40:26 › all planned views · light › /observer/data-quality (864ms)
  ✓   380 [chromium] › e2e/a11y.spec.ts:40:26 › all planned views · light › /observer/export-job (921ms)
  ✓   381 [chromium] › e2e/a11y.spec.ts:40:26 › all planned views · light › /observer/profile-compatibility (922ms)
  ✓   382 [chromium] › e2e/a11y.spec.ts:40:26 › all planned views · light › /observer/diagnostic-handoff (945ms)
  ✓   383 [chromium] › e2e/a11y.spec.ts:40:26 › all planned views · light › /identity/state-wrong-account (993ms)
  ✓   384 [chromium] › e2e/a11y.spec.ts:40:26 › all planned views · light › /identity/state-expired-invitation (976ms)
  ✓   385 [chromium] › e2e/a11y.spec.ts:40:26 › all planned views · light › /home/state-access-changed (1.1s)
  ✓   386 [chromium] › e2e/a11y.spec.ts:40:26 › all planned views · light › /code/state-repo-disconnected (1.1s)
  ✓   387 [chromium] › e2e/a11y.spec.ts:40:26 › all planned views · light › /gateway/state-budget-blocked (1.1s)
  ✓   388 [chromium] › e2e/a11y.spec.ts:40:26 › all planned views · light › /agents/state-resource-revoked (1.1s)
  ✓   389 [chromium] › e2e/a11y.spec.ts:40:26 › all planned views · light › /memory/state-memory-deprecated (1.1s)
  ✓   390 [chromium] › e2e/a11y.spec.ts:40:26 › all planned views · light › /specifications/state-offline-draft (1.2s)
  ✓   391 [chromium] › e2e/a11y.spec.ts:40:26 › all planned views · light › /governance/state-merge-stale (1.1s)
  ✓   392 [chromium] › e2e/a11y.spec.ts:40:26 › all planned views · light › /home/state-input-superseded (1.1s)
  ✓   393 [chromium] › e2e/a11y.spec.ts:40:26 › all planned views · light › /code/state-empty-repository (1.2s)
  ✓   394 [chromium] › e2e/a11y.spec.ts:40:26 › all planned views · light › /home/state-generation-failed (1.1s)
  ✓   395 [chromium] › e2e/a11y.spec.ts:40:26 › all planned views · light › /home/state-checkpoint-required (1.2s)
  ✓   396 [chromium] › e2e/a11y.spec.ts:40:26 › all planned views · light › /home/state-artifact-not-durable (1.1s)
  ✓   397 [chromium] › e2e/a11y.spec.ts:40:26 › all planned views · light › /execution/state-snapshot-unavailable (1.1s)
  ✓   398 [chromium] › e2e/a11y.spec.ts:40:26 › all planned views · light › /code/state-scanner-unavailable (1.1s)
  ✓   399 [chromium] › e2e/a11y.spec.ts:40:26 › all planned views · light › /governance/state-secret-confirmed (1.1s)
  ✓   400 [chromium] › e2e/a11y.spec.ts:40:26 › all planned views · light › /identity/state-reviewer-missing (1.1s)
  ✓   401 [chromium] › e2e/a11y.spec.ts:40:26 › all planned views · light › /home/state-old-head-ci (1.0s)
  ✓   402 [chromium] › e2e/a11y.spec.ts:40:26 › all planned views · light › /home/state-pr-unknown (1.1s)
  ✓   403 [chromium] › e2e/a11y.spec.ts:40:26 › all planned views · light › /governance/state-partial-merge (1.2s)
  ✓   404 [chromium] › e2e/a11y.spec.ts:40:26 › all planned views · light › /governance/state-acceptance-failed (1.1s)
  ✓   405 [chromium] › e2e/a11y.spec.ts:40:26 › all planned views · light › /governance/state-verification-unknown (1.0s)
  ✓   406 [chromium] › e2e/a11y.spec.ts:40:26 › all planned views · light › /execution/state-cleanup-held (1.2s)
  ✓   407 [chromium] › e2e/a11y.spec.ts:40:26 › all planned views · light › /home/state-project-archived (1.1s)
  ✓   408 [chromium] › e2e/a11y.spec.ts:40:26 › all planned views · light › /home/state-restore-reconcile (1.3s)
  ✓   409 [chromium] › e2e/a11y.spec.ts:40:26 › all planned views · light › /specifications/ide-state-source-loading (1.2s)
  ✓   410 [chromium] › e2e/a11y.spec.ts:40:26 › all planned views · light › /specifications/ide-state-source-failed (1.2s)
  ✓   411 [chromium] › e2e/a11y.spec.ts:40:26 › all planned views · light › /specifications/ide-state-source-denied (1.1s)
  ✓   412 [chromium] › e2e/a11y.spec.ts:40:26 › all planned views · light › /specifications/ide-state-source-empty (1.1s)
  ✓   413 [chromium] › e2e/a11y.spec.ts:40:26 › all planned views · light › /specifications/ide-state-binary-file (1.3s)
  ✓   414 [chromium] › e2e/a11y.spec.ts:40:26 › all planned views · light › /specifications/ide-state-large-file (1.1s)
  ✓   415 [chromium] › e2e/a11y.spec.ts:40:26 › all planned views · light › /code/ide-state-stale-index (1.1s)
  ✓   416 [chromium] › e2e/a11y.spec.ts:40:26 › all planned views · light › /code/ide-state-partial-index (1.2s)
  ✓   417 [chromium] › e2e/a11y.spec.ts:40:26 › all planned views · light › /specifications/ide-state-offline-draft (1.1s)
  ✓   418 [chromium] › e2e/a11y.spec.ts:40:26 › all planned views · light › /specifications/ide-state-dirty-tab (1.1s)
  ✓   419 [chromium] › e2e/a11y.spec.ts:40:26 › all planned views · light › /specifications/ide-state-frozen-draft (1.2s)
  ✓   420 [chromium] › e2e/a11y.spec.ts:40:26 › all planned views · light › /memory/ide-state-stale-context (1.3s)
  ✓   421 [chromium] › e2e/a11y.spec.ts:40:26 › all planned views · light › /governance/v6-state-spec-acceptance (1.1s)
  ✓   422 [chromium] › e2e/a11y.spec.ts:40:26 › all planned views · light › /code/v6-state-code-linked-spec (1.2s)
  ✓   423 [chromium] › e2e/a11y.spec.ts:40:26 › all planned views · light › /memory/v6-state-greenfield-context (1.1s)
  ✓   424 [chromium] › e2e/a11y.spec.ts:40:26 › all planned views · light › /memory/v6-state-context-confirm (1.3s)
  ✓   425 [chromium] › e2e/a11y.spec.ts:40:26 › all planned views · light › /workflow/v6-state-multi-spec-plan (1.3s)
  ✓   426 [chromium] › e2e/a11y.spec.ts:40:26 › all planned views · light › /memory/v6-state-context-review (1.5s)
  ✓   427 [chromium] › e2e/a11y.spec.ts:40:26 › all planned views · light › /memory/v6-state-context-revoked (1.5s)
  ✓   428 [chromium] › e2e/a11y.spec.ts:40:26 › all planned views · light › /memory/v6-state-scope-confirm (1.4s)
  ✓   429 [chromium] › e2e/a11y.spec.ts:40:26 › all planned views · light › /execution/execution-state-empty (1.3s)
  ✓   430 [chromium] › e2e/a11y.spec.ts:40:26 › all planned views · light › /execution/execution-state-parallel (1.5s)
  ✓   431 [chromium] › e2e/a11y.spec.ts:40:26 › all planned views · light › /execution/execution-state-checkpoint (1.2s)
  ✓   432 [chromium] › e2e/a11y.spec.ts:40:26 › all planned views · light › /execution/execution-state-failed (1.1s)
  ✓   433 [chromium] › e2e/a11y.spec.ts:40:26 › all planned views · light › /gateway/execution-state-budget (1.1s)
  ✓   434 [chromium] › e2e/a11y.spec.ts:40:26 › all planned views · light › /execution/execution-state-paused (1.1s)
  ✓   435 [chromium] › e2e/a11y.spec.ts:40:26 › all planned views · light › /execution/execution-state-cleanup-error (1.2s)
  ✓   436 [chromium] › e2e/a11y.spec.ts:40:26 › all planned views · light › /execution/execution-state-completed (1.2s)
  ✓   437 [chromium] › e2e/a11y.spec.ts:40:26 › all planned views · light › /execution/execution-detail-terminal (1.1s)
  ✓   438 [chromium] › e2e/a11y.spec.ts:40:26 › all planned views · light › /execution/execution-detail-artifacts (1.1s)
  ✓   439 [chromium] › e2e/a11y.spec.ts:40:26 › all planned views · light › /memory/execution-detail-memory (1.3s)
  ✓   440 [chromium] › e2e/a11y.spec.ts:40:26 › all planned views · light › /execution/execution-command-requested (1.1s)
  ✓   441 [chromium] › e2e/a11y.spec.ts:40:26 › all planned views · light › /execution/execution-command-accepted (1.1s)
  ✓   442 [chromium] › e2e/a11y.spec.ts:40:26 › all planned views · light › /connection/execution-command-outcome-unknown (1.1s)
  ✓   443 [chromium] › e2e/a11y.spec.ts:40:26 › all planned views · light › /execution/execution-dialog-checkpoint (1.2s)
  ✓   444 [chromium] › e2e/a11y.spec.ts:40:26 › all planned views · light › /execution/execution-dialog-cancel (1.1s)
  ✓   445 [chromium] › e2e/a11y.spec.ts:40:26 › all planned views · light › /execution/execution-dialog-resume (1.2s)
  ✓   446 [chromium] › e2e/a11y.spec.ts:40:26 › all planned views · light › /execution/execution-dialog-retry (1.2s)
  ✓   447 [chromium] › e2e/a11y.spec.ts:40:26 › all planned views · light › /execution/execution-agent-t-01 (1.1s)
  ✓   448 [chromium] › e2e/a11y.spec.ts:40:26 › all planned views · light › /execution/execution-agent-t-03 (1.1s)
  ✓   449 [chromium] › e2e/a11y.spec.ts:40:26 › all planned views · light › /execution/execution-agent-t-04 (1.1s)
  ✓   450 [chromium] › e2e/a11y.spec.ts:40:26 › all planned views · light › /execution/execution-agent-t-05 (1.2s)
  ✓   451 [chromium] › e2e/a11y.spec.ts:40:26 › all planned views · light › /execution/execution-agent-t-06 (1.2s)
  ✓   452 [chromium] › e2e/a11y.spec.ts:40:26 › all planned views · light › /execution/execution-agent-t-07 (1.2s)
  ✓   453 [chromium] › e2e/a11y.spec.ts:40:26 › all planned views · light › /workflow/execution-inspector-context (1.1s)
  ✓   454 [chromium] › e2e/a11y.spec.ts:40:26 › all planned views · light › /workflow/execution-inspector-access (1.1s)
  ✓   455 [chromium] › e2e/a11y.spec.ts:40:26 › all planned views · light › /execution/execution-dialog-snapshot (1.2s)
  ✓   456 [chromium] › e2e/a11y.spec.ts:40:26 › all planned views · light › /workflow/execution-dialog-lineage (1.2s)
  ✓   457 [chromium] › e2e/a11y.spec.ts:40:26 › all planned views · light › /workflow/execution-dialog-manifest (1.3s)
  ✓   458 [chromium] › e2e/a11y.spec.ts:40:26 › all planned views · light › /identity/execution-permission-viewer (1.3s)
  ✓   459 [chromium] › e2e/a11y.spec.ts:40:26 › all planned views · light › /execution/execution-command-approve-gate-requested (1.1s)
  ✓   460 [chromium] › e2e/a11y.spec.ts:40:26 › all planned views · light › /execution/execution-command-cancel-requested (1.1s)
  ✓   461 [chromium] › e2e/a11y.spec.ts:40:26 › all planned views · light › /execution/execution-command-resume-requested (1.2s)
  ✓   462 [chromium] › e2e/a11y.spec.ts:40:26 › all planned views · light › /execution/execution-command-retry-requested (1.3s)
  ✓   463 [chromium] › e2e/archive.spec.ts:3:1 › memory hub searches knowledge type and keeps saved episodic drafts in its review queue (2.3s)
  ✓   465 [chromium] › e2e/definitions.spec.ts:43:1 › unsaved changes are guarded on navigation (731ms)
  ✓   464 [chromium] › e2e/definitions.spec.ts:3:1 › author, validate, save, compare and archive a definition (3.1s)
  ✓   467 [chromium] › e2e/definitions.spec.ts:81:1 › agents workbench follows the Figma frame: tabs, gated lifecycle, readiness and versions (3.2s)
  ✓   468 [chromium] › e2e/definitions.spec.ts:117:1 › own saves never raise a conflict; a save from another tab does (1.2s)
PARITY home 18/18
  ✓   469 [chromium] › e2e/figma-parity.spec.ts:64:3 › figma parity home (859ms)
PARITY specifications 27/27
  ✓   470 [chromium] › e2e/figma-parity.spec.ts:64:3 › figma parity specifications (1.4s)
PARITY code 17/17
  ✓   471 [chromium] › e2e/figma-parity.spec.ts:64:3 › figma parity code (1.5s)
PARITY collaboration 29/29
  ✓   472 [chromium] › e2e/figma-parity.spec.ts:64:3 › figma parity collaboration (922ms)
PARITY agents 21/21
  ✓   473 [chromium] › e2e/figma-parity.spec.ts:64:3 › figma parity agents (1.0s)
PARITY resources 18/19 missing: Endpoint / artifact reference
  ✓   474 [chromium] › e2e/figma-parity.spec.ts:64:3 › figma parity resources (977ms)
PARITY workflow 17/17
  ✓   475 [chromium] › e2e/figma-parity.spec.ts:64:3 › figma parity workflow (1.1s)
PARITY memory 20/22 missing: Source revision / snapshot | Source digest
  ✓   476 [chromium] › e2e/figma-parity.spec.ts:64:3 › figma parity memory (1.0s)
PARITY execution 35/35
  ✓   477 [chromium] › e2e/figma-parity.spec.ts:64:3 › figma parity execution (852ms)
PARITY governance 35/35
  ✓   478 [chromium] › e2e/figma-parity.spec.ts:64:3 › figma parity governance (859ms)
PARITY gateway 31/31
  ✓   479 [chromium] › e2e/figma-parity.spec.ts:64:3 › figma parity gateway (858ms)
PARITY configuration 18/21 missing: Proposed scope | Policy JSON | Rollback proposal
  ✓   480 [chromium] › e2e/figma-parity.spec.ts:64:3 › figma parity configuration (1.0s)
PARITY identity 28/28
  ✓   481 [chromium] › e2e/figma-parity.spec.ts:64:3 › figma parity identity (818ms)
PARITY tenancy 27/27
  ✓   482 [chromium] › e2e/figma-parity.spec.ts:64:3 › figma parity tenancy (798ms)
PARITY saas 30/30
  ✓   483 [chromium] › e2e/figma-parity.spec.ts:64:3 › figma parity saas (766ms)
PARITY desktop 31/31
  ✓   484 [chromium] › e2e/figma-parity.spec.ts:64:3 › figma parity desktop (787ms)
PARITY observer 30/30
  ✓   485 [chromium] › e2e/figma-parity.spec.ts:64:3 › figma parity observer (689ms)
PARITY connection 19/19
  ✓   486 [chromium] › e2e/figma-parity.spec.ts:64:3 › figma parity connection (764ms)
  ✓   487 [chromium] › e2e/ides.spec.ts:4:1 › specifications: create, edit, save, outline, preview, history (4.4s)
  ✓   466 [chromium] › e2e/definitions.spec.ts:65:1 › every definition type can be created with defaults (FND-004) (28.3s)
  ✓   488 [chromium] › e2e/ides.spec.ts:63:1 › specifications: preview never runs scripts from Markdown (2.3s)
  ✓   489 [chromium] › e2e/ides.spec.ts:84:1 › code intelligence: import folder, search, outline symbols (3.4s)
  ✓   491 [chromium] › e2e/native-states.spec.ts:5:3 › native state SP-Catalog · dark (1.3s)
  ✓   490 [chromium] › e2e/ides.spec.ts:119:1 › workflow: tasks, pinned agent, cycle detection, save (4.8s)
  ✓   492 [chromium] › e2e/native-states.spec.ts:5:3 › native state SP-Conflict · dark (1.5s)
  ✓   493 [chromium] › e2e/native-states.spec.ts:5:3 › native state SP-Freeze · dark (1.4s)
  ✓   494 [chromium] › e2e/native-states.spec.ts:5:3 › native state CI-Coverage · dark (1.4s)
  ✓   495 [chromium] › e2e/native-states.spec.ts:5:3 › native state AG-Readiness · dark (1.4s)
  ✓   496 [chromium] › e2e/native-states.spec.ts:5:3 › native state AG-Guardrails · dark (1.2s)
  ✓   497 [chromium] › e2e/native-states.spec.ts:5:3 › native state RS-MCP · dark (1.2s)
  ✓   498 [chromium] › e2e/native-states.spec.ts:5:3 › native state MM-Context · dark (1.2s)
  ✓   499 [chromium] › e2e/native-states.spec.ts:5:3 › native state WF-Task · dark (1.3s)
  ✓   500 [chromium] › e2e/native-states.spec.ts:5:3 › native state EX-TaskAttempt · dark (1.4s)
  ✓   501 [chromium] › e2e/native-states.spec.ts:5:3 › native state CMD-Unknown · dark (1.3s)
  ✓   502 [chromium] › e2e/native-states.spec.ts:5:3 › native state EX-Cleanup · dark (1.2s)
  ✓   503 [chromium] › e2e/native-states.spec.ts:5:3 › native state RV-Acceptance · dark (1.3s)
  ✓   504 [chromium] › e2e/native-states.spec.ts:5:3 › native state IAM-Scope · dark (1.2s)
  ✓   505 [chromium] › e2e/native-states.spec.ts:5:3 › native state CFG-Policy · dark (1.3s)
  ✓   506 [chromium] › e2e/native-states.spec.ts:5:3 › native state SAAS-Budget · dark (1.3s)
  ✓   507 [chromium] › e2e/native-states.spec.ts:5:3 › native state DT-Unavailable · dark (1.3s)
  ✓   508 [chromium] › e2e/native-states.spec.ts:5:3 › native state OB-Stale · dark (1.5s)
  ✓   509 [chromium] › e2e/native-states.spec.ts:5:3 › native state SP-Catalog · light (1.3s)
  ✓   510 [chromium] › e2e/native-states.spec.ts:5:3 › native state SP-Conflict · light (1.3s)
  ✓   511 [chromium] › e2e/native-states.spec.ts:5:3 › native state SP-Freeze · light (1.4s)
  ✓   512 [chromium] › e2e/native-states.spec.ts:5:3 › native state CI-Coverage · light (1.3s)
  ✓   513 [chromium] › e2e/native-states.spec.ts:5:3 › native state AG-Readiness · light (1.2s)
  ✓   514 [chromium] › e2e/native-states.spec.ts:5:3 › native state AG-Guardrails · light (1.2s)
  ✓   515 [chromium] › e2e/native-states.spec.ts:5:3 › native state RS-MCP · light (1.4s)
  ✓   516 [chromium] › e2e/native-states.spec.ts:5:3 › native state MM-Context · light (1.4s)
  ✓   517 [chromium] › e2e/native-states.spec.ts:5:3 › native state WF-Task · light (1.3s)
  ✓   518 [chromium] › e2e/native-states.spec.ts:5:3 › native state EX-TaskAttempt · light (1.3s)
  ✓   519 [chromium] › e2e/native-states.spec.ts:5:3 › native state CMD-Unknown · light (1.3s)
  ✓   520 [chromium] › e2e/native-states.spec.ts:5:3 › native state EX-Cleanup · light (1.5s)
  ✓   521 [chromium] › e2e/native-states.spec.ts:5:3 › native state RV-Acceptance · light (1.4s)
  ✓   522 [chromium] › e2e/native-states.spec.ts:5:3 › native state IAM-Scope · light (1.3s)
  ✓   523 [chromium] › e2e/native-states.spec.ts:5:3 › native state CFG-Policy · light (1.3s)
  ✓   524 [chromium] › e2e/native-states.spec.ts:5:3 › native state SAAS-Budget · light (1.4s)
  ✓   525 [chromium] › e2e/native-states.spec.ts:5:3 › native state DT-Unavailable · light (1.3s)
  ✓   526 [chromium] › e2e/native-states.spec.ts:5:3 › native state OB-Stale · light (1.3s)
REALTIME {"presenceObservedMs":51,"environment":"local protocol peer"}
  ✓   527 [chromium] › e2e/realtime.spec.ts:137:1 › presence arrives through its scoped endpoint and expires from resolved policy (2.2s)
REALTIME {"crdtPeerObservedMs":16,"environment":"local protocol peer"}
  ✓   528 [chromium] › e2e/realtime.spec.ts:208:1 › scoped DAG, terminal and structured thoughts reject gaps without replaying commands (5.9s)
  ✓   529 [chromium] › e2e/realtime.spec.ts:303:1 › Yjs synchronizes two Monaco editors and closes editing on disconnect (5.1s)
  ✓   530 [chromium] › e2e/realtime.spec.ts:401:1 › Observer does not restore workspace authority and has independent grants (1.6s)
  -   532 [chromium] › e2e/release.spec.ts:7:1 › every file matches the release manifest byte-for-byte
  -   533 [chromium] › e2e/release.spec.ts:24:1 › security headers and caching
  -   534 [chromium] › e2e/release.spec.ts:37:1 › client routes serve the app; missing files are 404
  ✓   531 [chromium] › e2e/realtime.spec.ts:448:1 › resolved policy overrides drive risk and three budget classifications (1.6s)
  ✓   535 [chromium] › e2e/scene.spec.ts:8:3 › dedicated ide template without service (1.3s)
  ✓   536 [chromium] › e2e/scene.spec.ts:8:3 › dedicated review template without service (1.3s)
  ✓   537 [chromium] › e2e/scene.spec.ts:8:3 › dedicated table template without service (1.1s)
  ✓   538 [chromium] › e2e/scene.spec.ts:8:3 › dedicated statepattern template without service (1.1s)
  ✓   539 [chromium] › e2e/scene.spec.ts:8:3 › dedicated run template without service (1.2s)
  ✓   540 [chromium] › e2e/scene.spec.ts:8:3 › dedicated observer template without service (1.3s)
  ✓   541 [chromium] › e2e/scene.spec.ts:8:3 › dedicated trace template without service (1.2s)
  ✓   542 [chromium] › e2e/scene.spec.ts:8:3 › dedicated terminal template without service (1.2s)
  ✓   543 [chromium] › e2e/scene.spec.ts:8:3 › dedicated diff template without service (1.2s)
  ✓   544 [chromium] › e2e/scene.spec.ts:8:3 › dedicated merge template without service (1.1s)
  ✓   545 [chromium] › e2e/scene.spec.ts:8:3 › dedicated plan template without service (1.1s)
  ✓   546 [chromium] › e2e/scene.spec.ts:8:3 › dedicated tasklist template without service (1.3s)
  ✓   547 [chromium] › e2e/scene.spec.ts:8:3 › dedicated workflow template without service (1.2s)
  ✓   548 [chromium] › e2e/scene.spec.ts:8:3 › dedicated palette template without service (1.1s)
  ✓   549 [chromium] › e2e/scene.spec.ts:29:1 › mobile IDE reveals imported source and switches panels without document overflow (2.0s)
  ✓   550 [chromium] › e2e/scope-presence.spec.ts:6:49 › scope switch Effective preserves command identity and checks readback (1.9s)
  ✓   552 [chromium] › e2e/service.spec.ts:117:1 › rejects credentials in the service URL (324ms)
  ✓   551 [chromium] › e2e/scope-presence.spec.ts:6:49 › scope switch Unknown preserves command identity and checks readback (1.3s)
  ✓   554 [chromium] › e2e/service.spec.ts:165:1 › server error after send is Unknown and never resent (1.1s)
  ✓   555 [chromium] › e2e/service.spec.ts:190:1 › session is restored after a reload from the service cookie session (880ms)
  ✓   553 [chromium] › e2e/service.spec.ts:129:1 › connect, inspect a record and send one command per activation (2.7s)
  ✓   557 [chromium] › e2e/shell.spec.ts:3:1 › skip link, route focus, title and breadcrumb (481ms)
  ✓   556 [chromium] › e2e/service.spec.ts:200:1 › 401 ends the session with a single reconnect notice (FND-005) (617ms)
  ✓   559 [chromium] › e2e/shell.spec.ts:44:1 › help dialog opens with ? and returns focus (1.1s)
  ✓   558 [chromium] › e2e/shell.spec.ts:29:1 › command palette searches views and navigates (1.2s)
  ✓   561 [chromium] › e2e/shell.spec.ts:74:1 › unknown route shows a not-found page inside the shell (240ms)
  ✓   560 [chromium] › e2e/shell.spec.ts:61:1 › theme preference persists across reloads (447ms)
  ✓   562 [chromium] › e2e/shell.spec.ts:89:3 › mobile › navigation drawer (1.1s)
  ✓   563 [chromium] › e2e/shell.spec.ts:113:3 › no horizontal overflow at 320px (3.7s)
  ✓   564 [chromium] › e2e/shell.spec.ts:113:3 › no horizontal overflow at 768px (3.7s)
  ✓   565 [chromium] › e2e/shell.spec.ts:113:3 › no horizontal overflow at 1024px (4.0s)
  ✓   566 [chromium] › e2e/shell.spec.ts:113:3 › no horizontal overflow at 1280px (3.9s)
  ✓   568 [chromium] › e2e/shell.spec.ts:127:1 › mobile breadcrumb labels stay within the header and scope remains compact (213ms)
(node:19711) Warning: The 'NO_COLOR' env is ignored due to the 'FORCE_COLOR' env being set.
(Use `node --trace-warnings ...` to show where the warning was created)
(node:19711) Warning: The 'NO_COLOR' env is ignored due to the 'FORCE_COLOR' env being set.
(Use `node --trace-warnings ...` to show where the warning was created)
  ✓   567 [chromium] › e2e/shell.spec.ts:113:3 › no horizontal overflow at 1920px (4.0s)
(node:19894) Warning: The 'NO_COLOR' env is ignored due to the 'FORCE_COLOR' env being set.
(Use `node --trace-warnings ...` to show where the warning was created)
(node:19894) Warning: The 'NO_COLOR' env is ignored due to the 'FORCE_COLOR' env being set.
(Use `node --trace-warnings ...` to show where the warning was created)
  ✓   569 [firefox] › e2e/a11y.spec.ts:34:30 › modules · dark › / (2.8s)
  ✓   571 [firefox] › e2e/a11y.spec.ts:34:30 › modules · dark › /code (2.1s)
  ✓   570 [firefox] › e2e/a11y.spec.ts:34:30 › modules · dark › /specifications (2.8s)
  ✓   572 [firefox] › e2e/a11y.spec.ts:34:30 › modules · dark › /agents (1.8s)
  ✓   573 [firefox] › e2e/a11y.spec.ts:34:30 › modules · dark › /resources (1.8s)
  ✓   574 [firefox] › e2e/a11y.spec.ts:34:30 › modules · dark › /workflow (2.2s)
  ✓   575 [firefox] › e2e/a11y.spec.ts:34:30 › modules · dark › /execution (2.4s)
  ✓   576 [firefox] › e2e/a11y.spec.ts:34:30 › modules · dark › /governance (1.9s)
  ✓   577 [firefox] › e2e/a11y.spec.ts:34:30 › modules · dark › /memory (1.8s)
  ✓   578 [firefox] › e2e/a11y.spec.ts:34:30 › modules · dark › /gateway (2.0s)
  ✓   579 [firefox] › e2e/a11y.spec.ts:34:30 › modules · dark › /collaboration (1.8s)
  ✓   580 [firefox] › e2e/a11y.spec.ts:34:30 › modules · dark › /configuration (1.8s)
  ✓   581 [firefox] › e2e/a11y.spec.ts:34:30 › modules · dark › /identity (1.9s)
  ✓   582 [firefox] › e2e/a11y.spec.ts:34:30 › modules · dark › /tenancy (1.6s)
  ✓   583 [firefox] › e2e/a11y.spec.ts:34:30 › modules · dark › /saas (1.7s)
  ✓   584 [firefox] › e2e/a11y.spec.ts:34:30 › modules · dark › /desktop (1.9s)
  ✓   585 [firefox] › e2e/a11y.spec.ts:34:30 › modules · dark › /observer (1.3s)
  ✓   586 [firefox] › e2e/a11y.spec.ts:34:30 › modules · dark › /connection (1.8s)
  ✓   587 [firefox] › e2e/a11y.spec.ts:34:30 › modules · dark › /definitions (1.8s)
  ✓   588 [firefox] › e2e/a11y.spec.ts:34:30 › modules · dark › /definitions/agent (1.6s)
  ✓   589 [firefox] › e2e/a11y.spec.ts:34:30 › modules · dark › /resources/drafts/mcp-resource (2.0s)
  ✓   590 [firefox] › e2e/a11y.spec.ts:34:30 › modules · dark › /no-such-view (1.4s)
  ✓   591 [firefox] › e2e/a11y.spec.ts:34:30 › modules · light › / (1.9s)
  ✓   592 [firefox] › e2e/a11y.spec.ts:34:30 › modules · light › /specifications (2.0s)
  ✓   593 [firefox] › e2e/a11y.spec.ts:34:30 › modules · light › /code (2.2s)
  ✓   594 [firefox] › e2e/a11y.spec.ts:34:30 › modules · light › /agents (2.0s)
  ✓   595 [firefox] › e2e/a11y.spec.ts:34:30 › modules · light › /resources (1.8s)
  ✓   596 [firefox] › e2e/a11y.spec.ts:34:30 › modules · light › /workflow (1.9s)
  ✓   597 [firefox] › e2e/a11y.spec.ts:34:30 › modules · light › /execution (2.1s)
  ✓   598 [firefox] › e2e/a11y.spec.ts:34:30 › modules · light › /governance (2.4s)
  ✓   599 [firefox] › e2e/a11y.spec.ts:34:30 › modules · light › /memory (1.8s)
  ✓   600 [firefox] › e2e/a11y.spec.ts:34:30 › modules · light › /gateway (2.0s)
  ✓   601 [firefox] › e2e/a11y.spec.ts:34:30 › modules · light › /collaboration (2.0s)
  ✓   602 [firefox] › e2e/a11y.spec.ts:34:30 › modules · light › /configuration (2.0s)
  ✓   603 [firefox] › e2e/a11y.spec.ts:34:30 › modules · light › /identity (2.0s)
  ✓   604 [firefox] › e2e/a11y.spec.ts:34:30 › modules · light › /tenancy (1.7s)
  ✓   605 [firefox] › e2e/a11y.spec.ts:34:30 › modules · light › /saas (1.9s)
  ✓   606 [firefox] › e2e/a11y.spec.ts:34:30 › modules · light › /desktop (2.3s)
  ✓   607 [firefox] › e2e/a11y.spec.ts:34:30 › modules · light › /observer (1.4s)
  ✓   608 [firefox] › e2e/a11y.spec.ts:34:30 › modules · light › /connection (2.2s)
  ✓   609 [firefox] › e2e/a11y.spec.ts:34:30 › modules · light › /definitions (2.6s)
  ✓   610 [firefox] › e2e/a11y.spec.ts:34:30 › modules · light › /definitions/agent (1.6s)
  ✓   611 [firefox] › e2e/a11y.spec.ts:34:30 › modules · light › /resources/drafts/mcp-resource (2.0s)
  ✓   612 [firefox] › e2e/a11y.spec.ts:34:30 › modules · light › /no-such-view (1.5s)
  ✓   614 [firefox] › e2e/a11y.spec.ts:40:26 › all planned views · dark › /sign-in/help (1.4s)
  ✓   613 [firefox] › e2e/a11y.spec.ts:40:26 › all planned views · dark › /sign-in (1.5s)
  ✓   615 [firefox] › e2e/a11y.spec.ts:40:26 › all planned views · dark › /invitations (1.5s)
  ✓   616 [firefox] › e2e/a11y.spec.ts:40:26 › all planned views · dark › /tenancy/onboarding (1.9s)
  ✓   617 [firefox] › e2e/a11y.spec.ts:40:26 › all planned views · dark › /tenancy/projects (1.7s)
  ✓   618 [firefox] › e2e/a11y.spec.ts:40:26 › all planned views · dark › /tenancy/project-new (1.8s)
  ✓   619 [firefox] › e2e/a11y.spec.ts:40:26 › all planned views · dark › /tenancy/setup-complete (1.8s)
  ✓   620 [firefox] › e2e/a11y.spec.ts:40:26 › all planned views · dark › /identity/members (1.9s)
  ✓   621 [firefox] › e2e/a11y.spec.ts:40:26 › all planned views · dark › /identity/invitations (1.9s)
  ✓   622 [firefox] › e2e/a11y.spec.ts:40:26 › all planned views · dark › /identity/roles (1.8s)
  ✓   623 [firefox] › e2e/a11y.spec.ts:40:26 › all planned views · dark › /identity/role-editor (1.7s)
  ✓   624 [firefox] › e2e/a11y.spec.ts:40:26 › all planned views · dark › /identity/access (1.8s)
  ✓   625 [firefox] › e2e/a11y.spec.ts:40:26 › all planned views · dark › /gateway/gateway (1.7s)
  ✓   626 [firefox] › e2e/a11y.spec.ts:40:26 › all planned views · dark › /gateway/routing (1.5s)
  ✓   627 [firefox] › e2e/a11y.spec.ts:40:26 › all planned views · dark › /gateway/budgets (1.9s)
  ✓   628 [firefox] › e2e/a11y.spec.ts:40:26 › all planned views · dark › /resources/hub (1.7s)
  ✓   629 [firefox] › e2e/a11y.spec.ts:40:26 › all planned views · dark › /resources/skills (1.9s)
  ✓   630 [firefox] › e2e/a11y.spec.ts:40:26 › all planned views · dark › /resources/rules (2.2s)
  ✓   631 [firefox] › e2e/a11y.spec.ts:40:26 › all planned views · dark › /resources/plugins (1.9s)
  ✓   632 [firefox] › e2e/a11y.spec.ts:40:26 › all planned views · dark › /resources/hooks (1.7s)
  ✓   633 [firefox] › e2e/a11y.spec.ts:40:26 › all planned views · dark › /resources/sidecars (1.9s)
  ✓   634 [firefox] › e2e/a11y.spec.ts:40:26 › all planned views · dark › /memory/memory (1.8s)
  ✓   635 [firefox] › e2e/a11y.spec.ts:40:26 › all planned views · dark › /memory/memory-settings (1.8s)
  ✓   636 [firefox] › e2e/a11y.spec.ts:40:26 › all planned views · dark › /memory/memory-import (1.7s)
  ✓   637 [firefox] › e2e/a11y.spec.ts:40:26 › all planned views · dark › /memory/curation (1.8s)
  ✓   638 [firefox] › e2e/a11y.spec.ts:40:26 › all planned views · dark › /configuration/settings (1.9s)
  ✓   640 [firefox] › e2e/a11y.spec.ts:40:26 › all planned views · dark › /configuration/risk-policy (2.1s)
  ✓   639 [firefox] › e2e/a11y.spec.ts:40:26 › all planned views · dark › /configuration/runtime-settings (2.5s)
  ✓   641 [firefox] › e2e/a11y.spec.ts:40:26 › all planned views · dark › /code/integrations (1.8s)
  ✓   642 [firefox] › e2e/a11y.spec.ts:40:26 › all planned views · dark › /agents/default-agent (1.8s)
  ✓   644 [firefox] › e2e/a11y.spec.ts:40:26 › all planned views · dark › /specifications/specs (1.6s)
  ✓   643 [firefox] › e2e/a11y.spec.ts:40:26 › all planned views · dark › /resources/sandbox-templates (2.3s)
  ✓   645 [firefox] › e2e/a11y.spec.ts:40:26 › all planned views · dark › /specifications/editor (1.6s)
  ✓   646 [firefox] › e2e/a11y.spec.ts:40:26 › all planned views · dark › /specifications/locked (1.8s)
  ✓   647 [firefox] › e2e/a11y.spec.ts:40:26 › all planned views · dark › /specifications/history (1.8s)
  ✓   648 [firefox] › e2e/a11y.spec.ts:40:26 › all planned views · dark › /specifications/spec-diff (2.1s)
  ✓   649 [firefox] › e2e/a11y.spec.ts:40:26 › all planned views · dark › /specifications/merge (1.9s)
  ✓   650 [firefox] › e2e/a11y.spec.ts:40:26 › all planned views · dark › /code/code (1.8s)
  ✓   651 [firefox] › e2e/a11y.spec.ts:40:26 › all planned views · dark › /code/search-code (1.5s)
  ✓   652 [firefox] › e2e/a11y.spec.ts:40:26 › all planned views · dark › /code/evidence (1.8s)
  ✓   653 [firefox] › e2e/a11y.spec.ts:40:26 › all planned views · dark › /code/scan (1.8s)
  ✓   654 [firefox] › e2e/a11y.spec.ts:40:26 › all planned views · dark › /code/drift (1.9s)
  ✓   655 [firefox] › e2e/a11y.spec.ts:40:26 › all planned views · dark › /memory/memory-prep (1.9s)
  ✓   656 [firefox] › e2e/a11y.spec.ts:40:26 › all planned views · dark › /workflow/plans (1.9s)
  ✓   657 [firefox] › e2e/a11y.spec.ts:40:26 › all planned views · dark › /workflow/plan-detail (1.7s)
  ✓   658 [firefox] › e2e/a11y.spec.ts:40:26 › all planned views · dark › /workflow/workflow (1.7s)
  ✓   659 [firefox] › e2e/a11y.spec.ts:40:26 › all planned views · dark › /agents/agent-compose (1.6s)
  ✓   660 [firefox] › e2e/a11y.spec.ts:40:26 › all planned views · dark › /workflow/meta-agent (1.8s)
  ✓   661 [firefox] › e2e/a11y.spec.ts:40:26 › all planned views · dark › /workflow/contracts (1.7s)
  ✓   662 [firefox] › e2e/a11y.spec.ts:40:26 › all planned views · dark › /execution/runs (1.5s)
  ✓   663 [firefox] › e2e/a11y.spec.ts:40:26 › all planned views · dark › /execution/run-detail (1.6s)
  ✓   664 [firefox] › e2e/a11y.spec.ts:40:26 › all planned views · dark › /execution/terminal (1.9s)
  ✓   665 [firefox] › e2e/a11y.spec.ts:40:26 › all planned views · dark › /execution/activity-tree (2.0s)
  ✓   667 [firefox] › e2e/a11y.spec.ts:40:26 › all planned views · dark › /execution/snapshot (1.5s)
  ✓   666 [firefox] › e2e/a11y.spec.ts:40:26 › all planned views · dark › /execution/artifacts (1.9s)
  ✓   668 [firefox] › e2e/a11y.spec.ts:40:26 › all planned views · dark › /execution/sandboxes (1.6s)
  ✓   669 [firefox] › e2e/a11y.spec.ts:40:26 › all planned views · dark › /execution/locks (1.7s)
  ✓   671 [firefox] › e2e/a11y.spec.ts:40:26 › all planned views · dark › /governance/gate-detail (1.8s)
  ✓   670 [firefox] › e2e/a11y.spec.ts:40:26 › all planned views · dark › /governance/gates (2.0s)
  ✓   673 [firefox] › e2e/a11y.spec.ts:40:26 › all planned views · dark › /governance/diff-review (1.8s)
  ✓   672 [firefox] › e2e/a11y.spec.ts:40:26 › all planned views · dark › /governance/gate-medium (1.9s)
  ✓   675 [firefox] › e2e/a11y.spec.ts:40:26 › all planned views · dark › /governance/pull-request (1.7s)
  ✓   674 [firefox] › e2e/a11y.spec.ts:40:26 › all planned views · dark › /governance/security (2.4s)
  ✓   676 [firefox] › e2e/a11y.spec.ts:40:26 › all planned views · dark › /governance/ci-failed (2.1s)
  ✓   677 [firefox] › e2e/a11y.spec.ts:40:26 › all planned views · dark › /governance/pr-conflict (2.1s)
  ✓   678 [firefox] › e2e/a11y.spec.ts:40:26 › all planned views · dark › /governance/post-merge (1.8s)
  ✓   679 [firefox] › e2e/a11y.spec.ts:40:26 › all planned views · dark › /governance/audit (1.9s)
  ✓   680 [firefox] › e2e/a11y.spec.ts:40:26 › all planned views · dark › /collaboration/notifications (1.8s)
  ✓   681 [firefox] › e2e/a11y.spec.ts:40:26 › all planned views · dark › /code/exceptions (1.8s)
  ✓   682 [firefox] › e2e/a11y.spec.ts:40:26 › all planned views · dark › /code/components (1.8s)
  ✓   683 [firefox] › e2e/a11y.spec.ts:40:26 › all planned views · dark › /code/index (1.9s)
  ✓   684 [firefox] › e2e/a11y.spec.ts:40:26 › all planned views · dark › /home/setup-readiness (1.8s)
  ✓   685 [firefox] › e2e/a11y.spec.ts:40:26 › all planned views · dark › /identity/invite-identity (1.4s)
  ✓   686 [firefox] › e2e/a11y.spec.ts:40:26 › all planned views · dark › /identity/access-revoked (1.9s)
  ✓   687 [firefox] › e2e/a11y.spec.ts:40:26 › all planned views · dark › /tenancy/repo-reconcile (1.8s)
  ✓   688 [firefox] › e2e/a11y.spec.ts:40:26 › all planned views · dark › /gateway/budget-ledger (1.6s)
  ✓   689 [firefox] › e2e/a11y.spec.ts:40:26 › all planned views · dark › /resources/registry-impact (2.1s)
  ✓   691 [firefox] › e2e/a11y.spec.ts:40:26 › all planned views · dark › /workflow/workflow-proposal (2.2s)
  ✓   690 [firefox] › e2e/a11y.spec.ts:40:26 › all planned views · dark › /memory/memory-lineage (3.1s)
  ✓   692 [firefox] › e2e/a11y.spec.ts:40:26 › all planned views · dark › /specifications/draft-recovery (2.3s)
  ✓   693 [firefox] › e2e/a11y.spec.ts:40:26 › all planned views · dark › /specifications/stale-merge (2.1s)
  ✓   694 [firefox] › e2e/a11y.spec.ts:40:26 › all planned views · dark › /workflow/input-lineage (2.1s)
  ✓   695 [firefox] › e2e/a11y.spec.ts:40:26 › all planned views · dark › /code/greenfield (2.5s)
  ✓   696 [firefox] › e2e/a11y.spec.ts:40:26 › all planned views · dark › /workflow/generation-job (2.0s)
  ✓   697 [firefox] › e2e/a11y.spec.ts:40:26 › all planned views · dark › /execution/admission (2.0s)
  ✓   698 [firefox] › e2e/a11y.spec.ts:40:26 › all planned views · dark › /execution/artifact-handoff (2.1s)
  ✓   699 [firefox] › e2e/a11y.spec.ts:40:26 › all planned views · dark › /connection/recovery (2.0s)
  ✓   700 [firefox] › e2e/a11y.spec.ts:40:26 › all planned views · dark › /governance/secret-triage (2.1s)
  ✓   701 [firefox] › e2e/a11y.spec.ts:40:26 › all planned views · dark › /governance/reviewer-eligibility (2.1s)
  ✓   702 [firefox] › e2e/a11y.spec.ts:40:26 › all planned views · dark › /governance/signature-history (1.8s)
  ✓   703 [firefox] › e2e/a11y.spec.ts:40:26 › all planned views · dark › /connection/pr-reconcile (1.7s)
  ✓   704 [firefox] › e2e/a11y.spec.ts:40:26 › all planned views · dark › /governance/acceptance (2.1s)
  ✓   705 [firefox] › e2e/a11y.spec.ts:40:26 › all planned views · dark › /execution/cleanup (1.7s)
  ✓   707 [firefox] › e2e/a11y.spec.ts:40:26 › all planned views · dark › /configuration/policy-impact (1.8s)
  ✓   706 [firefox] › e2e/a11y.spec.ts:40:26 › all planned views · dark › /tenancy/offboarding (2.4s)
  ✓   708 [firefox] › e2e/a11y.spec.ts:40:26 › all planned views · dark › /observer/incident-recovery (1.5s)
  ✓   709 [firefox] › e2e/a11y.spec.ts:40:26 › all planned views · dark › /code/business-states (2.0s)
  ✓   710 [firefox] › e2e/a11y.spec.ts:40:26 › all planned views · dark › /code/design-journeys (2.3s)
  ✓   711 [firefox] › e2e/a11y.spec.ts:40:26 › all planned views · dark › /code/code-symbols (1.9s)
  ✓   712 [firefox] › e2e/a11y.spec.ts:40:26 › all planned views · dark › /memory/ai-context (2.0s)
  ✓   713 [firefox] › e2e/a11y.spec.ts:40:26 › all planned views · dark › /code/ide-states (1.6s)
  ✓   714 [firefox] › e2e/a11y.spec.ts:40:26 › all planned views · dark › /tenancy/organizations (1.9s)
  ✓   715 [firefox] › e2e/a11y.spec.ts:40:26 › all planned views · dark › /tenancy/workspaces (2.1s)
  ✓   716 [firefox] › e2e/a11y.spec.ts:40:26 › all planned views · dark › /tenancy/workspace-settings (1.8s)
  ✓   717 [firefox] › e2e/a11y.spec.ts:40:26 › all planned views · dark › /workflow/workflow-templates (2.3s)
  ✓   718 [firefox] › e2e/a11y.spec.ts:40:26 › all planned views · dark › /specifications/conflicts (1.8s)
  ✓   719 [firefox] › e2e/a11y.spec.ts:40:26 › all planned views · dark › /memory/memory-layers (1.8s)
  ✓   720 [firefox] › e2e/a11y.spec.ts:40:26 › all planned views · dark › /governance/risk-review (1.8s)
  ✓   721 [firefox] › e2e/a11y.spec.ts:40:26 › all planned views · dark › /workflow/wf-review (1.9s)
  ✓   722 [firefox] › e2e/a11y.spec.ts:40:26 › all planned views · dark › /specifications/ide-journeys (2.4s)
  ✓   723 [firefox] › e2e/a11y.spec.ts:40:26 › all planned views · dark › /tenancy/scope-workspaces (1.8s)
  ✓   724 [firefox] › e2e/a11y.spec.ts:40:26 › all planned views · dark › /execution/execution (2.1s)
  ✓   725 [firefox] › e2e/a11y.spec.ts:40:26 › all planned views · dark › /execution/execution-states (2.0s)
  ✓   726 [firefox] › e2e/a11y.spec.ts:40:26 › all planned views · dark › /observer/sign-in (1.0s)
  ✓   727 [firefox] › e2e/a11y.spec.ts:40:26 › all planned views · dark › /observer/obs-overview (1.3s)
  ✓   728 [firefox] › e2e/a11y.spec.ts:40:26 › all planned views · dark › /observer/traces (1.3s)
  ✓   729 [firefox] › e2e/a11y.spec.ts:40:26 › all planned views · dark › /observer/trace-detail (1.4s)
  ✓   730 [firefox] › e2e/a11y.spec.ts:40:26 › all planned views · dark › /observer/metrics (1.6s)
  ✓   731 [firefox] › e2e/a11y.spec.ts:40:26 › all planned views · dark › /observer/profiler (1.5s)
  ✓   732 [firefox] › e2e/a11y.spec.ts:40:26 › all planned views · dark › /observer/telemetry (1.3s)
  ✓   733 [firefox] › e2e/a11y.spec.ts:40:26 › all planned views · dark › /observer/infra (1.3s)
  ✓   734 [firefox] › e2e/a11y.spec.ts:40:26 › all planned views · dark › /observer/saturation (1.4s)
  ✓   735 [firefox] › e2e/a11y.spec.ts:40:26 › all planned views · dark › /observer/obs-audit (1.5s)
  ✓   736 [firefox] › e2e/a11y.spec.ts:40:26 › all planned views · dark › /observer/exports (1.3s)
  ✓   737 [firefox] › e2e/a11y.spec.ts:40:26 › all planned views · dark › /observer/index (1.5s)
  ✓   738 [firefox] › e2e/a11y.spec.ts:40:26 › all planned views · dark › /observer/data-quality (1.4s)
  ✓   739 [firefox] › e2e/a11y.spec.ts:40:26 › all planned views · dark › /observer/export-job (1.4s)
  ✓   740 [firefox] › e2e/a11y.spec.ts:40:26 › all planned views · dark › /observer/profile-compatibility (1.4s)
  ✓   741 [firefox] › e2e/a11y.spec.ts:40:26 › all planned views · dark › /observer/diagnostic-handoff (1.3s)
  ✓   742 [firefox] › e2e/a11y.spec.ts:40:26 › all planned views · dark › /identity/state-wrong-account (1.7s)
  ✓   743 [firefox] › e2e/a11y.spec.ts:40:26 › all planned views · dark › /identity/state-expired-invitation (1.5s)
  ✓   744 [firefox] › e2e/a11y.spec.ts:40:26 › all planned views · dark › /home/state-access-changed (1.9s)
  ✓   745 [firefox] › e2e/a11y.spec.ts:40:26 › all planned views · dark › /code/state-repo-disconnected (1.9s)
  ✓   746 [firefox] › e2e/a11y.spec.ts:40:26 › all planned views · dark › /gateway/state-budget-blocked (1.7s)
  ✓   747 [firefox] › e2e/a11y.spec.ts:40:26 › all planned views · dark › /agents/state-resource-revoked (1.8s)
  ✓   748 [firefox] › e2e/a11y.spec.ts:40:26 › all planned views · dark › /memory/state-memory-deprecated (2.1s)
  ✓   749 [firefox] › e2e/a11y.spec.ts:40:26 › all planned views · dark › /specifications/state-offline-draft (2.5s)
  ✓   750 [firefox] › e2e/a11y.spec.ts:40:26 › all planned views · dark › /governance/state-merge-stale (1.9s)
  ✓   751 [firefox] › e2e/a11y.spec.ts:40:26 › all planned views · dark › /home/state-input-superseded (1.5s)
  ✓   752 [firefox] › e2e/a11y.spec.ts:40:26 › all planned views · dark › /code/state-empty-repository (1.9s)
  ✓   753 [firefox] › e2e/a11y.spec.ts:40:26 › all planned views · dark › /home/state-generation-failed (1.8s)
  ✓   754 [firefox] › e2e/a11y.spec.ts:40:26 › all planned views · dark › /home/state-checkpoint-required (1.9s)
  ✓   755 [firefox] › e2e/a11y.spec.ts:40:26 › all planned views · dark › /home/state-artifact-not-durable (1.8s)
  ✓   756 [firefox] › e2e/a11y.spec.ts:40:26 › all planned views · dark › /execution/state-snapshot-unavailable (1.9s)
  ✓   757 [firefox] › e2e/a11y.spec.ts:40:26 › all planned views · dark › /code/state-scanner-unavailable (1.9s)
  ✓   758 [firefox] › e2e/a11y.spec.ts:40:26 › all planned views · dark › /governance/state-secret-confirmed (1.5s)
  ✓   759 [firefox] › e2e/a11y.spec.ts:40:26 › all planned views · dark › /identity/state-reviewer-missing (1.8s)
  ✓   760 [firefox] › e2e/a11y.spec.ts:40:26 › all planned views · dark › /home/state-old-head-ci (1.9s)
  ✓   761 [firefox] › e2e/a11y.spec.ts:40:26 › all planned views · dark › /home/state-pr-unknown (2.0s)
  ✓   762 [firefox] › e2e/a11y.spec.ts:40:26 › all planned views · dark › /governance/state-partial-merge (1.5s)
  ✓   763 [firefox] › e2e/a11y.spec.ts:40:26 › all planned views · dark › /governance/state-acceptance-failed (1.8s)
  ✓   764 [firefox] › e2e/a11y.spec.ts:40:26 › all planned views · dark › /governance/state-verification-unknown (2.6s)
  ✓   765 [firefox] › e2e/a11y.spec.ts:40:26 › all planned views · dark › /execution/state-cleanup-held (2.1s)
  ✓   766 [firefox] › e2e/a11y.spec.ts:40:26 › all planned views · dark › /home/state-project-archived (2.1s)
  ✓   767 [firefox] › e2e/a11y.spec.ts:40:26 › all planned views · dark › /home/state-restore-reconcile (2.3s)
  ✓   768 [firefox] › e2e/a11y.spec.ts:40:26 › all planned views · dark › /specifications/ide-state-source-loading (2.2s)
  ✓   769 [firefox] › e2e/a11y.spec.ts:40:26 › all planned views · dark › /specifications/ide-state-source-failed (2.2s)
  ✓   770 [firefox] › e2e/a11y.spec.ts:40:26 › all planned views · dark › /specifications/ide-state-source-denied (1.8s)
  ✓   771 [firefox] › e2e/a11y.spec.ts:40:26 › all planned views · dark › /specifications/ide-state-source-empty (2.0s)
  ✓   772 [firefox] › e2e/a11y.spec.ts:40:26 › all planned views · dark › /specifications/ide-state-binary-file (1.8s)
  ✓   773 [firefox] › e2e/a11y.spec.ts:40:26 › all planned views · dark › /specifications/ide-state-large-file (2.4s)
  ✓   774 [firefox] › e2e/a11y.spec.ts:40:26 › all planned views · dark › /code/ide-state-stale-index (2.0s)
  ✓   776 [firefox] › e2e/a11y.spec.ts:40:26 › all planned views · dark › /specifications/ide-state-offline-draft (1.9s)
  ✓   775 [firefox] › e2e/a11y.spec.ts:40:26 › all planned views · dark › /code/ide-state-partial-index (2.1s)
  ✓   777 [firefox] › e2e/a11y.spec.ts:40:26 › all planned views · dark › /specifications/ide-state-dirty-tab (2.0s)
  ✓   778 [firefox] › e2e/a11y.spec.ts:40:26 › all planned views · dark › /specifications/ide-state-frozen-draft (1.9s)
  ✓   779 [firefox] › e2e/a11y.spec.ts:40:26 › all planned views · dark › /memory/ide-state-stale-context (1.8s)
  ✓   780 [firefox] › e2e/a11y.spec.ts:40:26 › all planned views · dark › /governance/v6-state-spec-acceptance (2.4s)
  ✓   781 [firefox] › e2e/a11y.spec.ts:40:26 › all planned views · dark › /code/v6-state-code-linked-spec (1.8s)
  ✓   782 [firefox] › e2e/a11y.spec.ts:40:26 › all planned views · dark › /memory/v6-state-greenfield-context (1.5s)
  ✓   783 [firefox] › e2e/a11y.spec.ts:40:26 › all planned views · dark › /memory/v6-state-context-confirm (1.6s)
  ✓   784 [firefox] › e2e/a11y.spec.ts:40:26 › all planned views · dark › /workflow/v6-state-multi-spec-plan (2.0s)
  ✓   785 [firefox] › e2e/a11y.spec.ts:40:26 › all planned views · dark › /memory/v6-state-context-review (1.9s)
  ✓   786 [firefox] › e2e/a11y.spec.ts:40:26 › all planned views · dark › /memory/v6-state-context-revoked (1.9s)
  ✓   787 [firefox] › e2e/a11y.spec.ts:40:26 › all planned views · dark › /memory/v6-state-scope-confirm (2.0s)
  ✓   788 [firefox] › e2e/a11y.spec.ts:40:26 › all planned views · dark › /execution/execution-state-empty (1.6s)
  ✓   789 [firefox] › e2e/a11y.spec.ts:40:26 › all planned views · dark › /execution/execution-state-parallel (2.1s)
  ✓   790 [firefox] › e2e/a11y.spec.ts:40:26 › all planned views · dark › /execution/execution-state-checkpoint (1.9s)
  ✓   791 [firefox] › e2e/a11y.spec.ts:40:26 › all planned views · dark › /execution/execution-state-failed (1.8s)
  ✓   792 [firefox] › e2e/a11y.spec.ts:40:26 › all planned views · dark › /gateway/execution-state-budget (1.9s)
  ✓   793 [firefox] › e2e/a11y.spec.ts:40:26 › all planned views · dark › /execution/execution-state-paused (1.8s)
  ✓   794 [firefox] › e2e/a11y.spec.ts:40:26 › all planned views · dark › /execution/execution-state-cleanup-error (1.9s)
  ✓   796 [firefox] › e2e/a11y.spec.ts:40:26 › all planned views · dark › /execution/execution-detail-terminal (2.1s)
  ✓   795 [firefox] › e2e/a11y.spec.ts:40:26 › all planned views · dark › /execution/execution-state-completed (2.8s)
  ✓   797 [firefox] › e2e/a11y.spec.ts:40:26 › all planned views · dark › /execution/execution-detail-artifacts (2.0s)
  ✓   798 [firefox] › e2e/a11y.spec.ts:40:26 › all planned views · dark › /memory/execution-detail-memory (1.9s)
  ✓   799 [firefox] › e2e/a11y.spec.ts:40:26 › all planned views · dark › /execution/execution-command-requested (1.8s)
  ✓   800 [firefox] › e2e/a11y.spec.ts:40:26 › all planned views · dark › /execution/execution-command-accepted (1.6s)
  ✓   801 [firefox] › e2e/a11y.spec.ts:40:26 › all planned views · dark › /connection/execution-command-outcome-unknown (1.7s)
  ✓   802 [firefox] › e2e/a11y.spec.ts:40:26 › all planned views · dark › /execution/execution-dialog-checkpoint (1.9s)
  ✓   804 [firefox] › e2e/a11y.spec.ts:40:26 › all planned views · dark › /execution/execution-dialog-resume (1.5s)
  ✓   803 [firefox] › e2e/a11y.spec.ts:40:26 › all planned views · dark › /execution/execution-dialog-cancel (1.9s)
  ✓   806 [firefox] › e2e/a11y.spec.ts:40:26 › all planned views · dark › /execution/execution-agent-t-01 (2.1s)
  ✓   805 [firefox] › e2e/a11y.spec.ts:40:26 › all planned views · dark › /execution/execution-dialog-retry (2.3s)
  ✓   808 [firefox] › e2e/a11y.spec.ts:40:26 › all planned views · dark › /execution/execution-agent-t-04 (2.0s)
  ✓   807 [firefox] › e2e/a11y.spec.ts:40:26 › all planned views · dark › /execution/execution-agent-t-03 (2.1s)
  ✓   809 [firefox] › e2e/a11y.spec.ts:40:26 › all planned views · dark › /execution/execution-agent-t-05 (2.0s)
  ✓   810 [firefox] › e2e/a11y.spec.ts:40:26 › all planned views · dark › /execution/execution-agent-t-06 (2.1s)
  ✓   811 [firefox] › e2e/a11y.spec.ts:40:26 › all planned views · dark › /execution/execution-agent-t-07 (1.8s)
  ✓   812 [firefox] › e2e/a11y.spec.ts:40:26 › all planned views · dark › /workflow/execution-inspector-context (2.0s)
  ✓   813 [firefox] › e2e/a11y.spec.ts:40:26 › all planned views · dark › /workflow/execution-inspector-access (1.8s)
  ✓   814 [firefox] › e2e/a11y.spec.ts:40:26 › all planned views · dark › /execution/execution-dialog-snapshot (2.0s)
  ✓   815 [firefox] › e2e/a11y.spec.ts:40:26 › all planned views · dark › /workflow/execution-dialog-lineage (1.7s)
  ✓   816 [firefox] › e2e/a11y.spec.ts:40:26 › all planned views · dark › /workflow/execution-dialog-manifest (2.0s)
  ✓   817 [firefox] › e2e/a11y.spec.ts:40:26 › all planned views · dark › /identity/execution-permission-viewer (2.1s)
  ✓   818 [firefox] › e2e/a11y.spec.ts:40:26 › all planned views · dark › /execution/execution-command-approve-gate-requested (1.4s)
  ✓   819 [firefox] › e2e/a11y.spec.ts:40:26 › all planned views · dark › /execution/execution-command-cancel-requested (1.8s)
  ✓   820 [firefox] › e2e/a11y.spec.ts:40:26 › all planned views · dark › /execution/execution-command-resume-requested (1.8s)
  ✓   822 [firefox] › e2e/a11y.spec.ts:40:26 › all planned views · light › /sign-in (1.6s)
  ✓   821 [firefox] › e2e/a11y.spec.ts:40:26 › all planned views · dark › /execution/execution-command-retry-requested (1.8s)
  ✓   823 [firefox] › e2e/a11y.spec.ts:40:26 › all planned views · light › /sign-in/help (1.4s)
  ✓   824 [firefox] › e2e/a11y.spec.ts:40:26 › all planned views · light › /invitations (1.6s)
  ✓   825 [firefox] › e2e/a11y.spec.ts:40:26 › all planned views · light › /tenancy/onboarding (1.6s)
  ✓   826 [firefox] › e2e/a11y.spec.ts:40:26 › all planned views · light › /tenancy/projects (1.6s)
  ✓   828 [firefox] › e2e/a11y.spec.ts:40:26 › all planned views · light › /tenancy/setup-complete (1.9s)
  ✓   827 [firefox] › e2e/a11y.spec.ts:40:26 › all planned views · light › /tenancy/project-new (2.6s)
  ✓   830 [firefox] › e2e/a11y.spec.ts:40:26 › all planned views · light › /identity/invitations (1.7s)
  ✓   829 [firefox] › e2e/a11y.spec.ts:40:26 › all planned views · light › /identity/members (2.6s)
  ✓   831 [firefox] › e2e/a11y.spec.ts:40:26 › all planned views · light › /identity/roles (1.6s)
  ✓   832 [firefox] › e2e/a11y.spec.ts:40:26 › all planned views · light › /identity/role-editor (1.9s)
  ✓   833 [firefox] › e2e/a11y.spec.ts:40:26 › all planned views · light › /identity/access (2.4s)
  ✓   834 [firefox] › e2e/a11y.spec.ts:40:26 › all planned views · light › /gateway/gateway (2.0s)
  ✓   835 [firefox] › e2e/a11y.spec.ts:40:26 › all planned views · light › /gateway/routing (1.9s)
  ✓   836 [firefox] › e2e/a11y.spec.ts:40:26 › all planned views · light › /gateway/budgets (1.9s)
  ✓   837 [firefox] › e2e/a11y.spec.ts:40:26 › all planned views · light › /resources/hub (1.8s)
  ✓   838 [firefox] › e2e/a11y.spec.ts:40:26 › all planned views · light › /resources/skills (1.7s)
  ✓   839 [firefox] › e2e/a11y.spec.ts:40:26 › all planned views · light › /resources/rules (1.8s)
  ✓   840 [firefox] › e2e/a11y.spec.ts:40:26 › all planned views · light › /resources/plugins (1.8s)
  ✓   841 [firefox] › e2e/a11y.spec.ts:40:26 › all planned views · light › /resources/hooks (1.7s)
  ✓   842 [firefox] › e2e/a11y.spec.ts:40:26 › all planned views · light › /resources/sidecars (1.7s)
  ✓   843 [firefox] › e2e/a11y.spec.ts:40:26 › all planned views · light › /memory/memory (1.6s)
  ✓   844 [firefox] › e2e/a11y.spec.ts:40:26 › all planned views · light › /memory/memory-settings (1.8s)
  ✓   845 [firefox] › e2e/a11y.spec.ts:40:26 › all planned views · light › /memory/memory-import (1.7s)
  ✓   846 [firefox] › e2e/a11y.spec.ts:40:26 › all planned views · light › /memory/curation (2.0s)
  ✓   847 [firefox] › e2e/a11y.spec.ts:40:26 › all planned views · light › /configuration/settings (2.1s)
  ✓   848 [firefox] › e2e/a11y.spec.ts:40:26 › all planned views · light › /configuration/runtime-settings (1.9s)
  ✓   849 [firefox] › e2e/a11y.spec.ts:40:26 › all planned views · light › /configuration/risk-policy (2.0s)
  ✓   850 [firefox] › e2e/a11y.spec.ts:40:26 › all planned views · light › /code/integrations (3.1s)
  ✓   851 [firefox] › e2e/a11y.spec.ts:40:26 › all planned views · light › /agents/default-agent (2.1s)
  ✓   852 [firefox] › e2e/a11y.spec.ts:40:26 › all planned views · light › /resources/sandbox-templates (2.0s)
  ✓   853 [firefox] › e2e/a11y.spec.ts:40:26 › all planned views · light › /specifications/specs (2.2s)
  ✓   854 [firefox] › e2e/a11y.spec.ts:40:26 › all planned views · light › /specifications/editor (2.1s)
  ✓   855 [firefox] › e2e/a11y.spec.ts:40:26 › all planned views · light › /specifications/locked (2.0s)
  ✓   856 [firefox] › e2e/a11y.spec.ts:40:26 › all planned views · light › /specifications/history (2.1s)
  ✓   857 [firefox] › e2e/a11y.spec.ts:40:26 › all planned views · light › /specifications/spec-diff (2.2s)
  ✓   858 [firefox] › e2e/a11y.spec.ts:40:26 › all planned views · light › /specifications/merge (2.0s)
  ✓   859 [firefox] › e2e/a11y.spec.ts:40:26 › all planned views · light › /code/code (1.6s)
  ✓   860 [firefox] › e2e/a11y.spec.ts:40:26 › all planned views · light › /code/search-code (1.9s)
  ✓   861 [firefox] › e2e/a11y.spec.ts:40:26 › all planned views · light › /code/evidence (1.7s)
  ✓   862 [firefox] › e2e/a11y.spec.ts:40:26 › all planned views · light › /code/scan (1.9s)
  ✓   863 [firefox] › e2e/a11y.spec.ts:40:26 › all planned views · light › /code/drift (1.9s)
  ✓   864 [firefox] › e2e/a11y.spec.ts:40:26 › all planned views · light › /memory/memory-prep (1.8s)
  ✓   865 [firefox] › e2e/a11y.spec.ts:40:26 › all planned views · light › /workflow/plans (1.8s)
  ✓   866 [firefox] › e2e/a11y.spec.ts:40:26 › all planned views · light › /workflow/plan-detail (1.7s)
  ✓   867 [firefox] › e2e/a11y.spec.ts:40:26 › all planned views · light › /workflow/workflow (2.6s)
  ✓   868 [firefox] › e2e/a11y.spec.ts:40:26 › all planned views · light › /agents/agent-compose (1.8s)
  ✓   869 [firefox] › e2e/a11y.spec.ts:40:26 › all planned views · light › /workflow/meta-agent (1.8s)
  ✓   870 [firefox] › e2e/a11y.spec.ts:40:26 › all planned views · light › /workflow/contracts (1.8s)
  ✓   871 [firefox] › e2e/a11y.spec.ts:40:26 › all planned views · light › /execution/runs (1.9s)
  ✓   872 [firefox] › e2e/a11y.spec.ts:40:26 › all planned views · light › /execution/run-detail (2.7s)
  ✓   873 [firefox] › e2e/a11y.spec.ts:40:26 › all planned views · light › /execution/terminal (1.8s)
  ✓   874 [firefox] › e2e/a11y.spec.ts:40:26 › all planned views · light › /execution/activity-tree (1.7s)
  ✓   875 [firefox] › e2e/a11y.spec.ts:40:26 › all planned views · light › /execution/artifacts (1.7s)
  ✓   876 [firefox] › e2e/a11y.spec.ts:40:26 › all planned views · light › /execution/snapshot (1.9s)
  ✓   877 [firefox] › e2e/a11y.spec.ts:40:26 › all planned views · light › /execution/sandboxes (1.9s)
  ✓   878 [firefox] › e2e/a11y.spec.ts:40:26 › all planned views · light › /execution/locks (1.5s)
  ✓   879 [firefox] › e2e/a11y.spec.ts:40:26 › all planned views · light › /governance/gates (1.8s)
  ✓   880 [firefox] › e2e/a11y.spec.ts:40:26 › all planned views · light › /governance/gate-detail (1.8s)
  ✓   881 [firefox] › e2e/a11y.spec.ts:40:26 › all planned views · light › /governance/gate-medium (1.8s)
  ✓   882 [firefox] › e2e/a11y.spec.ts:40:26 › all planned views · light › /governance/diff-review (1.8s)
  ✓   883 [firefox] › e2e/a11y.spec.ts:40:26 › all planned views · light › /governance/security (1.3s)
  ✓   884 [firefox] › e2e/a11y.spec.ts:40:26 › all planned views · light › /governance/pull-request (1.7s)
  ✓   885 [firefox] › e2e/a11y.spec.ts:40:26 › all planned views · light › /governance/ci-failed (1.8s)
  ✓   886 [firefox] › e2e/a11y.spec.ts:40:26 › all planned views · light › /governance/pr-conflict (1.8s)
  ✓   887 [firefox] › e2e/a11y.spec.ts:40:26 › all planned views · light › /governance/post-merge (2.0s)
  ✓   888 [firefox] › e2e/a11y.spec.ts:40:26 › all planned views · light › /governance/audit (2.0s)
  ✓   889 [firefox] › e2e/a11y.spec.ts:40:26 › all planned views · light › /collaboration/notifications (1.9s)
  ✓   890 [firefox] › e2e/a11y.spec.ts:40:26 › all planned views · light › /code/exceptions (2.0s)
  ✓   891 [firefox] › e2e/a11y.spec.ts:40:26 › all planned views · light › /code/components (1.9s)
  ✓   892 [firefox] › e2e/a11y.spec.ts:40:26 › all planned views · light › /code/index (1.9s)
  ✓   893 [firefox] › e2e/a11y.spec.ts:40:26 › all planned views · light › /home/setup-readiness (2.2s)
  ✓   894 [firefox] › e2e/a11y.spec.ts:40:26 › all planned views · light › /identity/invite-identity (1.7s)
  ✓   895 [firefox] › e2e/a11y.spec.ts:40:26 › all planned views · light › /identity/access-revoked (1.9s)
  ✓   896 [firefox] › e2e/a11y.spec.ts:40:26 › all planned views · light › /tenancy/repo-reconcile (1.8s)
  ✓   897 [firefox] › e2e/a11y.spec.ts:40:26 › all planned views · light › /gateway/budget-ledger (1.8s)
  ✓   898 [firefox] › e2e/a11y.spec.ts:40:26 › all planned views · light › /resources/registry-impact (1.9s)
  ✓   899 [firefox] › e2e/a11y.spec.ts:40:26 › all planned views · light › /memory/memory-lineage (2.6s)
  ✓   900 [firefox] › e2e/a11y.spec.ts:40:26 › all planned views · light › /workflow/workflow-proposal (2.1s)
  ✓   901 [firefox] › e2e/a11y.spec.ts:40:26 › all planned views · light › /specifications/draft-recovery (1.9s)
  ✓   902 [firefox] › e2e/a11y.spec.ts:40:26 › all planned views · light › /specifications/stale-merge (1.8s)
  ✓   903 [firefox] › e2e/a11y.spec.ts:40:26 › all planned views · light › /workflow/input-lineage (2.1s)
  ✓   904 [firefox] › e2e/a11y.spec.ts:40:26 › all planned views · light › /code/greenfield (2.0s)
  ✓   905 [firefox] › e2e/a11y.spec.ts:40:26 › all planned views · light › /workflow/generation-job (1.8s)
  ✓   906 [firefox] › e2e/a11y.spec.ts:40:26 › all planned views · light › /execution/admission (1.9s)
  ✓   907 [firefox] › e2e/a11y.spec.ts:40:26 › all planned views · light › /execution/artifact-handoff (2.0s)
  ✓   908 [firefox] › e2e/a11y.spec.ts:40:26 › all planned views · light › /connection/recovery (2.0s)
  ✓   909 [firefox] › e2e/a11y.spec.ts:40:26 › all planned views · light › /governance/secret-triage (1.9s)
  ✓   910 [firefox] › e2e/a11y.spec.ts:40:26 › all planned views · light › /governance/reviewer-eligibility (1.6s)
  ✓   911 [firefox] › e2e/a11y.spec.ts:40:26 › all planned views · light › /governance/signature-history (1.9s)
  ✓   912 [firefox] › e2e/a11y.spec.ts:40:26 › all planned views · light › /connection/pr-reconcile (1.8s)
  ✓   913 [firefox] › e2e/a11y.spec.ts:40:26 › all planned views · light › /governance/acceptance (1.6s)
  ✓   914 [firefox] › e2e/a11y.spec.ts:40:26 › all planned views · light › /execution/cleanup (2.8s)
  ✓   915 [firefox] › e2e/a11y.spec.ts:40:26 › all planned views · light › /tenancy/offboarding (2.1s)
  ✓   916 [firefox] › e2e/a11y.spec.ts:40:26 › all planned views · light › /configuration/policy-impact (1.6s)
  ✓   917 [firefox] › e2e/a11y.spec.ts:40:26 › all planned views · light › /observer/incident-recovery (1.9s)
  ✓   918 [firefox] › e2e/a11y.spec.ts:40:26 › all planned views · light › /code/business-states (2.0s)
  ✓   919 [firefox] › e2e/a11y.spec.ts:40:26 › all planned views · light › /code/design-journeys (2.1s)
  ✓   920 [firefox] › e2e/a11y.spec.ts:40:26 › all planned views · light › /code/code-symbols (2.2s)
  ✓   921 [firefox] › e2e/a11y.spec.ts:40:26 › all planned views · light › /memory/ai-context (2.2s)
  ✓   922 [firefox] › e2e/a11y.spec.ts:40:26 › all planned views · light › /code/ide-states (2.0s)
  ✓   923 [firefox] › e2e/a11y.spec.ts:40:26 › all planned views · light › /tenancy/organizations (2.0s)
  ✓   924 [firefox] › e2e/a11y.spec.ts:40:26 › all planned views · light › /tenancy/workspaces (2.3s)
  ✓   925 [firefox] › e2e/a11y.spec.ts:40:26 › all planned views · light › /tenancy/workspace-settings (2.2s)
  ✓   926 [firefox] › e2e/a11y.spec.ts:40:26 › all planned views · light › /workflow/workflow-templates (2.3s)
  ✓   927 [firefox] › e2e/a11y.spec.ts:40:26 › all planned views · light › /specifications/conflicts (2.5s)
  ✓   928 [firefox] › e2e/a11y.spec.ts:40:26 › all planned views · light › /memory/memory-layers (2.2s)
  ✓   929 [firefox] › e2e/a11y.spec.ts:40:26 › all planned views · light › /governance/risk-review (2.1s)
  ✓   930 [firefox] › e2e/a11y.spec.ts:40:26 › all planned views · light › /workflow/wf-review (2.1s)
  ✓   931 [firefox] › e2e/a11y.spec.ts:40:26 › all planned views · light › /specifications/ide-journeys (2.0s)
  ✓   932 [firefox] › e2e/a11y.spec.ts:40:26 › all planned views · light › /tenancy/scope-workspaces (2.2s)
  ✓   933 [firefox] › e2e/a11y.spec.ts:40:26 › all planned views · light › /execution/execution (2.1s)
  ✓   934 [firefox] › e2e/a11y.spec.ts:40:26 › all planned views · light › /execution/execution-states (1.8s)
  ✓   935 [firefox] › e2e/a11y.spec.ts:40:26 › all planned views · light › /observer/sign-in (1.0s)
  ✓   936 [firefox] › e2e/a11y.spec.ts:40:26 › all planned views · light › /observer/obs-overview (1.5s)
  ✓   937 [firefox] › e2e/a11y.spec.ts:40:26 › all planned views · light › /observer/traces (1.5s)
  ✓   938 [firefox] › e2e/a11y.spec.ts:40:26 › all planned views · light › /observer/trace-detail (1.7s)
  ✓   939 [firefox] › e2e/a11y.spec.ts:40:26 › all planned views · light › /observer/metrics (1.7s)
  ✓   940 [firefox] › e2e/a11y.spec.ts:40:26 › all planned views · light › /observer/profiler (1.4s)
  ✓   941 [firefox] › e2e/a11y.spec.ts:40:26 › all planned views · light › /observer/telemetry (1.4s)
  ✓   942 [firefox] › e2e/a11y.spec.ts:40:26 › all planned views · light › /observer/infra (1.4s)
  ✓   943 [firefox] › e2e/a11y.spec.ts:40:26 › all planned views · light › /observer/saturation (1.4s)
  ✓   944 [firefox] › e2e/a11y.spec.ts:40:26 › all planned views · light › /observer/obs-audit (1.6s)
  ✓   945 [firefox] › e2e/a11y.spec.ts:40:26 › all planned views · light › /observer/exports (1.5s)
  ✓   947 [firefox] › e2e/a11y.spec.ts:40:26 › all planned views · light › /observer/data-quality (1.3s)
  ✓   946 [firefox] › e2e/a11y.spec.ts:40:26 › all planned views · light › /observer/index (1.9s)
  ✓   948 [firefox] › e2e/a11y.spec.ts:40:26 › all planned views · light › /observer/export-job (1.3s)
  ✓   949 [firefox] › e2e/a11y.spec.ts:40:26 › all planned views · light › /observer/profile-compatibility (1.4s)
  ✓   951 [firefox] › e2e/a11y.spec.ts:40:26 › all planned views · light › /identity/state-wrong-account (1.5s)
  ✓   950 [firefox] › e2e/a11y.spec.ts:40:26 › all planned views · light › /observer/diagnostic-handoff (2.7s)
  ✓   952 [firefox] › e2e/a11y.spec.ts:40:26 › all planned views · light › /identity/state-expired-invitation (1.6s)
  ✓   953 [firefox] › e2e/a11y.spec.ts:40:26 › all planned views · light › /home/state-access-changed (2.0s)
  ✓   954 [firefox] › e2e/a11y.spec.ts:40:26 › all planned views · light › /code/state-repo-disconnected (1.9s)
  ✓   955 [firefox] › e2e/a11y.spec.ts:40:26 › all planned views · light › /gateway/state-budget-blocked (2.0s)
  ✓   956 [firefox] › e2e/a11y.spec.ts:40:26 › all planned views · light › /agents/state-resource-revoked (1.8s)
  ✓   957 [firefox] › e2e/a11y.spec.ts:40:26 › all planned views · light › /memory/state-memory-deprecated (1.6s)
  ✓   958 [firefox] › e2e/a11y.spec.ts:40:26 › all planned views · light › /specifications/state-offline-draft (1.9s)
  ✓   959 [firefox] › e2e/a11y.spec.ts:40:26 › all planned views · light › /governance/state-merge-stale (2.1s)
  ✓   960 [firefox] › e2e/a11y.spec.ts:40:26 › all planned views · light › /home/state-input-superseded (2.1s)
  ✓   961 [firefox] › e2e/a11y.spec.ts:40:26 › all planned views · light › /code/state-empty-repository (1.8s)
  ✓   962 [firefox] › e2e/a11y.spec.ts:40:26 › all planned views · light › /home/state-generation-failed (1.5s)
  ✓   963 [firefox] › e2e/a11y.spec.ts:40:26 › all planned views · light › /home/state-checkpoint-required (1.9s)
  ✓   964 [firefox] › e2e/a11y.spec.ts:40:26 › all planned views · light › /home/state-artifact-not-durable (1.9s)
  ✓   965 [firefox] › e2e/a11y.spec.ts:40:26 › all planned views · light › /execution/state-snapshot-unavailable (1.7s)
  ✓   966 [firefox] › e2e/a11y.spec.ts:40:26 › all planned views · light › /code/state-scanner-unavailable (1.9s)
  ✓   967 [firefox] › e2e/a11y.spec.ts:40:26 › all planned views · light › /governance/state-secret-confirmed (1.8s)
  ✓   968 [firefox] › e2e/a11y.spec.ts:40:26 › all planned views · light › /identity/state-reviewer-missing (1.9s)
  ✓   969 [firefox] › e2e/a11y.spec.ts:40:26 › all planned views · light › /home/state-old-head-ci (2.0s)
  ✓   970 [firefox] › e2e/a11y.spec.ts:40:26 › all planned views · light › /home/state-pr-unknown (1.8s)
  ✓   971 [firefox] › e2e/a11y.spec.ts:40:26 › all planned views · light › /governance/state-partial-merge (1.9s)
  ✓   972 [firefox] › e2e/a11y.spec.ts:40:26 › all planned views · light › /governance/state-acceptance-failed (2.1s)
  ✓   973 [firefox] › e2e/a11y.spec.ts:40:26 › all planned views · light › /governance/state-verification-unknown (2.0s)
  ✓   974 [firefox] › e2e/a11y.spec.ts:40:26 › all planned views · light › /execution/state-cleanup-held (1.6s)
  ✓   975 [firefox] › e2e/a11y.spec.ts:40:26 › all planned views · light › /home/state-project-archived (1.8s)
  ✓   976 [firefox] › e2e/a11y.spec.ts:40:26 › all planned views · light › /home/state-restore-reconcile (1.9s)
  ✓   977 [firefox] › e2e/a11y.spec.ts:40:26 › all planned views · light › /specifications/ide-state-source-loading (1.9s)
  ✓   978 [firefox] › e2e/a11y.spec.ts:40:26 › all planned views · light › /specifications/ide-state-source-failed (2.6s)
  ✓   979 [firefox] › e2e/a11y.spec.ts:40:26 › all planned views · light › /specifications/ide-state-source-denied (2.3s)
  ✓   980 [firefox] › e2e/a11y.spec.ts:40:26 › all planned views · light › /specifications/ide-state-source-empty (1.8s)
  ✓   981 [firefox] › e2e/a11y.spec.ts:40:26 › all planned views · light › /specifications/ide-state-binary-file (2.1s)
  ✓   982 [firefox] › e2e/a11y.spec.ts:40:26 › all planned views · light › /specifications/ide-state-large-file (2.6s)
  ✓   983 [firefox] › e2e/a11y.spec.ts:40:26 › all planned views · light › /code/ide-state-stale-index (2.2s)
  ✓   984 [firefox] › e2e/a11y.spec.ts:40:26 › all planned views · light › /code/ide-state-partial-index (2.2s)
  ✓   985 [firefox] › e2e/a11y.spec.ts:40:26 › all planned views · light › /specifications/ide-state-offline-draft (2.0s)
  ✓   986 [firefox] › e2e/a11y.spec.ts:40:26 › all planned views · light › /specifications/ide-state-dirty-tab (2.1s)
  ✓   987 [firefox] › e2e/a11y.spec.ts:40:26 › all planned views · light › /specifications/ide-state-frozen-draft (2.2s)
  ✓   988 [firefox] › e2e/a11y.spec.ts:40:26 › all planned views · light › /memory/ide-state-stale-context (2.0s)
  ✓   989 [firefox] › e2e/a11y.spec.ts:40:26 › all planned views · light › /governance/v6-state-spec-acceptance (2.0s)
  ✓   990 [firefox] › e2e/a11y.spec.ts:40:26 › all planned views · light › /code/v6-state-code-linked-spec (2.1s)
  ✓   991 [firefox] › e2e/a11y.spec.ts:40:26 › all planned views · light › /memory/v6-state-greenfield-context (2.2s)
  ✓   992 [firefox] › e2e/a11y.spec.ts:40:26 › all planned views · light › /memory/v6-state-context-confirm (1.9s)
  ✓   993 [firefox] › e2e/a11y.spec.ts:40:26 › all planned views · light › /workflow/v6-state-multi-spec-plan (1.9s)
  ✓   994 [firefox] › e2e/a11y.spec.ts:40:26 › all planned views · light › /memory/v6-state-context-review (2.1s)
  ✓   995 [firefox] › e2e/a11y.spec.ts:40:26 › all planned views · light › /memory/v6-state-context-revoked (2.1s)
  ✓   996 [firefox] › e2e/a11y.spec.ts:40:26 › all planned views · light › /memory/v6-state-scope-confirm (1.9s)
  ✓   997 [firefox] › e2e/a11y.spec.ts:40:26 › all planned views · light › /execution/execution-state-empty (2.0s)
  ✓   998 [firefox] › e2e/a11y.spec.ts:40:26 › all planned views · light › /execution/execution-state-parallel (2.0s)
  ✓   999 [firefox] › e2e/a11y.spec.ts:40:26 › all planned views · light › /execution/execution-state-checkpoint (2.3s)
  ✓  1000 [firefox] › e2e/a11y.spec.ts:40:26 › all planned views · light › /execution/execution-state-failed (2.1s)
  ✓  1001 [firefox] › e2e/a11y.spec.ts:40:26 › all planned views · light › /gateway/execution-state-budget (1.9s)
  ✓  1002 [firefox] › e2e/a11y.spec.ts:40:26 › all planned views · light › /execution/execution-state-paused (1.7s)
  ✓  1003 [firefox] › e2e/a11y.spec.ts:40:26 › all planned views · light › /execution/execution-state-cleanup-error (2.0s)
  ✓  1004 [firefox] › e2e/a11y.spec.ts:40:26 › all planned views · light › /execution/execution-state-completed (2.0s)
  ✓  1005 [firefox] › e2e/a11y.spec.ts:40:26 › all planned views · light › /execution/execution-detail-terminal (1.9s)
  ✓  1006 [firefox] › e2e/a11y.spec.ts:40:26 › all planned views · light › /execution/execution-detail-artifacts (2.0s)
  ✓  1007 [firefox] › e2e/a11y.spec.ts:40:26 › all planned views · light › /memory/execution-detail-memory (2.0s)
  ✓  1008 [firefox] › e2e/a11y.spec.ts:40:26 › all planned views · light › /execution/execution-command-requested (2.0s)
  ✓  1010 [firefox] › e2e/a11y.spec.ts:40:26 › all planned views · light › /connection/execution-command-outcome-unknown (1.8s)
  ✓  1009 [firefox] › e2e/a11y.spec.ts:40:26 › all planned views · light › /execution/execution-command-accepted (2.4s)
  ✓  1012 [firefox] › e2e/a11y.spec.ts:40:26 › all planned views · light › /execution/execution-dialog-cancel (1.9s)
  ✓  1011 [firefox] › e2e/a11y.spec.ts:40:26 › all planned views · light › /execution/execution-dialog-checkpoint (2.5s)
  ✓  1014 [firefox] › e2e/a11y.spec.ts:40:26 › all planned views · light › /execution/execution-dialog-retry (2.0s)
  ✓  1013 [firefox] › e2e/a11y.spec.ts:40:26 › all planned views · light › /execution/execution-dialog-resume (2.4s)
  ✓  1016 [firefox] › e2e/a11y.spec.ts:40:26 › all planned views · light › /execution/execution-agent-t-03 (1.6s)
  ✓  1015 [firefox] › e2e/a11y.spec.ts:40:26 › all planned views · light › /execution/execution-agent-t-01 (2.2s)
  ✓  1017 [firefox] › e2e/a11y.spec.ts:40:26 › all planned views · light › /execution/execution-agent-t-04 (1.7s)
  ✓  1018 [firefox] › e2e/a11y.spec.ts:40:26 › all planned views · light › /execution/execution-agent-t-05 (2.0s)
  ✓  1019 [firefox] › e2e/a11y.spec.ts:40:26 › all planned views · light › /execution/execution-agent-t-06 (1.9s)
  ✓  1020 [firefox] › e2e/a11y.spec.ts:40:26 › all planned views · light › /execution/execution-agent-t-07 (2.1s)
  ✓  1021 [firefox] › e2e/a11y.spec.ts:40:26 › all planned views · light › /workflow/execution-inspector-context (2.1s)
  ✓  1022 [firefox] › e2e/a11y.spec.ts:40:26 › all planned views · light › /workflow/execution-inspector-access (1.9s)
  ✓  1023 [firefox] › e2e/a11y.spec.ts:40:26 › all planned views · light › /execution/execution-dialog-snapshot (1.9s)
  ✓  1024 [firefox] › e2e/a11y.spec.ts:40:26 › all planned views · light › /workflow/execution-dialog-lineage (1.8s)
  ✓  1025 [firefox] › e2e/a11y.spec.ts:40:26 › all planned views · light › /workflow/execution-dialog-manifest (1.6s)
  ✓  1026 [firefox] › e2e/a11y.spec.ts:40:26 › all planned views · light › /identity/execution-permission-viewer (2.0s)
  ✓  1027 [firefox] › e2e/a11y.spec.ts:40:26 › all planned views · light › /execution/execution-command-approve-gate-requested (1.4s)
  ✓  1028 [firefox] › e2e/a11y.spec.ts:40:26 › all planned views · light › /execution/execution-command-cancel-requested (1.9s)
  ✓  1029 [firefox] › e2e/a11y.spec.ts:40:26 › all planned views · light › /execution/execution-command-resume-requested (1.6s)
  ✓  1030 [firefox] › e2e/a11y.spec.ts:40:26 › all planned views · light › /execution/execution-command-retry-requested (1.6s)
  ✓  1031 [firefox] › e2e/archive.spec.ts:3:1 › memory hub searches knowledge type and keeps saved episodic drafts in its review queue (3.6s)
  ✓  1033 [firefox] › e2e/definitions.spec.ts:43:1 › unsaved changes are guarded on navigation (1.2s)
  ✓  1032 [firefox] › e2e/definitions.spec.ts:3:1 › author, validate, save, compare and archive a definition (4.5s)
  ✓  1035 [firefox] › e2e/definitions.spec.ts:81:1 › agents workbench follows the Figma frame: tabs, gated lifecycle, readiness and versions (4.6s)
  ✓  1036 [firefox] › e2e/definitions.spec.ts:117:1 › own saves never raise a conflict; a save from another tab does (3.1s)
PARITY home 18/18
  ✓  1037 [firefox] › e2e/figma-parity.spec.ts:64:3 › figma parity home (1.3s)
PARITY specifications 27/27
  ✓  1038 [firefox] › e2e/figma-parity.spec.ts:64:3 › figma parity specifications (2.2s)
PARITY code 17/17
  ✓  1039 [firefox] › e2e/figma-parity.spec.ts:64:3 › figma parity code (2.1s)
PARITY collaboration 29/29
  ✓  1040 [firefox] › e2e/figma-parity.spec.ts:64:3 › figma parity collaboration (1.4s)
PARITY agents 21/21
  ✓  1041 [firefox] › e2e/figma-parity.spec.ts:64:3 › figma parity agents (1.6s)
PARITY resources 18/19 missing: Endpoint / artifact reference
  ✓  1042 [firefox] › e2e/figma-parity.spec.ts:64:3 › figma parity resources (1.6s)
PARITY workflow 17/17
  ✓  1043 [firefox] › e2e/figma-parity.spec.ts:64:3 › figma parity workflow (1.6s)
PARITY memory 20/22 missing: Source revision / snapshot | Source digest
  ✓  1044 [firefox] › e2e/figma-parity.spec.ts:64:3 › figma parity memory (1.5s)
PARITY execution 35/35
  ✓  1045 [firefox] › e2e/figma-parity.spec.ts:64:3 › figma parity execution (1.4s)
PARITY governance 35/35
  ✓  1046 [firefox] › e2e/figma-parity.spec.ts:64:3 › figma parity governance (1.4s)
PARITY gateway 31/31
  ✓  1047 [firefox] › e2e/figma-parity.spec.ts:64:3 › figma parity gateway (1.3s)
PARITY configuration 18/21 missing: Proposed scope | Policy JSON | Rollback proposal
  ✓  1048 [firefox] › e2e/figma-parity.spec.ts:64:3 › figma parity configuration (1.9s)
PARITY identity 28/28
  ✓  1049 [firefox] › e2e/figma-parity.spec.ts:64:3 › figma parity identity (1.5s)
PARITY tenancy 27/27
  ✓  1050 [firefox] › e2e/figma-parity.spec.ts:64:3 › figma parity tenancy (1.4s)
PARITY saas 30/30
  ✓  1051 [firefox] › e2e/figma-parity.spec.ts:64:3 › figma parity saas (1.6s)
PARITY desktop 31/31
  ✓  1052 [firefox] › e2e/figma-parity.spec.ts:64:3 › figma parity desktop (1.4s)
PARITY observer 30/30
  ✓  1053 [firefox] › e2e/figma-parity.spec.ts:64:3 › figma parity observer (951ms)
PARITY connection 19/19
  ✓  1054 [firefox] › e2e/figma-parity.spec.ts:64:3 › figma parity connection (1.1s)
  ✓  1034 [firefox] › e2e/definitions.spec.ts:65:1 › every definition type can be created with defaults (FND-004) (40.0s)
  ✓  1055 [firefox] › e2e/ides.spec.ts:4:1 › specifications: create, edit, save, outline, preview, history (6.3s)
  ✓  1056 [firefox] › e2e/ides.spec.ts:63:1 › specifications: preview never runs scripts from Markdown (3.9s)
  ✓  1057 [firefox] › e2e/ides.spec.ts:84:1 › code intelligence: import folder, search, outline symbols (4.4s)
  ✓  1059 [firefox] › e2e/native-states.spec.ts:5:3 › native state SP-Catalog · dark (2.7s)
  ✓  1058 [firefox] › e2e/ides.spec.ts:119:1 › workflow: tasks, pinned agent, cycle detection, save (6.7s)
  ✓  1060 [firefox] › e2e/native-states.spec.ts:5:3 › native state SP-Conflict · dark (2.2s)
  ✓  1061 [firefox] › e2e/native-states.spec.ts:5:3 › native state SP-Freeze · dark (2.3s)
  ✓  1062 [firefox] › e2e/native-states.spec.ts:5:3 › native state CI-Coverage · dark (2.0s)
  ✓  1063 [firefox] › e2e/native-states.spec.ts:5:3 › native state AG-Readiness · dark (2.3s)
  ✓  1064 [firefox] › e2e/native-states.spec.ts:5:3 › native state AG-Guardrails · dark (2.2s)
  ✓  1065 [firefox] › e2e/native-states.spec.ts:5:3 › native state RS-MCP · dark (2.1s)
  ✓  1066 [firefox] › e2e/native-states.spec.ts:5:3 › native state MM-Context · dark (2.3s)
  ✓  1067 [firefox] › e2e/native-states.spec.ts:5:3 › native state WF-Task · dark (2.2s)
  ✓  1068 [firefox] › e2e/native-states.spec.ts:5:3 › native state EX-TaskAttempt · dark (2.3s)
  ✓  1069 [firefox] › e2e/native-states.spec.ts:5:3 › native state CMD-Unknown · dark (2.3s)
  ✓  1070 [firefox] › e2e/native-states.spec.ts:5:3 › native state EX-Cleanup · dark (2.3s)
  ✓  1071 [firefox] › e2e/native-states.spec.ts:5:3 › native state RV-Acceptance · dark (2.5s)
  ✓  1072 [firefox] › e2e/native-states.spec.ts:5:3 › native state IAM-Scope · dark (2.2s)
  ✓  1073 [firefox] › e2e/native-states.spec.ts:5:3 › native state CFG-Policy · dark (2.1s)
  ✓  1074 [firefox] › e2e/native-states.spec.ts:5:3 › native state SAAS-Budget · dark (2.2s)
  ✓  1075 [firefox] › e2e/native-states.spec.ts:5:3 › native state DT-Unavailable · dark (2.6s)
  ✓  1076 [firefox] › e2e/native-states.spec.ts:5:3 › native state OB-Stale · dark (2.3s)
  ✓  1077 [firefox] › e2e/native-states.spec.ts:5:3 › native state SP-Catalog · light (2.4s)
  ✓  1078 [firefox] › e2e/native-states.spec.ts:5:3 › native state SP-Conflict · light (2.2s)
  ✓  1079 [firefox] › e2e/native-states.spec.ts:5:3 › native state SP-Freeze · light (1.9s)
  ✓  1080 [firefox] › e2e/native-states.spec.ts:5:3 › native state CI-Coverage · light (2.0s)
  ✓  1081 [firefox] › e2e/native-states.spec.ts:5:3 › native state AG-Readiness · light (2.2s)
  ✓  1082 [firefox] › e2e/native-states.spec.ts:5:3 › native state AG-Guardrails · light (2.3s)
  ✓  1083 [firefox] › e2e/native-states.spec.ts:5:3 › native state RS-MCP · light (2.6s)
  ✓  1084 [firefox] › e2e/native-states.spec.ts:5:3 › native state MM-Context · light (3.5s)
  ✓  1085 [firefox] › e2e/native-states.spec.ts:5:3 › native state WF-Task · light (2.4s)
  ✓  1086 [firefox] › e2e/native-states.spec.ts:5:3 › native state EX-TaskAttempt · light (2.3s)
  ✓  1087 [firefox] › e2e/native-states.spec.ts:5:3 › native state CMD-Unknown · light (3.3s)
  ✓  1088 [firefox] › e2e/native-states.spec.ts:5:3 › native state EX-Cleanup · light (2.3s)
  ✓  1089 [firefox] › e2e/native-states.spec.ts:5:3 › native state RV-Acceptance · light (2.6s)
  ✓  1090 [firefox] › e2e/native-states.spec.ts:5:3 › native state IAM-Scope · light (2.4s)
  ✓  1091 [firefox] › e2e/native-states.spec.ts:5:3 › native state CFG-Policy · light (2.6s)
  ✓  1092 [firefox] › e2e/native-states.spec.ts:5:3 › native state SAAS-Budget · light (2.8s)
  ✓  1093 [firefox] › e2e/native-states.spec.ts:5:3 › native state DT-Unavailable · light (2.8s)
  ✓  1094 [firefox] › e2e/native-states.spec.ts:5:3 › native state OB-Stale · light (2.2s)
REALTIME {"presenceObservedMs":188,"environment":"local protocol peer"}
  ✓  1095 [firefox] › e2e/realtime.spec.ts:137:1 › presence arrives through its scoped endpoint and expires from resolved policy (2.8s)
  ✓  1096 [firefox] › e2e/realtime.spec.ts:208:1 › scoped DAG, terminal and structured thoughts reject gaps without replaying commands (7.2s)
REALTIME {"crdtPeerObservedMs":20,"environment":"local protocol peer"}
  ✓  1098 [firefox] › e2e/realtime.spec.ts:401:1 › Observer does not restore workspace authority and has independent grants (2.3s)
  ✓  1097 [firefox] › e2e/realtime.spec.ts:303:1 › Yjs synchronizes two Monaco editors and closes editing on disconnect (7.2s)
  -  1100 [firefox] › e2e/release.spec.ts:7:1 › every file matches the release manifest byte-for-byte
  -  1101 [firefox] › e2e/release.spec.ts:24:1 › security headers and caching
  -  1102 [firefox] › e2e/release.spec.ts:37:1 › client routes serve the app; missing files are 404
  ✓  1099 [firefox] › e2e/realtime.spec.ts:448:1 › resolved policy overrides drive risk and three budget classifications (2.0s)
  ✓  1103 [firefox] › e2e/scene.spec.ts:8:3 › dedicated ide template without service (1.9s)
  ✓  1104 [firefox] › e2e/scene.spec.ts:8:3 › dedicated review template without service (1.7s)
  ✓  1105 [firefox] › e2e/scene.spec.ts:8:3 › dedicated table template without service (1.8s)
  ✓  1106 [firefox] › e2e/scene.spec.ts:8:3 › dedicated statepattern template without service (1.9s)
  ✓  1107 [firefox] › e2e/scene.spec.ts:8:3 › dedicated run template without service (2.0s)
  ✓  1108 [firefox] › e2e/scene.spec.ts:8:3 › dedicated observer template without service (1.9s)
  ✓  1109 [firefox] › e2e/scene.spec.ts:8:3 › dedicated trace template without service (1.9s)
  ✓  1110 [firefox] › e2e/scene.spec.ts:8:3 › dedicated terminal template without service (1.7s)
  ✓  1111 [firefox] › e2e/scene.spec.ts:8:3 › dedicated diff template without service (2.2s)
  ✓  1112 [firefox] › e2e/scene.spec.ts:8:3 › dedicated merge template without service (2.0s)
  ✓  1113 [firefox] › e2e/scene.spec.ts:8:3 › dedicated plan template without service (1.9s)
  ✓  1114 [firefox] › e2e/scene.spec.ts:8:3 › dedicated tasklist template without service (2.0s)
  ✓  1115 [firefox] › e2e/scene.spec.ts:8:3 › dedicated workflow template without service (1.8s)
  ✓  1116 [firefox] › e2e/scene.spec.ts:8:3 › dedicated palette template without service (1.9s)
  ✓  1117 [firefox] › e2e/scene.spec.ts:29:1 › mobile IDE reveals imported source and switches panels without document overflow (3.8s)
  ✓  1118 [firefox] › e2e/scope-presence.spec.ts:6:49 › scope switch Effective preserves command identity and checks readback (3.0s)
  ✓  1120 [firefox] › e2e/service.spec.ts:117:1 › rejects credentials in the service URL (933ms)
  ✓  1119 [firefox] › e2e/scope-presence.spec.ts:6:49 › scope switch Unknown preserves command identity and checks readback (2.1s)
  ✓  1122 [firefox] › e2e/service.spec.ts:165:1 › server error after send is Unknown and never resent (1.9s)
  ✓  1121 [firefox] › e2e/service.spec.ts:129:1 › connect, inspect a record and send one command per activation (3.8s)
  ✓  1123 [firefox] › e2e/service.spec.ts:190:1 › session is restored after a reload from the service cookie session (1.5s)
  ✓  1124 [firefox] › e2e/service.spec.ts:200:1 › 401 ends the session with a single reconnect notice (FND-005) (1.3s)
  ✓  1125 [firefox] › e2e/shell.spec.ts:3:1 › skip link, route focus, title and breadcrumb (1.3s)
  ✓  1126 [firefox] › e2e/shell.spec.ts:29:1 › command palette searches views and navigates (2.0s)
  ✓  1127 [firefox] › e2e/shell.spec.ts:44:1 › help dialog opens with ? and returns focus (1.9s)
  ✓  1129 [firefox] › e2e/shell.spec.ts:74:1 › unknown route shows a not-found page inside the shell (539ms)
  ✓  1128 [firefox] › e2e/shell.spec.ts:61:1 › theme preference persists across reloads (934ms)
  ✓  1130 [firefox] › e2e/shell.spec.ts:89:3 › mobile › navigation drawer (1.8s)
  ✓  1131 [firefox] › e2e/shell.spec.ts:113:3 › no horizontal overflow at 320px (6.2s)
  ✓  1132 [firefox] › e2e/shell.spec.ts:113:3 › no horizontal overflow at 768px (5.5s)
  ✓  1133 [firefox] › e2e/shell.spec.ts:113:3 › no horizontal overflow at 1024px (5.6s)
  ✓  1134 [firefox] › e2e/shell.spec.ts:113:3 › no horizontal overflow at 1280px (5.2s)
  ✓  1136 [firefox] › e2e/shell.spec.ts:127:1 › mobile breadcrumb labels stay within the header and scope remains compact (1.0s)
(node:57631) Warning: The 'NO_COLOR' env is ignored due to the 'FORCE_COLOR' env being set.
(Use `node --trace-warnings ...` to show where the warning was created)
(node:57631) Warning: The 'NO_COLOR' env is ignored due to the 'FORCE_COLOR' env being set.
(Use `node --trace-warnings ...` to show where the warning was created)
  ✓  1137 [webkit] › e2e/a11y.spec.ts:34:30 › modules · dark › / (2.7s)
  ✓  1135 [firefox] › e2e/shell.spec.ts:113:3 › no horizontal overflow at 1920px (6.2s)
(node:57917) Warning: The 'NO_COLOR' env is ignored due to the 'FORCE_COLOR' env being set.
(Use `node --trace-warnings ...` to show where the warning was created)
(node:57917) Warning: The 'NO_COLOR' env is ignored due to the 'FORCE_COLOR' env being set.
(Use `node --trace-warnings ...` to show where the warning was created)
  ✓  1138 [webkit] › e2e/a11y.spec.ts:34:30 › modules · dark › /specifications (2.8s)
  ✓  1139 [webkit] › e2e/a11y.spec.ts:34:30 › modules · dark › /code (2.8s)
  ✓  1140 [webkit] › e2e/a11y.spec.ts:34:30 › modules · dark › /agents (2.7s)
  ✓  1142 [webkit] › e2e/a11y.spec.ts:34:30 › modules · dark › /workflow (2.4s)
  ✓  1141 [webkit] › e2e/a11y.spec.ts:34:30 › modules · dark › /resources (2.6s)
  ✓  1143 [webkit] › e2e/a11y.spec.ts:34:30 › modules · dark › /execution (2.4s)
  ✓  1144 [webkit] › e2e/a11y.spec.ts:34:30 › modules · dark › /governance (2.4s)
  ✓  1145 [webkit] › e2e/a11y.spec.ts:34:30 › modules · dark › /memory (2.5s)
  ✓  1146 [webkit] › e2e/a11y.spec.ts:34:30 › modules · dark › /gateway (2.5s)
  ✓  1148 [webkit] › e2e/a11y.spec.ts:34:30 › modules · dark › /configuration (2.3s)
  ✓  1147 [webkit] › e2e/a11y.spec.ts:34:30 › modules · dark › /collaboration (2.4s)
  ✓  1149 [webkit] › e2e/a11y.spec.ts:34:30 › modules · dark › /identity (2.5s)
  ✓  1150 [webkit] › e2e/a11y.spec.ts:34:30 › modules · dark › /tenancy (2.5s)
  ✓  1152 [webkit] › e2e/a11y.spec.ts:34:30 › modules · dark › /desktop (2.3s)
  ✓  1151 [webkit] › e2e/a11y.spec.ts:34:30 › modules · dark › /saas (2.4s)
  ✓  1153 [webkit] › e2e/a11y.spec.ts:34:30 › modules · dark › /observer (1.9s)
  ✓  1154 [webkit] › e2e/a11y.spec.ts:34:30 › modules · dark › /connection (2.1s)
  ✓  1155 [webkit] › e2e/a11y.spec.ts:34:30 › modules · dark › /definitions (2.5s)
  ✓  1156 [webkit] › e2e/a11y.spec.ts:34:30 › modules · dark › /definitions/agent (2.4s)
  ✓  1158 [webkit] › e2e/a11y.spec.ts:34:30 › modules · dark › /no-such-view (1.9s)
  ✓  1157 [webkit] › e2e/a11y.spec.ts:34:30 › modules · dark › /resources/drafts/mcp-resource (2.3s)
  ✓  1159 [webkit] › e2e/a11y.spec.ts:34:30 › modules · light › / (2.0s)
  ✓  1160 [webkit] › e2e/a11y.spec.ts:34:30 › modules · light › /specifications (2.1s)
  ✓  1161 [webkit] › e2e/a11y.spec.ts:34:30 › modules · light › /code (2.4s)
  ✓  1162 [webkit] › e2e/a11y.spec.ts:34:30 › modules · light › /agents (2.3s)
  ✓  1163 [webkit] › e2e/a11y.spec.ts:34:30 › modules · light › /resources (2.4s)
  ✓  1164 [webkit] › e2e/a11y.spec.ts:34:30 › modules · light › /workflow (2.3s)
  ✓  1166 [webkit] › e2e/a11y.spec.ts:34:30 › modules · light › /governance (2.5s)
  ✓  1165 [webkit] › e2e/a11y.spec.ts:34:30 › modules · light › /execution (2.7s)
  ✓  1167 [webkit] › e2e/a11y.spec.ts:34:30 › modules · light › /memory (2.2s)
  ✓  1168 [webkit] › e2e/a11y.spec.ts:34:30 › modules · light › /gateway (2.3s)
  ✓  1169 [webkit] › e2e/a11y.spec.ts:34:30 › modules · light › /collaboration (2.2s)
  ✓  1170 [webkit] › e2e/a11y.spec.ts:34:30 › modules · light › /configuration (2.2s)
  ✓  1171 [webkit] › e2e/a11y.spec.ts:34:30 › modules · light › /identity (2.6s)
  ✓  1172 [webkit] › e2e/a11y.spec.ts:34:30 › modules · light › /tenancy (2.5s)
  ✓  1173 [webkit] › e2e/a11y.spec.ts:34:30 › modules · light › /saas (2.7s)
  ✓  1174 [webkit] › e2e/a11y.spec.ts:34:30 › modules · light › /desktop (2.8s)
  ✓  1175 [webkit] › e2e/a11y.spec.ts:34:30 › modules · light › /observer (1.9s)
  ✓  1176 [webkit] › e2e/a11y.spec.ts:34:30 › modules · light › /connection (2.0s)
  ✓  1177 [webkit] › e2e/a11y.spec.ts:34:30 › modules · light › /definitions (2.5s)
  ✓  1178 [webkit] › e2e/a11y.spec.ts:34:30 › modules · light › /definitions/agent (2.3s)
  ✓  1180 [webkit] › e2e/a11y.spec.ts:34:30 › modules · light › /no-such-view (2.1s)
  ✓  1179 [webkit] › e2e/a11y.spec.ts:34:30 › modules · light › /resources/drafts/mcp-resource (2.4s)
  ✓  1181 [webkit] › e2e/a11y.spec.ts:40:26 › all planned views · dark › /sign-in (1.7s)
  ✓  1182 [webkit] › e2e/a11y.spec.ts:40:26 › all planned views · dark › /sign-in/help (1.8s)
  ✓  1183 [webkit] › e2e/a11y.spec.ts:40:26 › all planned views · dark › /invitations (2.0s)
  ✓  1184 [webkit] › e2e/a11y.spec.ts:40:26 › all planned views · dark › /tenancy/onboarding (2.4s)
  ✓  1185 [webkit] › e2e/a11y.spec.ts:40:26 › all planned views · dark › /tenancy/projects (2.2s)
  ✓  1186 [webkit] › e2e/a11y.spec.ts:40:26 › all planned views · dark › /tenancy/project-new (2.3s)
  ✓  1187 [webkit] › e2e/a11y.spec.ts:40:26 › all planned views · dark › /tenancy/setup-complete (2.0s)
  ✓  1188 [webkit] › e2e/a11y.spec.ts:40:26 › all planned views · dark › /identity/members (2.3s)
  ✓  1189 [webkit] › e2e/a11y.spec.ts:40:26 › all planned views · dark › /identity/invitations (2.0s)
  ✓  1190 [webkit] › e2e/a11y.spec.ts:40:26 › all planned views · dark › /identity/roles (2.2s)
  ✓  1191 [webkit] › e2e/a11y.spec.ts:40:26 › all planned views · dark › /identity/role-editor (2.5s)
  ✓  1192 [webkit] › e2e/a11y.spec.ts:40:26 › all planned views · dark › /identity/access (2.2s)
  ✓  1193 [webkit] › e2e/a11y.spec.ts:40:26 › all planned views · dark › /gateway/gateway (2.4s)
  ✓  1194 [webkit] › e2e/a11y.spec.ts:40:26 › all planned views · dark › /gateway/routing (2.7s)
  ✓  1195 [webkit] › e2e/a11y.spec.ts:40:26 › all planned views · dark › /gateway/budgets (2.5s)
  ✓  1196 [webkit] › e2e/a11y.spec.ts:40:26 › all planned views · dark › /resources/hub (2.2s)
  ✓  1197 [webkit] › e2e/a11y.spec.ts:40:26 › all planned views · dark › /resources/skills (2.4s)
  ✓  1198 [webkit] › e2e/a11y.spec.ts:40:26 › all planned views · dark › /resources/rules (2.8s)
  ✓  1199 [webkit] › e2e/a11y.spec.ts:40:26 › all planned views · dark › /resources/plugins (2.4s)
  ✓  1200 [webkit] › e2e/a11y.spec.ts:40:26 › all planned views · dark › /resources/hooks (3.1s)
  ✓  1201 [webkit] › e2e/a11y.spec.ts:40:26 › all planned views · dark › /resources/sidecars (2.8s)
  ✓  1202 [webkit] › e2e/a11y.spec.ts:40:26 › all planned views · dark › /memory/memory (2.1s)
  ✓  1203 [webkit] › e2e/a11y.spec.ts:40:26 › all planned views · dark › /memory/memory-settings (2.9s)
  ✓  1204 [webkit] › e2e/a11y.spec.ts:40:26 › all planned views · dark › /memory/memory-import (2.3s)
  ✓  1205 [webkit] › e2e/a11y.spec.ts:40:26 › all planned views · dark › /memory/curation (2.1s)
  ✓  1206 [webkit] › e2e/a11y.spec.ts:40:26 › all planned views · dark › /configuration/settings (2.3s)
  ✓  1207 [webkit] › e2e/a11y.spec.ts:40:26 › all planned views · dark › /configuration/runtime-settings (2.4s)
  ✓  1208 [webkit] › e2e/a11y.spec.ts:40:26 › all planned views · dark › /configuration/risk-policy (2.5s)
  ✓  1209 [webkit] › e2e/a11y.spec.ts:40:26 › all planned views · dark › /code/integrations (2.3s)
  ✓  1210 [webkit] › e2e/a11y.spec.ts:40:26 › all planned views · dark › /agents/default-agent (1.9s)
  ✓  1211 [webkit] › e2e/a11y.spec.ts:40:26 › all planned views · dark › /resources/sandbox-templates (2.7s)
  ✓  1212 [webkit] › e2e/a11y.spec.ts:40:26 › all planned views · dark › /specifications/specs (2.3s)
  ✓  1214 [webkit] › e2e/a11y.spec.ts:40:26 › all planned views · dark › /specifications/locked (2.2s)
  ✓  1213 [webkit] › e2e/a11y.spec.ts:40:26 › all planned views · dark › /specifications/editor (2.4s)
  ✓  1215 [webkit] › e2e/a11y.spec.ts:40:26 › all planned views · dark › /specifications/history (2.2s)
  ✓  1216 [webkit] › e2e/a11y.spec.ts:40:26 › all planned views · dark › /specifications/spec-diff (2.1s)
  ✓  1218 [webkit] › e2e/a11y.spec.ts:40:26 › all planned views · dark › /code/code (2.1s)
  ✓  1217 [webkit] › e2e/a11y.spec.ts:40:26 › all planned views · dark › /specifications/merge (2.1s)
  ✓  1219 [webkit] › e2e/a11y.spec.ts:40:26 › all planned views · dark › /code/search-code (2.1s)
  ✓  1220 [webkit] › e2e/a11y.spec.ts:40:26 › all planned views · dark › /code/evidence (2.1s)
  ✓  1221 [webkit] › e2e/a11y.spec.ts:40:26 › all planned views · dark › /code/scan (2.2s)
  ✓  1222 [webkit] › e2e/a11y.spec.ts:40:26 › all planned views · dark › /code/drift (2.2s)
  ✓  1223 [webkit] › e2e/a11y.spec.ts:40:26 › all planned views · dark › /memory/memory-prep (2.4s)
  ✓  1224 [webkit] › e2e/a11y.spec.ts:40:26 › all planned views · dark › /workflow/plans (2.4s)
  ✓  1225 [webkit] › e2e/a11y.spec.ts:40:26 › all planned views · dark › /workflow/plan-detail (2.1s)
  ✓  1226 [webkit] › e2e/a11y.spec.ts:40:26 › all planned views · dark › /workflow/workflow (2.2s)
  ✓  1228 [webkit] › e2e/a11y.spec.ts:40:26 › all planned views · dark › /workflow/meta-agent (2.2s)
  ✓  1227 [webkit] › e2e/a11y.spec.ts:40:26 › all planned views · dark › /agents/agent-compose (2.7s)
  ✓  1229 [webkit] › e2e/a11y.spec.ts:40:26 › all planned views · dark › /workflow/contracts (2.5s)
  ✓  1230 [webkit] › e2e/a11y.spec.ts:40:26 › all planned views · dark › /execution/runs (2.4s)
  ✓  1232 [webkit] › e2e/a11y.spec.ts:40:26 › all planned views · dark › /execution/terminal (2.1s)
  ✓  1231 [webkit] › e2e/a11y.spec.ts:40:26 › all planned views · dark › /execution/run-detail (2.3s)
  ✓  1233 [webkit] › e2e/a11y.spec.ts:40:26 › all planned views · dark › /execution/activity-tree (2.0s)
  ✓  1234 [webkit] › e2e/a11y.spec.ts:40:26 › all planned views · dark › /execution/artifacts (2.2s)
  ✓  1236 [webkit] › e2e/a11y.spec.ts:40:26 › all planned views · dark › /execution/sandboxes (1.9s)
  ✓  1235 [webkit] › e2e/a11y.spec.ts:40:26 › all planned views · dark › /execution/snapshot (2.2s)
  ✓  1238 [webkit] › e2e/a11y.spec.ts:40:26 › all planned views · dark › /governance/gates (1.9s)
  ✓  1237 [webkit] › e2e/a11y.spec.ts:40:26 › all planned views · dark › /execution/locks (2.0s)
  ✓  1239 [webkit] › e2e/a11y.spec.ts:40:26 › all planned views · dark › /governance/gate-detail (2.0s)
  ✓  1240 [webkit] › e2e/a11y.spec.ts:40:26 › all planned views · dark › /governance/gate-medium (2.3s)
  ✓  1241 [webkit] › e2e/a11y.spec.ts:40:26 › all planned views · dark › /governance/diff-review (2.5s)
  ✓  1242 [webkit] › e2e/a11y.spec.ts:40:26 › all planned views · dark › /governance/security (2.4s)
  ✓  1243 [webkit] › e2e/a11y.spec.ts:40:26 › all planned views · dark › /governance/pull-request (2.5s)
  ✓  1244 [webkit] › e2e/a11y.spec.ts:40:26 › all planned views · dark › /governance/ci-failed (2.3s)
  ✓  1245 [webkit] › e2e/a11y.spec.ts:40:26 › all planned views · dark › /governance/pr-conflict (2.2s)
  ✓  1246 [webkit] › e2e/a11y.spec.ts:40:26 › all planned views · dark › /governance/post-merge (2.3s)
  ✓  1247 [webkit] › e2e/a11y.spec.ts:40:26 › all planned views · dark › /governance/audit (2.6s)
  ✓  1248 [webkit] › e2e/a11y.spec.ts:40:26 › all planned views · dark › /collaboration/notifications (2.5s)
  ✓  1249 [webkit] › e2e/a11y.spec.ts:40:26 › all planned views · dark › /code/exceptions (2.6s)
  ✓  1250 [webkit] › e2e/a11y.spec.ts:40:26 › all planned views · dark › /code/components (2.7s)
  ✓  1251 [webkit] › e2e/a11y.spec.ts:40:26 › all planned views · dark › /code/index (2.6s)
  ✓  1252 [webkit] › e2e/a11y.spec.ts:40:26 › all planned views · dark › /home/setup-readiness (2.4s)
  ✓  1253 [webkit] › e2e/a11y.spec.ts:40:26 › all planned views · dark › /identity/invite-identity (1.8s)
  ✓  1254 [webkit] › e2e/a11y.spec.ts:40:26 › all planned views · dark › /identity/access-revoked (2.4s)
  ✓  1255 [webkit] › e2e/a11y.spec.ts:40:26 › all planned views · dark › /tenancy/repo-reconcile (2.2s)
  ✓  1256 [webkit] › e2e/a11y.spec.ts:40:26 › all planned views · dark › /gateway/budget-ledger (2.5s)
  ✓  1257 [webkit] › e2e/a11y.spec.ts:40:26 › all planned views · dark › /resources/registry-impact (2.0s)
  ✓  1258 [webkit] › e2e/a11y.spec.ts:40:26 › all planned views · dark › /memory/memory-lineage (2.3s)
  ✓  1259 [webkit] › e2e/a11y.spec.ts:40:26 › all planned views · dark › /workflow/workflow-proposal (2.3s)
  ✓  1260 [webkit] › e2e/a11y.spec.ts:40:26 › all planned views · dark › /specifications/draft-recovery (2.4s)
  ✓  1261 [webkit] › e2e/a11y.spec.ts:40:26 › all planned views · dark › /specifications/stale-merge (2.2s)
  ✓  1262 [webkit] › e2e/a11y.spec.ts:40:26 › all planned views · dark › /workflow/input-lineage (2.2s)
  ✓  1263 [webkit] › e2e/a11y.spec.ts:40:26 › all planned views · dark › /code/greenfield (2.1s)
  ✓  1264 [webkit] › e2e/a11y.spec.ts:40:26 › all planned views · dark › /workflow/generation-job (1.9s)
  ✓  1265 [webkit] › e2e/a11y.spec.ts:40:26 › all planned views · dark › /execution/admission (2.1s)
  ✓  1266 [webkit] › e2e/a11y.spec.ts:40:26 › all planned views · dark › /execution/artifact-handoff (2.4s)
  ✓  1267 [webkit] › e2e/a11y.spec.ts:40:26 › all planned views · dark › /connection/recovery (2.2s)
  ✓  1268 [webkit] › e2e/a11y.spec.ts:40:26 › all planned views · dark › /governance/secret-triage (2.0s)
  ✓  1269 [webkit] › e2e/a11y.spec.ts:40:26 › all planned views · dark › /governance/reviewer-eligibility (2.0s)
  ✓  1270 [webkit] › e2e/a11y.spec.ts:40:26 › all planned views · dark › /governance/signature-history (2.1s)
  ✓  1271 [webkit] › e2e/a11y.spec.ts:40:26 › all planned views · dark › /connection/pr-reconcile (2.1s)
  ✓  1272 [webkit] › e2e/a11y.spec.ts:40:26 › all planned views · dark › /governance/acceptance (1.9s)
  ✓  1273 [webkit] › e2e/a11y.spec.ts:40:26 › all planned views · dark › /execution/cleanup (2.3s)
  ✓  1274 [webkit] › e2e/a11y.spec.ts:40:26 › all planned views · dark › /tenancy/offboarding (2.1s)
  ✓  1275 [webkit] › e2e/a11y.spec.ts:40:26 › all planned views · dark › /configuration/policy-impact (2.3s)
  ✓  1276 [webkit] › e2e/a11y.spec.ts:40:26 › all planned views · dark › /observer/incident-recovery (1.8s)
  ✓  1277 [webkit] › e2e/a11y.spec.ts:40:26 › all planned views · dark › /code/business-states (2.3s)
  ✓  1278 [webkit] › e2e/a11y.spec.ts:40:26 › all planned views · dark › /code/design-journeys (2.2s)
  ✓  1279 [webkit] › e2e/a11y.spec.ts:40:26 › all planned views · dark › /code/code-symbols (2.4s)
  ✓  1280 [webkit] › e2e/a11y.spec.ts:40:26 › all planned views · dark › /memory/ai-context (2.2s)
  ✓  1281 [webkit] › e2e/a11y.spec.ts:40:26 › all planned views · dark › /code/ide-states (2.4s)
  ✓  1282 [webkit] › e2e/a11y.spec.ts:40:26 › all planned views · dark › /tenancy/organizations (2.4s)
  ✓  1283 [webkit] › e2e/a11y.spec.ts:40:26 › all planned views · dark › /tenancy/workspaces (2.4s)
  ✓  1284 [webkit] › e2e/a11y.spec.ts:40:26 › all planned views · dark › /tenancy/workspace-settings (2.7s)
  ✓  1285 [webkit] › e2e/a11y.spec.ts:40:26 › all planned views · dark › /workflow/workflow-templates (2.2s)
  ✓  1286 [webkit] › e2e/a11y.spec.ts:40:26 › all planned views · dark › /specifications/conflicts (2.2s)
  ✓  1287 [webkit] › e2e/a11y.spec.ts:40:26 › all planned views · dark › /memory/memory-layers (1.9s)
  ✓  1288 [webkit] › e2e/a11y.spec.ts:40:26 › all planned views · dark › /governance/risk-review (2.3s)
  ✓  1289 [webkit] › e2e/a11y.spec.ts:40:26 › all planned views · dark › /workflow/wf-review (2.2s)
  ✓  1290 [webkit] › e2e/a11y.spec.ts:40:26 › all planned views · dark › /specifications/ide-journeys (2.2s)
  ✓  1291 [webkit] › e2e/a11y.spec.ts:40:26 › all planned views · dark › /tenancy/scope-workspaces (2.1s)
  ✓  1292 [webkit] › e2e/a11y.spec.ts:40:26 › all planned views · dark › /execution/execution (2.3s)
  ✓  1293 [webkit] › e2e/a11y.spec.ts:40:26 › all planned views · dark › /execution/execution-states (2.2s)
  ✓  1294 [webkit] › e2e/a11y.spec.ts:40:26 › all planned views · dark › /observer/sign-in (1.5s)
  ✓  1295 [webkit] › e2e/a11y.spec.ts:40:26 › all planned views · dark › /observer/obs-overview (1.8s)
  ✓  1296 [webkit] › e2e/a11y.spec.ts:40:26 › all planned views · dark › /observer/traces (1.9s)
  ✓  1297 [webkit] › e2e/a11y.spec.ts:40:26 › all planned views · dark › /observer/trace-detail (1.9s)
  ✓  1298 [webkit] › e2e/a11y.spec.ts:40:26 › all planned views · dark › /observer/metrics (2.0s)
  ✓  1299 [webkit] › e2e/a11y.spec.ts:40:26 › all planned views · dark › /observer/profiler (2.0s)
  ✓  1300 [webkit] › e2e/a11y.spec.ts:40:26 › all planned views · dark › /observer/telemetry (1.8s)
  ✓  1301 [webkit] › e2e/a11y.spec.ts:40:26 › all planned views · dark › /observer/infra (2.0s)
  ✓  1302 [webkit] › e2e/a11y.spec.ts:40:26 › all planned views · dark › /observer/saturation (1.9s)
  ✓  1303 [webkit] › e2e/a11y.spec.ts:40:26 › all planned views · dark › /observer/obs-audit (1.8s)
  ✓  1304 [webkit] › e2e/a11y.spec.ts:40:26 › all planned views · dark › /observer/exports (2.0s)
  ✓  1305 [webkit] › e2e/a11y.spec.ts:40:26 › all planned views · dark › /observer/index (2.1s)
  ✓  1306 [webkit] › e2e/a11y.spec.ts:40:26 › all planned views · dark › /observer/data-quality (2.0s)
  ✓  1307 [webkit] › e2e/a11y.spec.ts:40:26 › all planned views · dark › /observer/export-job (1.8s)
  ✓  1308 [webkit] › e2e/a11y.spec.ts:40:26 › all planned views · dark › /observer/profile-compatibility (1.9s)
  ✓  1309 [webkit] › e2e/a11y.spec.ts:40:26 › all planned views · dark › /observer/diagnostic-handoff (2.1s)
  ✓  1310 [webkit] › e2e/a11y.spec.ts:40:26 › all planned views · dark › /identity/state-wrong-account (1.8s)
  ✓  1311 [webkit] › e2e/a11y.spec.ts:40:26 › all planned views · dark › /identity/state-expired-invitation (1.8s)
  ✓  1312 [webkit] › e2e/a11y.spec.ts:40:26 › all planned views · dark › /home/state-access-changed (2.4s)
  ✓  1313 [webkit] › e2e/a11y.spec.ts:40:26 › all planned views · dark › /code/state-repo-disconnected (2.1s)
  ✓  1314 [webkit] › e2e/a11y.spec.ts:40:26 › all planned views · dark › /gateway/state-budget-blocked (2.4s)
  ✓  1315 [webkit] › e2e/a11y.spec.ts:40:26 › all planned views · dark › /agents/state-resource-revoked (2.2s)
  ✓  1316 [webkit] › e2e/a11y.spec.ts:40:26 › all planned views · dark › /memory/state-memory-deprecated (1.9s)
  ✓  1317 [webkit] › e2e/a11y.spec.ts:40:26 › all planned views · dark › /specifications/state-offline-draft (2.0s)
  ✓  1318 [webkit] › e2e/a11y.spec.ts:40:26 › all planned views · dark › /governance/state-merge-stale (2.1s)
  ✓  1319 [webkit] › e2e/a11y.spec.ts:40:26 › all planned views · dark › /home/state-input-superseded (2.1s)
  ✓  1320 [webkit] › e2e/a11y.spec.ts:40:26 › all planned views · dark › /code/state-empty-repository (2.0s)
  ✓  1321 [webkit] › e2e/a11y.spec.ts:40:26 › all planned views · dark › /home/state-generation-failed (2.3s)
  ✓  1322 [webkit] › e2e/a11y.spec.ts:40:26 › all planned views · dark › /home/state-checkpoint-required (2.2s)
  ✓  1323 [webkit] › e2e/a11y.spec.ts:40:26 › all planned views · dark › /home/state-artifact-not-durable (2.2s)
  ✓  1324 [webkit] › e2e/a11y.spec.ts:40:26 › all planned views · dark › /execution/state-snapshot-unavailable (2.3s)
  ✓  1325 [webkit] › e2e/a11y.spec.ts:40:26 › all planned views · dark › /code/state-scanner-unavailable (2.1s)
  ✓  1326 [webkit] › e2e/a11y.spec.ts:40:26 › all planned views · dark › /governance/state-secret-confirmed (2.2s)
  ✓  1327 [webkit] › e2e/a11y.spec.ts:40:26 › all planned views · dark › /identity/state-reviewer-missing (2.2s)
  ✓  1328 [webkit] › e2e/a11y.spec.ts:40:26 › all planned views · dark › /home/state-old-head-ci (2.2s)
  ✓  1329 [webkit] › e2e/a11y.spec.ts:40:26 › all planned views · dark › /home/state-pr-unknown (2.0s)
  ✓  1330 [webkit] › e2e/a11y.spec.ts:40:26 › all planned views · dark › /governance/state-partial-merge (2.3s)
  ✓  1331 [webkit] › e2e/a11y.spec.ts:40:26 › all planned views · dark › /governance/state-acceptance-failed (2.4s)
  ✓  1332 [webkit] › e2e/a11y.spec.ts:40:26 › all planned views · dark › /governance/state-verification-unknown (2.1s)
  ✓  1333 [webkit] › e2e/a11y.spec.ts:40:26 › all planned views · dark › /execution/state-cleanup-held (2.2s)
  ✓  1334 [webkit] › e2e/a11y.spec.ts:40:26 › all planned views · dark › /home/state-project-archived (2.4s)
  ✓  1335 [webkit] › e2e/a11y.spec.ts:40:26 › all planned views · dark › /home/state-restore-reconcile (2.4s)
  ✓  1336 [webkit] › e2e/a11y.spec.ts:40:26 › all planned views · dark › /specifications/ide-state-source-loading (2.4s)
  ✓  1337 [webkit] › e2e/a11y.spec.ts:40:26 › all planned views · dark › /specifications/ide-state-source-failed (2.1s)
  ✓  1338 [webkit] › e2e/a11y.spec.ts:40:26 › all planned views · dark › /specifications/ide-state-source-denied (2.2s)
  ✓  1339 [webkit] › e2e/a11y.spec.ts:40:26 › all planned views · dark › /specifications/ide-state-source-empty (2.2s)
  ✓  1340 [webkit] › e2e/a11y.spec.ts:40:26 › all planned views · dark › /specifications/ide-state-binary-file (2.1s)
  ✓  1341 [webkit] › e2e/a11y.spec.ts:40:26 › all planned views · dark › /specifications/ide-state-large-file (2.2s)
  ✓  1342 [webkit] › e2e/a11y.spec.ts:40:26 › all planned views · dark › /code/ide-state-stale-index (2.2s)
  ✓  1343 [webkit] › e2e/a11y.spec.ts:40:26 › all planned views · dark › /code/ide-state-partial-index (2.2s)
  ✓  1344 [webkit] › e2e/a11y.spec.ts:40:26 › all planned views · dark › /specifications/ide-state-offline-draft (2.2s)
  ✓  1345 [webkit] › e2e/a11y.spec.ts:40:26 › all planned views · dark › /specifications/ide-state-dirty-tab (2.1s)
  ✓  1346 [webkit] › e2e/a11y.spec.ts:40:26 › all planned views · dark › /specifications/ide-state-frozen-draft (2.3s)
  ✓  1347 [webkit] › e2e/a11y.spec.ts:40:26 › all planned views · dark › /memory/ide-state-stale-context (2.4s)
  ✓  1348 [webkit] › e2e/a11y.spec.ts:40:26 › all planned views · dark › /governance/v6-state-spec-acceptance (3.5s)
  ✓  1349 [webkit] › e2e/a11y.spec.ts:40:26 › all planned views · dark › /code/v6-state-code-linked-spec (3.5s)
  ✓  1350 [webkit] › e2e/a11y.spec.ts:40:26 › all planned views · dark › /memory/v6-state-greenfield-context (2.6s)
  ✓  1351 [webkit] › e2e/a11y.spec.ts:40:26 › all planned views · dark › /memory/v6-state-context-confirm (2.6s)
  ✓  1352 [webkit] › e2e/a11y.spec.ts:40:26 › all planned views · dark › /workflow/v6-state-multi-spec-plan (2.0s)
  ✓  1353 [webkit] › e2e/a11y.spec.ts:40:26 › all planned views · dark › /memory/v6-state-context-review (2.3s)
  ✓  1354 [webkit] › e2e/a11y.spec.ts:40:26 › all planned views · dark › /memory/v6-state-context-revoked (2.3s)
  ✓  1355 [webkit] › e2e/a11y.spec.ts:40:26 › all planned views · dark › /memory/v6-state-scope-confirm (2.1s)
  ✓  1356 [webkit] › e2e/a11y.spec.ts:40:26 › all planned views · dark › /execution/execution-state-empty (2.1s)
  ✓  1357 [webkit] › e2e/a11y.spec.ts:40:26 › all planned views · dark › /execution/execution-state-parallel (2.4s)
  ✓  1358 [webkit] › e2e/a11y.spec.ts:40:26 › all planned views · dark › /execution/execution-state-checkpoint (2.4s)
  ✓  1359 [webkit] › e2e/a11y.spec.ts:40:26 › all planned views · dark › /execution/execution-state-failed (2.3s)
  ✓  1360 [webkit] › e2e/a11y.spec.ts:40:26 › all planned views · dark › /gateway/execution-state-budget (2.4s)
  ✓  1361 [webkit] › e2e/a11y.spec.ts:40:26 › all planned views · dark › /execution/execution-state-paused (2.1s)
  ✓  1362 [webkit] › e2e/a11y.spec.ts:40:26 › all planned views · dark › /execution/execution-state-cleanup-error (2.4s)
  ✓  1363 [webkit] › e2e/a11y.spec.ts:40:26 › all planned views · dark › /execution/execution-state-completed (2.1s)
  ✓  1364 [webkit] › e2e/a11y.spec.ts:40:26 › all planned views · dark › /execution/execution-detail-terminal (2.2s)
  ✓  1365 [webkit] › e2e/a11y.spec.ts:40:26 › all planned views · dark › /execution/execution-detail-artifacts (2.1s)
  ✓  1366 [webkit] › e2e/a11y.spec.ts:40:26 › all planned views · dark › /memory/execution-detail-memory (2.3s)
  ✓  1367 [webkit] › e2e/a11y.spec.ts:40:26 › all planned views · dark › /execution/execution-command-requested (2.1s)
  ✓  1369 [webkit] › e2e/a11y.spec.ts:40:26 › all planned views · dark › /connection/execution-command-outcome-unknown (2.0s)
  ✓  1368 [webkit] › e2e/a11y.spec.ts:40:26 › all planned views · dark › /execution/execution-command-accepted (2.1s)
  ✓  1371 [webkit] › e2e/a11y.spec.ts:40:26 › all planned views · dark › /execution/execution-dialog-cancel (2.2s)
  ✓  1370 [webkit] › e2e/a11y.spec.ts:40:26 › all planned views · dark › /execution/execution-dialog-checkpoint (2.3s)
  ✓  1373 [webkit] › e2e/a11y.spec.ts:40:26 › all planned views · dark › /execution/execution-dialog-retry (2.3s)
  ✓  1372 [webkit] › e2e/a11y.spec.ts:40:26 › all planned views · dark › /execution/execution-dialog-resume (2.6s)
  ✓  1374 [webkit] › e2e/a11y.spec.ts:40:26 › all planned views · dark › /execution/execution-agent-t-01 (2.1s)
  ✓  1375 [webkit] › e2e/a11y.spec.ts:40:26 › all planned views · dark › /execution/execution-agent-t-03 (2.1s)
  ✓  1376 [webkit] › e2e/a11y.spec.ts:40:26 › all planned views · dark › /execution/execution-agent-t-04 (2.2s)
  ✓  1377 [webkit] › e2e/a11y.spec.ts:40:26 › all planned views · dark › /execution/execution-agent-t-05 (2.1s)
  ✓  1378 [webkit] › e2e/a11y.spec.ts:40:26 › all planned views · dark › /execution/execution-agent-t-06 (2.2s)
  ✓  1379 [webkit] › e2e/a11y.spec.ts:40:26 › all planned views · dark › /execution/execution-agent-t-07 (2.4s)
  ✓  1380 [webkit] › e2e/a11y.spec.ts:40:26 › all planned views · dark › /workflow/execution-inspector-context (2.2s)
  ✓  1381 [webkit] › e2e/a11y.spec.ts:40:26 › all planned views · dark › /workflow/execution-inspector-access (2.2s)
  ✓  1382 [webkit] › e2e/a11y.spec.ts:40:26 › all planned views · dark › /execution/execution-dialog-snapshot (2.3s)
  ✓  1383 [webkit] › e2e/a11y.spec.ts:40:26 › all planned views · dark › /workflow/execution-dialog-lineage (2.0s)
  ✓  1384 [webkit] › e2e/a11y.spec.ts:40:26 › all planned views · dark › /workflow/execution-dialog-manifest (2.2s)
  ✓  1385 [webkit] › e2e/a11y.spec.ts:40:26 › all planned views · dark › /identity/execution-permission-viewer (2.5s)
  ✓  1386 [webkit] › e2e/a11y.spec.ts:40:26 › all planned views · dark › /execution/execution-command-approve-gate-requested (2.2s)
  ✓  1387 [webkit] › e2e/a11y.spec.ts:40:26 › all planned views · dark › /execution/execution-command-cancel-requested (2.1s)
  ✓  1388 [webkit] › e2e/a11y.spec.ts:40:26 › all planned views · dark › /execution/execution-command-resume-requested (2.2s)
  ✓  1389 [webkit] › e2e/a11y.spec.ts:40:26 › all planned views · dark › /execution/execution-command-retry-requested (2.4s)
  ✓  1390 [webkit] › e2e/a11y.spec.ts:40:26 › all planned views · light › /sign-in (1.9s)
  ✓  1391 [webkit] › e2e/a11y.spec.ts:40:26 › all planned views · light › /sign-in/help (1.9s)
  ✓  1392 [webkit] › e2e/a11y.spec.ts:40:26 › all planned views · light › /invitations (1.9s)
  ✓  1393 [webkit] › e2e/a11y.spec.ts:40:26 › all planned views · light › /tenancy/onboarding (2.3s)
  ✓  1394 [webkit] › e2e/a11y.spec.ts:40:26 › all planned views · light › /tenancy/projects (2.3s)
  ✓  1395 [webkit] › e2e/a11y.spec.ts:40:26 › all planned views · light › /tenancy/project-new (2.1s)
  ✓  1396 [webkit] › e2e/a11y.spec.ts:40:26 › all planned views · light › /tenancy/setup-complete (1.9s)
  ✓  1397 [webkit] › e2e/a11y.spec.ts:40:26 › all planned views · light › /identity/members (2.1s)
  ✓  1398 [webkit] › e2e/a11y.spec.ts:40:26 › all planned views · light › /identity/invitations (2.1s)
  ✓  1399 [webkit] › e2e/a11y.spec.ts:40:26 › all planned views · light › /identity/roles (2.3s)
  ✓  1400 [webkit] › e2e/a11y.spec.ts:40:26 › all planned views · light › /identity/role-editor (2.1s)
  ✓  1401 [webkit] › e2e/a11y.spec.ts:40:26 › all planned views · light › /identity/access (2.3s)
  ✓  1402 [webkit] › e2e/a11y.spec.ts:40:26 › all planned views · light › /gateway/gateway (2.1s)
  ✓  1403 [webkit] › e2e/a11y.spec.ts:40:26 › all planned views · light › /gateway/routing (2.3s)
  ✓  1404 [webkit] › e2e/a11y.spec.ts:40:26 › all planned views · light › /gateway/budgets (2.3s)
  ✓  1405 [webkit] › e2e/a11y.spec.ts:40:26 › all planned views · light › /resources/hub (2.3s)
  ✓  1406 [webkit] › e2e/a11y.spec.ts:40:26 › all planned views · light › /resources/skills (2.7s)
  ✓  1407 [webkit] › e2e/a11y.spec.ts:40:26 › all planned views · light › /resources/rules (2.0s)
  ✓  1408 [webkit] › e2e/a11y.spec.ts:40:26 › all planned views · light › /resources/plugins (2.6s)
  ✓  1409 [webkit] › e2e/a11y.spec.ts:40:26 › all planned views · light › /resources/hooks (2.2s)
  ✓  1411 [webkit] › e2e/a11y.spec.ts:40:26 › all planned views · light › /memory/memory (2.1s)
  ✓  1410 [webkit] › e2e/a11y.spec.ts:40:26 › all planned views · light › /resources/sidecars (2.5s)
  ✓  1412 [webkit] › e2e/a11y.spec.ts:40:26 › all planned views · light › /memory/memory-settings (2.2s)
  ✓  1413 [webkit] › e2e/a11y.spec.ts:40:26 › all planned views · light › /memory/memory-import (2.7s)
  ✓  1414 [webkit] › e2e/a11y.spec.ts:40:26 › all planned views · light › /memory/curation (2.2s)
  ✓  1415 [webkit] › e2e/a11y.spec.ts:40:26 › all planned views · light › /configuration/settings (2.8s)
  ✓  1416 [webkit] › e2e/a11y.spec.ts:40:26 › all planned views · light › /configuration/runtime-settings (3.0s)
  ✓  1417 [webkit] › e2e/a11y.spec.ts:40:26 › all planned views · light › /configuration/risk-policy (2.8s)
  ✓  1418 [webkit] › e2e/a11y.spec.ts:40:26 › all planned views · light › /code/integrations (2.2s)
  ✓  1419 [webkit] › e2e/a11y.spec.ts:40:26 › all planned views · light › /agents/default-agent (2.1s)
  ✓  1420 [webkit] › e2e/a11y.spec.ts:40:26 › all planned views · light › /resources/sandbox-templates (2.6s)
  ✓  1421 [webkit] › e2e/a11y.spec.ts:40:26 › all planned views · light › /specifications/specs (2.1s)
  ✓  1422 [webkit] › e2e/a11y.spec.ts:40:26 › all planned views · light › /specifications/editor (2.3s)
  ✓  1423 [webkit] › e2e/a11y.spec.ts:40:26 › all planned views · light › /specifications/locked (2.3s)
  ✓  1424 [webkit] › e2e/a11y.spec.ts:40:26 › all planned views · light › /specifications/history (2.2s)
  ✓  1425 [webkit] › e2e/a11y.spec.ts:40:26 › all planned views · light › /specifications/spec-diff (2.1s)
  ✓  1426 [webkit] › e2e/a11y.spec.ts:40:26 › all planned views · light › /specifications/merge (2.0s)
  ✓  1427 [webkit] › e2e/a11y.spec.ts:40:26 › all planned views · light › /code/code (1.9s)
  ✓  1428 [webkit] › e2e/a11y.spec.ts:40:26 › all planned views · light › /code/search-code (2.3s)
  ✓  1429 [webkit] › e2e/a11y.spec.ts:40:26 › all planned views · light › /code/evidence (2.4s)
  ✓  1430 [webkit] › e2e/a11y.spec.ts:40:26 › all planned views · light › /code/scan (2.2s)
  ✓  1431 [webkit] › e2e/a11y.spec.ts:40:26 › all planned views · light › /code/drift (2.1s)
  ✓  1432 [webkit] › e2e/a11y.spec.ts:40:26 › all planned views · light › /memory/memory-prep (2.0s)
  ✓  1433 [webkit] › e2e/a11y.spec.ts:40:26 › all planned views · light › /workflow/plans (2.0s)
  ✓  1434 [webkit] › e2e/a11y.spec.ts:40:26 › all planned views · light › /workflow/plan-detail (2.3s)
  ✓  1435 [webkit] › e2e/a11y.spec.ts:40:26 › all planned views · light › /workflow/workflow (2.2s)
  ✓  1436 [webkit] › e2e/a11y.spec.ts:40:26 › all planned views · light › /agents/agent-compose (2.5s)
  ✓  1437 [webkit] › e2e/a11y.spec.ts:40:26 › all planned views · light › /workflow/meta-agent (2.6s)
  ✓  1439 [webkit] › e2e/a11y.spec.ts:40:26 › all planned views · light › /execution/runs (2.1s)
  ✓  1438 [webkit] › e2e/a11y.spec.ts:40:26 › all planned views · light › /workflow/contracts (2.7s)
  ✓  1440 [webkit] › e2e/a11y.spec.ts:40:26 › all planned views · light › /execution/run-detail (2.0s)
  ✓  1441 [webkit] › e2e/a11y.spec.ts:40:26 › all planned views · light › /execution/terminal (2.2s)
  ✓  1442 [webkit] › e2e/a11y.spec.ts:40:26 › all planned views · light › /execution/activity-tree (2.1s)
  ✓  1443 [webkit] › e2e/a11y.spec.ts:40:26 › all planned views · light › /execution/artifacts (2.0s)
  ✓  1444 [webkit] › e2e/a11y.spec.ts:40:26 › all planned views · light › /execution/snapshot (2.1s)
  ✓  1445 [webkit] › e2e/a11y.spec.ts:40:26 › all planned views · light › /execution/sandboxes (2.1s)
  ✓  1446 [webkit] › e2e/a11y.spec.ts:40:26 › all planned views · light › /execution/locks (2.4s)
  ✓  1447 [webkit] › e2e/a11y.spec.ts:40:26 › all planned views · light › /governance/gates (2.2s)
  ✓  1449 [webkit] › e2e/a11y.spec.ts:40:26 › all planned views · light › /governance/gate-medium (2.1s)
  ✓  1448 [webkit] › e2e/a11y.spec.ts:40:26 › all planned views · light › /governance/gate-detail (2.4s)
  ✓  1450 [webkit] › e2e/a11y.spec.ts:40:26 › all planned views · light › /governance/diff-review (2.2s)
  ✓  1451 [webkit] › e2e/a11y.spec.ts:40:26 › all planned views · light › /governance/security (2.1s)
  ✓  1452 [webkit] › e2e/a11y.spec.ts:40:26 › all planned views · light › /governance/pull-request (2.2s)
  ✓  1453 [webkit] › e2e/a11y.spec.ts:40:26 › all planned views · light › /governance/ci-failed (2.3s)
  ✓  1454 [webkit] › e2e/a11y.spec.ts:40:26 › all planned views · light › /governance/pr-conflict (2.1s)
  ✓  1455 [webkit] › e2e/a11y.spec.ts:40:26 › all planned views · light › /governance/post-merge (2.3s)
  ✓  1456 [webkit] › e2e/a11y.spec.ts:40:26 › all planned views · light › /governance/audit (2.4s)
  ✓  1457 [webkit] › e2e/a11y.spec.ts:40:26 › all planned views · light › /collaboration/notifications (2.5s)
  ✓  1458 [webkit] › e2e/a11y.spec.ts:40:26 › all planned views · light › /code/exceptions (2.3s)
  ✓  1459 [webkit] › e2e/a11y.spec.ts:40:26 › all planned views · light › /code/components (2.1s)
  ✓  1460 [webkit] › e2e/a11y.spec.ts:40:26 › all planned views · light › /code/index (2.3s)
  ✓  1461 [webkit] › e2e/a11y.spec.ts:40:26 › all planned views · light › /home/setup-readiness (2.4s)
  ✓  1462 [webkit] › e2e/a11y.spec.ts:40:26 › all planned views · light › /identity/invite-identity (1.8s)
  ✓  1463 [webkit] › e2e/a11y.spec.ts:40:26 › all planned views · light › /identity/access-revoked (2.3s)
  ✓  1464 [webkit] › e2e/a11y.spec.ts:40:26 › all planned views · light › /tenancy/repo-reconcile (2.4s)
  ✓  1465 [webkit] › e2e/a11y.spec.ts:40:26 › all planned views · light › /gateway/budget-ledger (2.3s)
  ✓  1466 [webkit] › e2e/a11y.spec.ts:40:26 › all planned views · light › /resources/registry-impact (2.4s)
  ✓  1467 [webkit] › e2e/a11y.spec.ts:40:26 › all planned views · light › /memory/memory-lineage (2.3s)
  ✓  1468 [webkit] › e2e/a11y.spec.ts:40:26 › all planned views · light › /workflow/workflow-proposal (2.3s)
  ✓  1469 [webkit] › e2e/a11y.spec.ts:40:26 › all planned views · light › /specifications/draft-recovery (2.2s)
  ✓  1470 [webkit] › e2e/a11y.spec.ts:40:26 › all planned views · light › /specifications/stale-merge (2.1s)
  ✓  1471 [webkit] › e2e/a11y.spec.ts:40:26 › all planned views · light › /workflow/input-lineage (2.1s)
  ✓  1472 [webkit] › e2e/a11y.spec.ts:40:26 › all planned views · light › /code/greenfield (2.3s)
  ✓  1473 [webkit] › e2e/a11y.spec.ts:40:26 › all planned views · light › /workflow/generation-job (2.0s)
  ✓  1475 [webkit] › e2e/a11y.spec.ts:40:26 › all planned views · light › /execution/artifact-handoff (2.5s)
  ✓  1474 [webkit] › e2e/a11y.spec.ts:40:26 › all planned views · light › /execution/admission (2.7s)
  ✓  1477 [webkit] › e2e/a11y.spec.ts:40:26 › all planned views · light › /governance/secret-triage (2.2s)
  ✓  1476 [webkit] › e2e/a11y.spec.ts:40:26 › all planned views · light › /connection/recovery (2.4s)
  ✓  1478 [webkit] › e2e/a11y.spec.ts:40:26 › all planned views · light › /governance/reviewer-eligibility (2.3s)
  ✓  1479 [webkit] › e2e/a11y.spec.ts:40:26 › all planned views · light › /governance/signature-history (2.3s)
  ✓  1480 [webkit] › e2e/a11y.spec.ts:40:26 › all planned views · light › /connection/pr-reconcile (2.2s)
  ✓  1481 [webkit] › e2e/a11y.spec.ts:40:26 › all planned views · light › /governance/acceptance (2.4s)
  ✓  1482 [webkit] › e2e/a11y.spec.ts:40:26 › all planned views · light › /execution/cleanup (2.4s)
  ✓  1483 [webkit] › e2e/a11y.spec.ts:40:26 › all planned views · light › /tenancy/offboarding (2.3s)
  ✓  1485 [webkit] › e2e/a11y.spec.ts:40:26 › all planned views · light › /observer/incident-recovery (2.0s)
  ✓  1484 [webkit] › e2e/a11y.spec.ts:40:26 › all planned views · light › /configuration/policy-impact (2.4s)
  ✓  1486 [webkit] › e2e/a11y.spec.ts:40:26 › all planned views · light › /code/business-states (2.2s)
  ✓  1487 [webkit] › e2e/a11y.spec.ts:40:26 › all planned views · light › /code/design-journeys (2.2s)
  ✓  1488 [webkit] › e2e/a11y.spec.ts:40:26 › all planned views · light › /code/code-symbols (2.3s)
  ✓  1489 [webkit] › e2e/a11y.spec.ts:40:26 › all planned views · light › /memory/ai-context (2.2s)
  ✓  1490 [webkit] › e2e/a11y.spec.ts:40:26 › all planned views · light › /code/ide-states (2.4s)
  ✓  1491 [webkit] › e2e/a11y.spec.ts:40:26 › all planned views · light › /tenancy/organizations (2.4s)
  ✓  1493 [webkit] › e2e/a11y.spec.ts:40:26 › all planned views · light › /tenancy/workspace-settings (2.4s)
  ✓  1492 [webkit] › e2e/a11y.spec.ts:40:26 › all planned views · light › /tenancy/workspaces (2.6s)
  ✓  1494 [webkit] › e2e/a11y.spec.ts:40:26 › all planned views · light › /workflow/workflow-templates (2.0s)
  ✓  1495 [webkit] › e2e/a11y.spec.ts:40:26 › all planned views · light › /specifications/conflicts (2.1s)
  ✓  1496 [webkit] › e2e/a11y.spec.ts:40:26 › all planned views · light › /memory/memory-layers (2.0s)
  ✓  1497 [webkit] › e2e/a11y.spec.ts:40:26 › all planned views · light › /governance/risk-review (2.1s)
  ✓  1498 [webkit] › e2e/a11y.spec.ts:40:26 › all planned views · light › /workflow/wf-review (2.2s)
  ✓  1499 [webkit] › e2e/a11y.spec.ts:40:26 › all planned views · light › /specifications/ide-journeys (2.5s)
  ✓  1500 [webkit] › e2e/a11y.spec.ts:40:26 › all planned views · light › /tenancy/scope-workspaces (2.2s)
  ✓  1501 [webkit] › e2e/a11y.spec.ts:40:26 › all planned views · light › /execution/execution (2.4s)
  ✓  1502 [webkit] › e2e/a11y.spec.ts:40:26 › all planned views · light › /execution/execution-states (2.3s)
  ✓  1503 [webkit] › e2e/a11y.spec.ts:40:26 › all planned views · light › /observer/sign-in (1.5s)
  ✓  1504 [webkit] › e2e/a11y.spec.ts:40:26 › all planned views · light › /observer/obs-overview (1.8s)
  ✓  1505 [webkit] › e2e/a11y.spec.ts:40:26 › all planned views · light › /observer/traces (1.8s)
  ✓  1506 [webkit] › e2e/a11y.spec.ts:40:26 › all planned views · light › /observer/trace-detail (1.9s)
  ✓  1507 [webkit] › e2e/a11y.spec.ts:40:26 › all planned views · light › /observer/metrics (1.9s)
  ✓  1508 [webkit] › e2e/a11y.spec.ts:40:26 › all planned views · light › /observer/profiler (2.1s)
  ✓  1509 [webkit] › e2e/a11y.spec.ts:40:26 › all planned views · light › /observer/telemetry (2.1s)
  ✓  1510 [webkit] › e2e/a11y.spec.ts:40:26 › all planned views · light › /observer/infra (2.0s)
  ✓  1511 [webkit] › e2e/a11y.spec.ts:40:26 › all planned views · light › /observer/saturation (2.0s)
  ✓  1512 [webkit] › e2e/a11y.spec.ts:40:26 › all planned views · light › /observer/obs-audit (1.9s)
  ✓  1513 [webkit] › e2e/a11y.spec.ts:40:26 › all planned views · light › /observer/exports (1.9s)
  ✓  1514 [webkit] › e2e/a11y.spec.ts:40:26 › all planned views · light › /observer/index (1.9s)
  ✓  1515 [webkit] › e2e/a11y.spec.ts:40:26 › all planned views · light › /observer/data-quality (1.9s)
  ✓  1516 [webkit] › e2e/a11y.spec.ts:40:26 › all planned views · light › /observer/export-job (2.1s)
  ✓  1517 [webkit] › e2e/a11y.spec.ts:40:26 › all planned views · light › /observer/profile-compatibility (2.0s)
  ✓  1519 [webkit] › e2e/a11y.spec.ts:40:26 › all planned views · light › /identity/state-wrong-account (1.9s)
  ✓  1518 [webkit] › e2e/a11y.spec.ts:40:26 › all planned views · light › /observer/diagnostic-handoff (2.0s)
  ✓  1520 [webkit] › e2e/a11y.spec.ts:40:26 › all planned views · light › /identity/state-expired-invitation (2.0s)
  ✓  1521 [webkit] › e2e/a11y.spec.ts:40:26 › all planned views · light › /home/state-access-changed (2.5s)
  ✓  1522 [webkit] › e2e/a11y.spec.ts:40:26 › all planned views · light › /code/state-repo-disconnected (2.5s)
  ✓  1523 [webkit] › e2e/a11y.spec.ts:40:26 › all planned views · light › /gateway/state-budget-blocked (2.3s)
  ✓  1524 [webkit] › e2e/a11y.spec.ts:40:26 › all planned views · light › /agents/state-resource-revoked (2.2s)
  ✓  1525 [webkit] › e2e/a11y.spec.ts:40:26 › all planned views · light › /memory/state-memory-deprecated (2.3s)
  ✓  1526 [webkit] › e2e/a11y.spec.ts:40:26 › all planned views · light › /specifications/state-offline-draft (2.4s)
  ✓  1527 [webkit] › e2e/a11y.spec.ts:40:26 › all planned views · light › /governance/state-merge-stale (2.4s)
  ✓  1528 [webkit] › e2e/a11y.spec.ts:40:26 › all planned views · light › /home/state-input-superseded (2.2s)
  ✓  1529 [webkit] › e2e/a11y.spec.ts:40:26 › all planned views · light › /code/state-empty-repository (2.3s)
  ✓  1530 [webkit] › e2e/a11y.spec.ts:40:26 › all planned views · light › /home/state-generation-failed (2.2s)
  ✓  1531 [webkit] › e2e/a11y.spec.ts:40:26 › all planned views · light › /home/state-checkpoint-required (2.3s)
  ✓  1532 [webkit] › e2e/a11y.spec.ts:40:26 › all planned views · light › /home/state-artifact-not-durable (2.1s)
  ✓  1533 [webkit] › e2e/a11y.spec.ts:40:26 › all planned views · light › /execution/state-snapshot-unavailable (2.1s)
  ✓  1534 [webkit] › e2e/a11y.spec.ts:40:26 › all planned views · light › /code/state-scanner-unavailable (2.3s)
  ✓  1535 [webkit] › e2e/a11y.spec.ts:40:26 › all planned views · light › /governance/state-secret-confirmed (2.3s)
  ✓  1536 [webkit] › e2e/a11y.spec.ts:40:26 › all planned views · light › /identity/state-reviewer-missing (2.3s)
  ✓  1537 [webkit] › e2e/a11y.spec.ts:40:26 › all planned views · light › /home/state-old-head-ci (2.4s)
  ✓  1538 [webkit] › e2e/a11y.spec.ts:40:26 › all planned views · light › /home/state-pr-unknown (1.9s)
  ✓  1539 [webkit] › e2e/a11y.spec.ts:40:26 › all planned views · light › /governance/state-partial-merge (2.3s)
  ✓  1540 [webkit] › e2e/a11y.spec.ts:40:26 › all planned views · light › /governance/state-acceptance-failed (2.2s)
  ✓  1541 [webkit] › e2e/a11y.spec.ts:40:26 › all planned views · light › /governance/state-verification-unknown (2.1s)
  ✓  1542 [webkit] › e2e/a11y.spec.ts:40:26 › all planned views · light › /execution/state-cleanup-held (2.1s)
  ✓  1543 [webkit] › e2e/a11y.spec.ts:40:26 › all planned views · light › /home/state-project-archived (2.3s)
  ✓  1544 [webkit] › e2e/a11y.spec.ts:40:26 › all planned views · light › /home/state-restore-reconcile (2.3s)
  ✓  1545 [webkit] › e2e/a11y.spec.ts:40:26 › all planned views · light › /specifications/ide-state-source-loading (2.2s)
  ✓  1546 [webkit] › e2e/a11y.spec.ts:40:26 › all planned views · light › /specifications/ide-state-source-failed (2.7s)
  ✓  1547 [webkit] › e2e/a11y.spec.ts:40:26 › all planned views · light › /specifications/ide-state-source-denied (2.2s)
  ✓  1548 [webkit] › e2e/a11y.spec.ts:40:26 › all planned views · light › /specifications/ide-state-source-empty (2.1s)
  ✓  1549 [webkit] › e2e/a11y.spec.ts:40:26 › all planned views · light › /specifications/ide-state-binary-file (2.1s)
  ✓  1550 [webkit] › e2e/a11y.spec.ts:40:26 › all planned views · light › /specifications/ide-state-large-file (2.1s)
  ✓  1551 [webkit] › e2e/a11y.spec.ts:40:26 › all planned views · light › /code/ide-state-stale-index (2.0s)
  ✓  1552 [webkit] › e2e/a11y.spec.ts:40:26 › all planned views · light › /code/ide-state-partial-index (2.5s)
  ✓  1553 [webkit] › e2e/a11y.spec.ts:40:26 › all planned views · light › /specifications/ide-state-offline-draft (2.5s)
  ✓  1554 [webkit] › e2e/a11y.spec.ts:40:26 › all planned views · light › /specifications/ide-state-dirty-tab (2.3s)
  ✓  1555 [webkit] › e2e/a11y.spec.ts:40:26 › all planned views · light › /specifications/ide-state-frozen-draft (2.4s)
  ✓  1556 [webkit] › e2e/a11y.spec.ts:40:26 › all planned views · light › /memory/ide-state-stale-context (2.3s)
  ✓  1557 [webkit] › e2e/a11y.spec.ts:40:26 › all planned views · light › /governance/v6-state-spec-acceptance (2.2s)
  ✓  1558 [webkit] › e2e/a11y.spec.ts:40:26 › all planned views · light › /code/v6-state-code-linked-spec (2.1s)
  ✓  1559 [webkit] › e2e/a11y.spec.ts:40:26 › all planned views · light › /memory/v6-state-greenfield-context (2.2s)
  ✓  1560 [webkit] › e2e/a11y.spec.ts:40:26 › all planned views · light › /memory/v6-state-context-confirm (2.4s)
  ✓  1561 [webkit] › e2e/a11y.spec.ts:40:26 › all planned views · light › /workflow/v6-state-multi-spec-plan (2.2s)
  ✓  1562 [webkit] › e2e/a11y.spec.ts:40:26 › all planned views · light › /memory/v6-state-context-review (2.5s)
  ✓  1563 [webkit] › e2e/a11y.spec.ts:40:26 › all planned views · light › /memory/v6-state-context-revoked (2.3s)
  ✓  1564 [webkit] › e2e/a11y.spec.ts:40:26 › all planned views · light › /memory/v6-state-scope-confirm (2.3s)
  ✓  1565 [webkit] › e2e/a11y.spec.ts:40:26 › all planned views · light › /execution/execution-state-empty (2.6s)
  ✓  1566 [webkit] › e2e/a11y.spec.ts:40:26 › all planned views · light › /execution/execution-state-parallel (3.0s)
  ✓  1567 [webkit] › e2e/a11y.spec.ts:40:26 › all planned views · light › /execution/execution-state-checkpoint (2.7s)
  ✓  1568 [webkit] › e2e/a11y.spec.ts:40:26 › all planned views · light › /execution/execution-state-failed (2.3s)
  ✓  1569 [webkit] › e2e/a11y.spec.ts:40:26 › all planned views · light › /gateway/execution-state-budget (2.2s)
  ✓  1570 [webkit] › e2e/a11y.spec.ts:40:26 › all planned views · light › /execution/execution-state-paused (2.4s)
  ✓  1571 [webkit] › e2e/a11y.spec.ts:40:26 › all planned views · light › /execution/execution-state-cleanup-error (2.2s)
  ✓  1573 [webkit] › e2e/a11y.spec.ts:40:26 › all planned views · light › /execution/execution-detail-terminal (2.0s)
  ✓  1572 [webkit] › e2e/a11y.spec.ts:40:26 › all planned views · light › /execution/execution-state-completed (2.1s)
  ✓  1574 [webkit] › e2e/a11y.spec.ts:40:26 › all planned views · light › /execution/execution-detail-artifacts (2.1s)
  ✓  1575 [webkit] › e2e/a11y.spec.ts:40:26 › all planned views · light › /memory/execution-detail-memory (2.5s)
  ✓  1576 [webkit] › e2e/a11y.spec.ts:40:26 › all planned views · light › /execution/execution-command-requested (2.2s)
  ✓  1577 [webkit] › e2e/a11y.spec.ts:40:26 › all planned views · light › /execution/execution-command-accepted (2.1s)
  ✓  1578 [webkit] › e2e/a11y.spec.ts:40:26 › all planned views · light › /connection/execution-command-outcome-unknown (2.1s)
  ✓  1579 [webkit] › e2e/a11y.spec.ts:40:26 › all planned views · light › /execution/execution-dialog-checkpoint (2.2s)
  ✓  1580 [webkit] › e2e/a11y.spec.ts:40:26 › all planned views · light › /execution/execution-dialog-cancel (2.7s)
  ✓  1581 [webkit] › e2e/a11y.spec.ts:40:26 › all planned views · light › /execution/execution-dialog-resume (2.8s)
  ✓  1582 [webkit] › e2e/a11y.spec.ts:40:26 › all planned views · light › /execution/execution-dialog-retry (2.6s)
  ✓  1583 [webkit] › e2e/a11y.spec.ts:40:26 › all planned views · light › /execution/execution-agent-t-01 (2.3s)
  ✓  1584 [webkit] › e2e/a11y.spec.ts:40:26 › all planned views · light › /execution/execution-agent-t-03 (2.3s)
  ✓  1585 [webkit] › e2e/a11y.spec.ts:40:26 › all planned views · light › /execution/execution-agent-t-04 (2.5s)
  ✓  1586 [webkit] › e2e/a11y.spec.ts:40:26 › all planned views · light › /execution/execution-agent-t-05 (2.7s)
  ✓  1587 [webkit] › e2e/a11y.spec.ts:40:26 › all planned views · light › /execution/execution-agent-t-06 (2.7s)
  ✓  1588 [webkit] › e2e/a11y.spec.ts:40:26 › all planned views · light › /execution/execution-agent-t-07 (2.3s)
  ✓  1589 [webkit] › e2e/a11y.spec.ts:40:26 › all planned views · light › /workflow/execution-inspector-context (2.3s)
  ✓  1590 [webkit] › e2e/a11y.spec.ts:40:26 › all planned views · light › /workflow/execution-inspector-access (2.3s)
  ✓  1591 [webkit] › e2e/a11y.spec.ts:40:26 › all planned views · light › /execution/execution-dialog-snapshot (2.1s)
  ✓  1593 [webkit] › e2e/a11y.spec.ts:40:26 › all planned views · light › /workflow/execution-dialog-manifest (2.0s)
  ✓  1592 [webkit] › e2e/a11y.spec.ts:40:26 › all planned views · light › /workflow/execution-dialog-lineage (2.2s)
  ✓  1595 [webkit] › e2e/a11y.spec.ts:40:26 › all planned views · light › /execution/execution-command-approve-gate-requested (2.3s)
  ✓  1594 [webkit] › e2e/a11y.spec.ts:40:26 › all planned views · light › /identity/execution-permission-viewer (2.4s)
  ✓  1596 [webkit] › e2e/a11y.spec.ts:40:26 › all planned views · light › /execution/execution-command-cancel-requested (1.9s)
  ✓  1597 [webkit] › e2e/a11y.spec.ts:40:26 › all planned views · light › /execution/execution-command-resume-requested (2.1s)
  ✓  1598 [webkit] › e2e/a11y.spec.ts:40:26 › all planned views · light › /execution/execution-command-retry-requested (2.3s)
  ✓  1599 [webkit] › e2e/archive.spec.ts:3:1 › memory hub searches knowledge type and keeps saved episodic drafts in its review queue (4.4s)
  ✓  1601 [webkit] › e2e/definitions.spec.ts:43:1 › unsaved changes are guarded on navigation (2.2s)
  ✓  1600 [webkit] › e2e/definitions.spec.ts:3:1 › author, validate, save, compare and archive a definition (5.0s)
  ✓  1603 [webkit] › e2e/definitions.spec.ts:81:1 › agents workbench follows the Figma frame: tabs, gated lifecycle, readiness and versions (5.3s)
  ✓  1604 [webkit] › e2e/definitions.spec.ts:117:1 › own saves never raise a conflict; a save from another tab does (3.5s)
PARITY home 18/18
  ✓  1605 [webkit] › e2e/figma-parity.spec.ts:64:3 › figma parity home (1.6s)
PARITY specifications 27/27
  ✓  1606 [webkit] › e2e/figma-parity.spec.ts:64:3 › figma parity specifications (3.3s)
PARITY code 17/17
  ✓  1607 [webkit] › e2e/figma-parity.spec.ts:64:3 › figma parity code (3.4s)
PARITY collaboration 29/29
  ✓  1608 [webkit] › e2e/figma-parity.spec.ts:64:3 › figma parity collaboration (1.6s)
PARITY agents 21/21
  ✓  1609 [webkit] › e2e/figma-parity.spec.ts:64:3 › figma parity agents (2.0s)
PARITY resources 18/19 missing: Endpoint / artifact reference
  ✓  1610 [webkit] › e2e/figma-parity.spec.ts:64:3 › figma parity resources (2.9s)
PARITY workflow 17/17
  ✓  1611 [webkit] › e2e/figma-parity.spec.ts:64:3 › figma parity workflow (2.3s)
PARITY memory 20/22 missing: Source revision / snapshot | Source digest
  ✓  1612 [webkit] › e2e/figma-parity.spec.ts:64:3 › figma parity memory (1.8s)
PARITY execution 35/35
  ✓  1613 [webkit] › e2e/figma-parity.spec.ts:64:3 › figma parity execution (1.6s)
PARITY governance 35/35
  ✓  1614 [webkit] › e2e/figma-parity.spec.ts:64:3 › figma parity governance (1.6s)
PARITY gateway 31/31
  ✓  1615 [webkit] › e2e/figma-parity.spec.ts:64:3 › figma parity gateway (1.6s)
PARITY configuration 18/21 missing: Proposed scope | Policy JSON | Rollback proposal
  ✓  1616 [webkit] › e2e/figma-parity.spec.ts:64:3 › figma parity configuration (1.8s)
PARITY identity 28/28
  ✓  1617 [webkit] › e2e/figma-parity.spec.ts:64:3 › figma parity identity (1.4s)
PARITY tenancy 27/27
  ✓  1618 [webkit] › e2e/figma-parity.spec.ts:64:3 › figma parity tenancy (1.6s)
PARITY saas 30/30
  ✓  1619 [webkit] › e2e/figma-parity.spec.ts:64:3 › figma parity saas (1.6s)
PARITY desktop 31/31
  ✓  1620 [webkit] › e2e/figma-parity.spec.ts:64:3 › figma parity desktop (1.5s)
PARITY observer 30/30
  ✓  1621 [webkit] › e2e/figma-parity.spec.ts:64:3 › figma parity observer (1.2s)
PARITY connection 19/19
  ✓  1622 [webkit] › e2e/figma-parity.spec.ts:64:3 › figma parity connection (1.4s)
  ✓  1602 [webkit] › e2e/definitions.spec.ts:65:1 › every definition type can be created with defaults (FND-004) (43.8s)
  ✓  1624 [webkit] › e2e/ides.spec.ts:63:1 › specifications: preview never runs scripts from Markdown (5.5s)
  ✓  1623 [webkit] › e2e/ides.spec.ts:4:1 › specifications: create, edit, save, outline, preview, history (8.8s)
  ✓  1625 [webkit] › e2e/ides.spec.ts:84:1 › code intelligence: import folder, search, outline symbols (5.6s)
  ✓  1627 [webkit] › e2e/native-states.spec.ts:5:3 › native state SP-Catalog · dark (2.5s)
  ✓  1628 [webkit] › e2e/native-states.spec.ts:5:3 › native state SP-Conflict · dark (2.7s)
  ✓  1626 [webkit] › e2e/ides.spec.ts:119:1 › workflow: tasks, pinned agent, cycle detection, save (9.2s)
  ✓  1629 [webkit] › e2e/native-states.spec.ts:5:3 › native state SP-Freeze · dark (2.5s)
  ✓  1630 [webkit] › e2e/native-states.spec.ts:5:3 › native state CI-Coverage · dark (2.7s)
  ✓  1631 [webkit] › e2e/native-states.spec.ts:5:3 › native state AG-Readiness · dark (2.6s)
  ✓  1632 [webkit] › e2e/native-states.spec.ts:5:3 › native state AG-Guardrails · dark (2.6s)
  ✓  1633 [webkit] › e2e/native-states.spec.ts:5:3 › native state RS-MCP · dark (2.5s)
  ✓  1634 [webkit] › e2e/native-states.spec.ts:5:3 › native state MM-Context · dark (2.7s)
  ✓  1635 [webkit] › e2e/native-states.spec.ts:5:3 › native state WF-Task · dark (2.6s)
  ✓  1636 [webkit] › e2e/native-states.spec.ts:5:3 › native state EX-TaskAttempt · dark (2.6s)
  ✓  1637 [webkit] › e2e/native-states.spec.ts:5:3 › native state CMD-Unknown · dark (2.7s)
  ✓  1638 [webkit] › e2e/native-states.spec.ts:5:3 › native state EX-Cleanup · dark (2.4s)
  ✓  1639 [webkit] › e2e/native-states.spec.ts:5:3 › native state RV-Acceptance · dark (2.4s)
  ✓  1640 [webkit] › e2e/native-states.spec.ts:5:3 › native state IAM-Scope · dark (2.5s)
  ✓  1641 [webkit] › e2e/native-states.spec.ts:5:3 › native state CFG-Policy · dark (2.3s)
  ✓  1642 [webkit] › e2e/native-states.spec.ts:5:3 › native state SAAS-Budget · dark (2.4s)
  ✓  1643 [webkit] › e2e/native-states.spec.ts:5:3 › native state DT-Unavailable · dark (2.4s)
  ✓  1644 [webkit] › e2e/native-states.spec.ts:5:3 › native state OB-Stale · dark (2.4s)
  ✓  1645 [webkit] › e2e/native-states.spec.ts:5:3 › native state SP-Catalog · light (2.9s)
  ✓  1646 [webkit] › e2e/native-states.spec.ts:5:3 › native state SP-Conflict · light (3.0s)
  ✓  1647 [webkit] › e2e/native-states.spec.ts:5:3 › native state SP-Freeze · light (3.1s)
  ✓  1648 [webkit] › e2e/native-states.spec.ts:5:3 › native state CI-Coverage · light (2.7s)
  ✓  1649 [webkit] › e2e/native-states.spec.ts:5:3 › native state AG-Readiness · light (2.5s)
  ✓  1650 [webkit] › e2e/native-states.spec.ts:5:3 › native state AG-Guardrails · light (2.5s)
  ✓  1651 [webkit] › e2e/native-states.spec.ts:5:3 › native state RS-MCP · light (2.5s)
  ✓  1652 [webkit] › e2e/native-states.spec.ts:5:3 › native state MM-Context · light (2.6s)
  ✓  1653 [webkit] › e2e/native-states.spec.ts:5:3 › native state WF-Task · light (2.7s)
  ✓  1654 [webkit] › e2e/native-states.spec.ts:5:3 › native state EX-TaskAttempt · light (2.8s)
  ✓  1655 [webkit] › e2e/native-states.spec.ts:5:3 › native state CMD-Unknown · light (2.6s)
  ✓  1656 [webkit] › e2e/native-states.spec.ts:5:3 › native state EX-Cleanup · light (2.4s)
  ✓  1657 [webkit] › e2e/native-states.spec.ts:5:3 › native state RV-Acceptance · light (2.5s)
  ✓  1658 [webkit] › e2e/native-states.spec.ts:5:3 › native state IAM-Scope · light (2.5s)
  ✓  1659 [webkit] › e2e/native-states.spec.ts:5:3 › native state CFG-Policy · light (2.4s)
  ✓  1660 [webkit] › e2e/native-states.spec.ts:5:3 › native state SAAS-Budget · light (2.5s)
  ✓  1661 [webkit] › e2e/native-states.spec.ts:5:3 › native state DT-Unavailable · light (2.6s)
  ✓  1662 [webkit] › e2e/native-states.spec.ts:5:3 › native state OB-Stale · light (2.5s)
REALTIME {"presenceObservedMs":364,"environment":"local protocol peer"}
  ✓  1663 [webkit] › e2e/realtime.spec.ts:137:1 › presence arrives through its scoped endpoint and expires from resolved policy (3.5s)
  ✓  1664 [webkit] › e2e/realtime.spec.ts:208:1 › scoped DAG, terminal and structured thoughts reject gaps without replaying commands (7.2s)
REALTIME {"crdtPeerObservedMs":141,"environment":"local protocol peer"}
  ✓  1666 [webkit] › e2e/realtime.spec.ts:401:1 › Observer does not restore workspace authority and has independent grants (4.0s)
  ✓  1665 [webkit] › e2e/realtime.spec.ts:303:1 › Yjs synchronizes two Monaco editors and closes editing on disconnect (9.6s)
  -  1668 [webkit] › e2e/release.spec.ts:7:1 › every file matches the release manifest byte-for-byte
  -  1669 [webkit] › e2e/release.spec.ts:24:1 › security headers and caching
  -  1670 [webkit] › e2e/release.spec.ts:37:1 › client routes serve the app; missing files are 404
  ✓  1667 [webkit] › e2e/realtime.spec.ts:448:1 › resolved policy overrides drive risk and three budget classifications (2.7s)
  ✓  1671 [webkit] › e2e/scene.spec.ts:8:3 › dedicated ide template without service (2.5s)
  ✓  1672 [webkit] › e2e/scene.spec.ts:8:3 › dedicated review template without service (2.4s)
  ✓  1673 [webkit] › e2e/scene.spec.ts:8:3 › dedicated table template without service (2.6s)
  ✓  1674 [webkit] › e2e/scene.spec.ts:8:3 › dedicated statepattern template without service (2.3s)
  ✓  1675 [webkit] › e2e/scene.spec.ts:8:3 › dedicated run template without service (2.5s)
  ✓  1676 [webkit] › e2e/scene.spec.ts:8:3 › dedicated observer template without service (2.2s)
  ✓  1677 [webkit] › e2e/scene.spec.ts:8:3 › dedicated trace template without service (2.3s)
  ✓  1678 [webkit] › e2e/scene.spec.ts:8:3 › dedicated terminal template without service (2.1s)
  ✓  1679 [webkit] › e2e/scene.spec.ts:8:3 › dedicated diff template without service (2.2s)
  ✓  1680 [webkit] › e2e/scene.spec.ts:8:3 › dedicated merge template without service (2.2s)
  ✓  1681 [webkit] › e2e/scene.spec.ts:8:3 › dedicated plan template without service (2.1s)
  ✓  1682 [webkit] › e2e/scene.spec.ts:8:3 › dedicated tasklist template without service (2.3s)
  ✓  1683 [webkit] › e2e/scene.spec.ts:8:3 › dedicated workflow template without service (2.3s)
  ✓  1684 [webkit] › e2e/scene.spec.ts:8:3 › dedicated palette template without service (2.5s)
  ✓  1685 [webkit] › e2e/scene.spec.ts:29:1 › mobile IDE reveals imported source and switches panels without document overflow (3.3s)
  ✓  1686 [webkit] › e2e/scope-presence.spec.ts:6:49 › scope switch Effective preserves command identity and checks readback (3.8s)
  ✓  1687 [webkit] › e2e/scope-presence.spec.ts:6:49 › scope switch Unknown preserves command identity and checks readback (2.9s)
  ✓  1688 [webkit] › e2e/service.spec.ts:117:1 › rejects credentials in the service URL (1.1s)
  ✓  1690 [webkit] › e2e/service.spec.ts:165:1 › server error after send is Unknown and never resent (2.6s)
  ✓  1689 [webkit] › e2e/service.spec.ts:129:1 › connect, inspect a record and send one command per activation (4.8s)
  ✓  1691 [webkit] › e2e/service.spec.ts:190:1 › session is restored after a reload from the service cookie session (2.5s)
  ✓  1692 [webkit] › e2e/service.spec.ts:200:1 › 401 ends the session with a single reconnect notice (FND-005) (1.6s)
  ✓  1694 [webkit] › e2e/shell.spec.ts:29:1 › command palette searches views and navigates (2.1s)
  ✓  1695 [webkit] › e2e/shell.spec.ts:44:1 › help dialog opens with ? and returns focus (2.0s)
  ✘  1693 [webkit] › e2e/shell.spec.ts:3:1 › skip link, route focus, title and breadcrumb (5.9s)
  ✓  1696 [webkit] › e2e/shell.spec.ts:61:1 › theme preference persists across reloads (1.1s)
(node:141582) Warning: The 'NO_COLOR' env is ignored due to the 'FORCE_COLOR' env being set.
(Use `node --trace-warnings ...` to show where the warning was created)
(node:141582) Warning: The 'NO_COLOR' env is ignored due to the 'FORCE_COLOR' env being set.
(Use `node --trace-warnings ...` to show where the warning was created)
  ✓  1698 [webkit] › e2e/shell.spec.ts:74:1 › unknown route shows a not-found page inside the shell (1.0s)
  ✓  1697 [webkit] › e2e/shell.spec.ts:89:3 › mobile › navigation drawer (2.1s)
  ✓  1699 [webkit] › e2e/shell.spec.ts:113:3 › no horizontal overflow at 320px (5.3s)
  ✓  1700 [webkit] › e2e/shell.spec.ts:113:3 › no horizontal overflow at 768px (5.3s)
  ✓  1702 [webkit] › e2e/shell.spec.ts:113:3 › no horizontal overflow at 1280px (5.5s)
  ✓  1701 [webkit] › e2e/shell.spec.ts:113:3 › no horizontal overflow at 1024px (5.7s)
  ✓  1704 [webkit] › e2e/shell.spec.ts:127:1 › mobile breadcrumb labels stay within the header and scope remains compact (819ms)
  ✓  1703 [webkit] › e2e/shell.spec.ts:113:3 › no horizontal overflow at 1920px (5.7s)


  1) [webkit] › e2e/shell.spec.ts:3:1 › skip link, route focus, title and breadcrumb ───────────────

    Error: [2mexpect([22m[31mlocator[39m[2m).[22mtoBeFocused[2m([22m[2m)[22m failed

    Locator:  getByRole('link', { name: 'Skip to workspace' })
    Expected: focused
    Received: inactive
    Timeout:  5000ms

    Call log:
    [2m  - Expect "toBeFocused" with timeout 5000ms[22m
    [2m  - waiting for getByRole('link', { name: 'Skip to workspace' })[22m
    [2m    8 × locator resolved to <a href="#main" class="skip-link">Skip to workspace</a>[22m
    [2m      - unexpected value "inactive"[22m


       6 |   await page.goto('/');
       7 |   await page.keyboard.press('Tab');
    >  8 |   await expect(page.getByRole('link', { name: 'Skip to workspace' })).toBeFocused();
         |                                                                       ^
       9 |   await page.keyboard.press('Enter');
      10 |   await expect(page.locator('h1')).toBeFocused();
      11 |   await page.getByRole('navigation', { name: 'Workspace' }).getByRole('link', { name: 'Runs & activity' }).click();
        at /workspace/scratch/a98056651892/project/frontend-claude-sharp-thompson-5tff91/frontend/atlas-web/e2e/shell.spec.ts:8:71

    Error Context: test-results/acceptance/20261008-local-03/functional/shell-skip-link-route-focus-title-and-breadcrumb-webkit/error-context.md

    attachment #2: trace (application/zip) ─────────────────────────────────────────────────────────
    test-results/acceptance/20261008-local-03/functional/shell-skip-link-route-focus-title-and-breadcrumb-webkit/trace.zip
    Usage:

        npx playwright show-trace test-results/acceptance/20261008-local-03/functional/shell-skip-link-route-focus-title-and-breadcrumb-webkit/trace.zip

    ────────────────────────────────────────────────────────────────────────────────────────────────

  1 failed
    [webkit] › e2e/shell.spec.ts:3:1 › skip link, route focus, title and breadcrumb ────────────────
  9 skipped
  1694 passed (27.7m)
